date,open,high,low,close,adj_close,volume,adjustment_factor,adjusted_open,adjusted_high,adjusted_low,adjusted_close,total_return_index,cash_dividend,split_ratio,split_adjusted_open,split_adjusted_high,split_adjusted_low,split_adjusted_close,gross_return,trading_value,nav,issuer_market_price,official_close,official_close_source,close_difference,margin_balance,short_balance,institutional_net,foreign_net,trust_net,dealer_net,institutional_available,outstanding_units,distribution_yield_ttm,feature_available_date,ret_1,ret_5,ret_20,ret_60,ma_gap_20,ma_gap_60,rsi_14,bollinger_z_20,drawdown_60,volatility_20,volume_z_20,premium_discount,dividend_yield_ttm,margin_change_5,short_change_5,institutional_net_ratio,institutional_data_available,fund_flow_5,trading_day,month_progress,weekday_sin,weekday_cos,month,days_in_month,oracle_adjusted_open,oracle_date,regret,is_oracle,near_optimal,remaining_min_adjusted_open,previous_adjusted_close,remaining_min_log_ratio,tsm_lead_ret,sox_lead_ret,usd_twd_up,usd_twd_up_streak3,tsm_dump,sox_dump,tsm_dump_1pct,tsm_not_dump,fx_not_depreciating,fx_not_up,near_probability,predicted_remaining_log_ratio,reservation_adjusted,reservation_raw,training_through,feature_set,analysis_signature,forced,strategy
2013-07-31,54.24,54.57,54.12,54.17,40.88,134300,0.7546612516152852,40.93282628761307,41.181864500646114,40.84226693741923,40.88,120.69678181281373,0.0,1.0,54.24,54.57,54.12,54.17,1.0012245897624297,7275031.0,54.17,54.17,54.17,FinMind USStockPrice,0.0,0.0,0.0,0.0,0.0,0.0,0.0,False,1.0,0.0321618423269893,2013-08-01,-0.000734214390602,-0.0099418040737148,0.0418474100535852,0.0078992841273759,0.0089453395275278,0.0157095414007986,71.08433734939771,0.4826254843835566,-0.014720077220077,0.0942896921356228,-0.5505135014910142,0.0,0.0321975050610425,,,0.0,0.0,0.0,22,1.0,0.5877852522924732,-0.8090169943749473,2013-07,22,38.7909530253238,2013-07-03,0.0552157937674537,False,False,40.93282628761307,40.83,0.0025152345262972,0.0164880461665291,0.0119582100985167,1.0,0.0,False,False,False,True,True,False,0.3292214630879149,-0.0007138706907022,41.0048673762441,54.33546149146631,2013-06,technical_calendar,ba5fee639dad4dc54839faefdc40c3d8ff99f8d74856e0890ae3c45c887d153a,True,technical_calendar
2013-08-27,53.5,53.51,52.97,53.01,40.0,343300,0.7545746085644218,40.369741558196566,40.37728730428221,39.96981701565743,40.0,118.098612341305,0.0,1.0,53.5,53.51,52.97,53.01,0.9823182711198428,18198333.0,53.01,53.01,53.01,FinMind USStockPrice,0.0,0.0,0.0,0.0,0.0,0.0,0.0,False,1.0,0.0328656291049426,2013-08-28,-0.0046443412368613,0.0034499753573187,-0.0034263338228096,0.0195292939409112,-0.0082201790172318,0.0113168809450878,41.58730158730151,-0.9373237259545966,-0.0197400096292729,0.1012124200148792,2.7283216343043377,0.0,0.0322870088742218,,,0.0,0.0,0.0,19,0.8709677419354839,0.9510565162951536,0.3090169943749474,2013-08,22,39.98454322847994,2013-08-28,0.0096336808830232,False,False,39.98454322847994,40.72,-0.0182264120955043,0.002546689303905,-0.0019404079168642,0.0,0.0,False,True,False,True,True,True,0.5744728962383973,-0.0038200906809942,40.76756635808903,54.02721731605748,2013-07,technical_calendar,ba5fee639dad4dc54839faefdc40c3d8ff99f8d74856e0890ae3c45c887d153a,False,technical_calendar
2013-09-30,55.19,55.66,55.19,55.55,42.1,298300,0.757875787578758,41.82716471647165,42.18336633663367,41.82716471647165,42.1,124.29878948922352,0.0,1.0,55.19,55.66,55.19,55.55,0.993862134088763,16570565.0,55.55,55.55,55.55,FinMind USStockPrice,0.0,0.0,0.0,0.0,0.0,0.0,0.0,False,1.0,0.0252363567921132,2013-10-01,-0.0032941176470587,-0.0042313117066291,0.0568862275449102,0.0850409836065575,0.0134456194076273,0.0299218724673389,65.58441558441558,0.6416486769573689,-0.016256386437529,0.109859434991165,-0.0253349871812598,0.0,0.0250828344927874,,,0.0,0.0,0.0,20,1.0,0.0,1.0,2013-09,20,40.34816224243549,2013-09-04,0.0366560059204044,False,False,41.82716471647165,42.36,-0.012658518679099,-0.0143084260731319,-0.0078834064401366,0.0,0.0,True,True,True,False,True,True,0.3335555022278317,3.842701504734068e-05,42.5734359386311,56.17468803778996,2013-08,technical_calendar,ba5fee639dad4dc54839faefdc40c3d8ff99f8d74856e0890ae3c45c887d153a,True,technical_calendar
2013-10-07,55.35,55.61,55.23,55.36,41.96,228000,0.7579479768786127,41.952420520231215,42.14948699421965,41.86146676300578,41.96,123.88544434602896,0.0,1.0,55.35,55.61,55.23,55.36,0.9919621749408984,12622080.0,55.36,55.36,55.36,FinMind USStockPrice,0.0,0.0,0.0,0.0,0.0,0.0,0.0,False,1.0,0.0253229700108723,2013-10-08,0.0042735042735042,-0.0014164305949009,0.0357492654260529,0.0403344810624692,0.0012426770814839,0.023337580439656,52.84280936454856,0.1365924805143674,-0.0176497909893172,0.1109011635185228,0.6758902925348441,0.0,0.0251187891023452,,,0.0,0.0,0.0,5,0.2258064516129032,0.0,1.0,2013-10,23,41.73398870262391,2013-10-09,0.0052339070478919,False,False,41.73398870262391,42.3,-0.0134712124406514,-0.0015552099533436,0.0079384366140138,0.0,0.0,True,False,False,False,True,True,0.5424382720333532,-0.0126995465032317,41.97503685811404,55.37983890527153,2013-09,technical_calendar,ba5fee639dad4dc54839faefdc40c3d8ff99f8d74856e0890ae3c45c887d153a,False,technical_calendar
2013-11-29,58.53,58.74,58.49,58.5,44.34,203100,0.757948717948718,44.36273846153846,44.52190769230769,44.33242051282052,44.34,130.91231178033658,0.0,1.0,58.53,58.74,58.49,58.5,1.000677048070413,11881350.0,58.5,58.5,58.5,FinMind USStockPrice,0.0,0.0,0.0,0.0,0.0,0.0,0.0,False,1.0,0.0239637541846477,2013-12-02,0.0038513819664705,0.0109514031485282,0.0095693779904306,0.0900369003690038,0.0104211798508653,0.030185608555818,73.27935222672062,1.4606454747881414,0.0,0.0898575822912713,0.4226825907281996,0.0,0.0239801508690025,,,0.0,0.0,0.0,20,0.9666666666666668,-0.9510565162951536,0.3090169943749472,2013-11,20,43.120769498607245,2013-11-08,0.028802105745616,False,False,44.36273846153846,44.31,0.001189508042086,0.0070977917981072,0.0033246773685866,0.0,0.0,False,False,False,True,True,True,0.2602290010609218,-0.0025857575513722,44.41655095221629,58.60099753506208,2013-10,technical_calendar,ba5fee639dad4dc54839faefdc40c3d8ff99f8d74856e0890ae3c45c887d153a,True,technical_calendar
2013-12-31,59.3,59.44,59.21,59.4,45.31,593400,0.7627946127946128,45.23372053872054,45.34051178451178,45.16506902356903,45.31,133.77620312961324,0.0,1.0,59.3,59.44,59.21,59.4,1.0039884777309993,35247960.0,59.4,59.4,59.4,FinMind USStockPrice,0.0,0.0,0.0,0.0,0.0,0.0,0.0,False,1.0,0.0205021067037313,2014-01-02,0.002666074205732,0.0198870056497175,0.0178168696436626,0.071462488129155,0.0251226603670726,0.0329988936787088,68.10631229235892,1.9630984853037388,0.0,0.0989713758648002,-0.4051364857915032,0.0,0.0205852795503995,,,0.0,0.0,0.0,21,1.0,0.9510565162951536,0.3090169943749474,2013-12,21,43.34095688748685,2013-12-13,0.0436714781389646,False,False,45.23372053872054,45.13,0.0022956244752175,0.0183413078149921,0.0030379651294436,0.0,0.0,False,False,False,True,True,True,0.2136950598604524,0.0003471436828546,45.37139766057156,59.48049042237808,2013-11,technical_calendar,ba5fee639dad4dc54839faefdc40c3d8ff99f8d74856e0890ae3c45c887d153a,True,technical_calendar
2014-01-24,58.17,58.19,57.19,57.19,43.63,792900,0.7628956111208254,44.37763769889841,44.39289561112083,43.63,43.63,128.81606141127844,0.0,1.0,58.17,58.19,57.19,57.19,0.974318892362662,45345951.0,57.19,57.19,57.19,FinMind USStockPrice,0.0,0.0,0.0,0.0,0.0,0.0,0.0,False,1.0,0.0212943720615778,2014-01-27,-0.0092920353982299,-0.0073154511194856,0.0040358744394619,0.0186533212010919,-0.0028058611321426,0.0130534126642989,52.69230769230786,-0.5854199505216442,-0.0116971970867357,0.0923766217022726,0.862652866882998,0.0,0.0207430614580418,,,0.0,0.0,0.0,16,0.7741935483870968,-0.9510565162951536,0.3090169943749472,2014-01,21,43.21608527131782,2014-01-31,0.0268777798888577,False,False,43.21608527131782,44.78,-0.0355488409799914,-0.0138036809815951,-0.0109229729482894,1.0,0.0,True,True,True,False,True,False,0.5230022123267037,-0.0080263418172282,44.644129069158105,58.519315642107536,2013-12,technical_calendar,ba5fee639dad4dc54839faefdc40c3d8ff99f8d74856e0890ae3c45c887d153a,False,technical_calendar
2014-02-28,59.76,60.03,59.41,59.72,45.56,370700,0.7628935030140657,45.590515740120566,45.79649698593436,45.32350301406564,45.56,134.5143194567464,0.0,1.0,59.76,60.03,59.41,59.72,1.0028615452344267,22138204.0,59.72,59.72,59.72,FinMind USStockPrice,0.0,0.0,0.0,0.0,0.0,0.0,0.0,False,1.0,0.0203922494675425,2014-03-03,0.0035343494588027,0.0077639751552796,0.0489494343107825,0.0245827695083447,0.0251376478021481,0.0250065806791262,85.01742160278756,1.1872150382953848,0.0,0.1272350222576665,-0.6751803437091134,0.0,0.0204470305272269,,,0.0,0.0,0.0,19,1.0,-0.9510565162951536,0.3090169943749472,2014-02,19,42.64505259404528,2014-02-04,0.0690692815908631,False,False,45.590515740120566,45.43,0.0035270269612417,0.01003861003861,-0.0001240496907617,0.0,0.0,False,True,False,True,True,True,0.203460463123302,-0.0033957034365188,45.50237479291812,59.64446493926844,2014-01,technical_calendar,ba5fee639dad4dc54839faefdc40c3d8ff99f8d74856e0890ae3c45c887d153a,True,technical_calendar
2014-03-27,58.64,58.94,58.56,58.79,45.1,245000,0.7671372682428985,44.984929409763566,45.21507059023644,44.92355842830414,45.1,133.15618541482138,0.0,1.0,58.64,58.94,58.56,58.79,1.0024449877750612,14403550.0,58.79,58.79,58.79,FinMind USStockPrice,0.0,0.0,0.0,0.0,0.0,0.0,0.0,False,1.0,0.0237332212859094,2014-03-28,-0.0039849457604603,0.0015583259127338,-0.0061851115529046,-0.0004443457009551,-0.0056359818764502,0.0059550871648865,34.93589743589753,-0.6897562416993126,-0.0204659264097538,0.1144021111627851,-0.0428392190929603,0.0,0.023793930412664,,,0.0,0.0,0.0,19,0.8709677419354839,-0.587785252292473,-0.8090169943749475,2014-03,21,44.54846206425154,2014-03-14,0.0097975850408149,False,False,44.984929409763566,44.99,-0.0001127111802157,-0.0014398848092153,-0.0111067376311331,1.0,0.0,True,True,False,False,True,False,0.5145585230934785,-0.0042251001757915,45.02431531571801,58.69134140601024,2014-02,technical_calendar,ba5fee639dad4dc54839faefdc40c3d8ff99f8d74856e0890ae3c45c887d153a,False,technical_calendar
2014-04-30,59.85,60.16,59.71,60.11,46.11,1324700,0.7670936616203626,45.910555647978704,46.14835468308101,45.80316253535185,46.11,136.13817537643934,0.0,1.0,59.85,60.16,59.71,60.11,1.0034820457018498,79627717.0,60.11,60.11,60.11,FinMind USStockPrice,0.0,0.0,0.0,0.0,0.0,0.0,0.0,False,1.0,0.0232120459058163,2014-05-01,0.0050306211723534,-0.0013040643338405,0.0037134119702926,0.0612009237875288,0.0058115991200515,0.0178314320522758,55.466666666666704,0.7177124091153848,-0.0049805110437419,0.1132430833623967,-0.9243346356056656,0.0,0.0232973130639275,,,0.0,0.0,0.0,21,1.0,0.5877852522924732,-0.8090169943749473,2014-04,21,45.02026186022785,2014-04-14,0.0197754022514331,False,False,45.910555647978704,45.95,-0.0008587876301705,-0.0094979647218453,0.007809339547973,0.0,0.0,True,False,False,False,True,True,0.3080213801196306,0.0008195526732806,46.217612250499,60.25028567290165,2014-03,technical_calendar,ba5fee639dad4dc54839faefdc40c3d8ff99f8d74856e0890ae3c45c887d153a,True,technical_calendar
2014-05-30,61.46,61.46,61.23,61.34,47.06,317600,0.7671992174763612,47.15206390609716,47.15206390609716,46.97560808607759,47.06,138.94301741954533,0.0,1.0,61.46,61.46,61.23,61.34,0.9978795589482614,19481584.0,61.34,61.34,61.34,FinMind USStockPrice,0.0,0.0,0.0,0.0,0.0,0.0,0.0,False,1.0,0.0227465940560583,2014-06-02,0.006187326648176,0.0172562553925799,0.0227716330513987,0.0319474835886215,0.0161822060376219,0.029874213836478,68.49816849816824,2.4252445776172853,0.0,0.0673681697170544,1.4423953797257945,0.0,0.0226984883585264,,,0.0,0.0,0.0,21,0.967741935483871,-0.9510565162951536,0.3090169943749472,2014-05,21,46.03053435114504,2014-05-05,0.0243649040959748,False,False,47.15206390609716,47.16,-0.0001682943537206,-0.007920792079208,0.0021751497506945,0.0,0.0,True,False,False,False,True,True,0.2080771517781031,-0.0020722379658384,47.29768631637853,61.64981042598085,2014-04,technical_calendar,ba5fee639dad4dc54839faefdc40c3d8ff99f8d74856e0890ae3c45c887d153a,True,technical_calendar
2014-06-30,62.16,62.3,62.09,62.23,48.1,1468100,0.7729390968986021,48.0458942632171,48.15410573678291,47.991788526434206,48.1,142.01358134041925,0.0,1.0,62.16,62.3,62.09,62.23,1.001040582726327,91359863.0,62.23,62.23,62.23,FinMind USStockPrice,0.0,0.0,0.0,0.0,0.0,0.0,0.0,False,1.0,0.0226551529591934,2014-07-01,0.0033409897682186,-0.0014546965918538,0.0210369740756479,0.0404937202252055,0.00659893160155,0.0305814223667981,54.8780487804876,1.133012895996336,-0.0014546965918538,0.0503220055107794,-0.3817582717277594,0.0,0.0226770173500178,,,0.0,0.0,0.0,21,1.0,0.0,1.0,2014-06,21,47.10492282696994,2014-06-04,0.019976074256689,False,False,48.0458942632171,48.05,-8.545082632038789e-05,0.0124426981008514,0.0015757305659898,0.0,0.0,False,False,False,True,True,True,0.3178881128812573,6.671698486653485e-05,48.29347188735456,62.4803067681928,2014-05,technical_calendar,ba5fee639dad4dc54839faefdc40c3d8ff99f8d74856e0890ae3c45c887d153a,True,technical_calendar
2014-07-10,61.74,62.12,61.55,62.04,47.95,314900,0.7728884590586719,47.7181334622824,48.0118310767247,47.57128465506125,47.95,141.57071154413936,0.0,1.0,61.74,62.12,61.55,62.04,0.99337062357572,19536396.0,62.04,62.04,62.04,FinMind USStockPrice,0.0,0.0,0.0,0.0,0.0,0.0,0.0,False,1.0,0.0227245352780562,2014-07-11,0.004160599126274,-0.004947433518862,0.0087774294670848,0.0757744595498104,0.0049654913962711,0.028005537216484,56.65236051502154,0.7147553448200553,-0.0100492206726824,0.0642664275562702,-0.2948467569620842,0.0,0.022575342972788,,,0.0,0.0,0.0,7,0.3225806451612903,-0.587785252292473,-0.8090169943749475,2014-07,22,47.7181334622824,2014-07-10,0.0,True,True,47.7181334622824,48.27,-0.0114987675772791,-0.0067114093959731,0.0060998381675587,0.0,0.0,True,False,False,False,True,True,0.5030459583926362,-0.0057652796260703,48.23247317609968,62.40547728561467,2014-06,technical_calendar,ba5fee639dad4dc54839faefdc40c3d8ff99f8d74856e0890ae3c45c887d153a,False,technical_calendar
2014-08-29,62.64,62.78,62.51,62.76,48.51,202500,0.7729445506692161,48.4172466539197,48.525458891013386,48.31676386233269,48.51,143.22409211691763,0.0,1.0,62.64,62.78,62.51,62.76,1.0024798512089277,12708900.0,62.76,62.76,62.76,FinMind USStockPrice,0.0,0.0,0.0,0.0,0.0,0.0,0.0,False,1.0,0.0224638331524953,2014-09-02,-0.003295571575695,0.0031094527363184,0.0241269841269842,0.0247776365946632,0.0155299055613851,0.0099379789413633,86.2068965517243,1.190363070465889,-0.0075881870385561,0.0732698770982837,-0.5163976736716228,0.0,0.0225176516315382,,,0.0,0.0,0.0,21,0.935483870967742,-0.9510565162951536,0.3090169943749472,2014-08,21,46.52584417723604,2014-08-08,0.0406527277501624,False,False,48.4172466539197,48.39,0.0005629052696138,0.0,0.0030067181358346,0.0,0.0,False,False,False,True,True,True,0.2578246885640915,-0.0024860587899672,48.51119827336699,62.76155027080009,2014-07,technical_calendar,ba5fee639dad4dc54839faefdc40c3d8ff99f8d74856e0890ae3c45c887d153a,True,technical_calendar
2014-09-16,61.7,62.36,61.62,62.27,48.13,382700,0.7729243616508752,47.689433113859,48.199563192548574,47.62759916492693,48.13,142.10215529967525,0.0,1.0,61.7,62.36,61.62,62.27,1.0066931604266889,23830729.0,62.27,62.27,62.27,FinMind USStockPrice,0.0,0.0,0.0,0.0,0.0,0.0,0.0,False,1.0,0.0226406001068028,2014-09-17,-0.0020872469213107,-0.0109640049648325,0.0050451965524489,-0.0049947970863682,-0.0101244332180792,-0.0043282530448758,34.67336683417064,-2.00152817366938,-0.0194831829368334,0.0568876913075796,-0.5605001558569741,0.0,0.0227906590470515,,,0.0,0.0,0.0,11,0.5333333333333333,0.9510565162951536,0.3090169943749474,2014-09,21,46.773619976848025,2014-09-29,0.0195796933712697,False,False,46.773619976848025,47.81,-0.0219154543476628,-0.0052945069490403,-0.0119551797965274,1.0,1.0,True,True,False,False,False,False,0.685729946166893,-0.0072957628260129,47.69977120409974,61.71337529356516,2014-08,technical_calendar,ba5fee639dad4dc54839faefdc40c3d8ff99f8d74856e0890ae3c45c887d153a,False,technical_calendar
2014-10-15,56.77,57.12,55.77,56.96,44.23,1341800,0.7765098314606741,44.08246313202247,44.3542415730337,43.3059533005618,44.23,130.587540596398,0.0,1.0,56.77,57.12,55.77,56.96,0.9932629687850886,76428928.0,56.96,56.96,56.96,FinMind USStockPrice,0.0,0.0,0.0,0.0,0.0,0.0,0.0,False,1.0,0.02565829240296,2014-10-16,0.0013492241960872,-0.027304499781564,-0.0747974236442966,-0.0744128039908541,-0.0436920830246218,-0.0623091663332561,23.627287853577517,-1.838370862351264,-0.0852506162695151,0.1484107889070064,0.481757392898934,0.0,0.0254882513999407,,,0.0,0.0,0.0,11,0.4838709677419355,0.5877852522924732,-0.8090169943749473,2014-10,23,43.44224292494287,2014-10-16,0.0147372733075898,False,False,43.44224292494287,44.53,-0.0247308123303823,0.023956194387406,0.0185633428576628,1.0,0.0,False,False,False,True,True,False,0.7501707037287899,-0.011992159273556,44.21917424970012,56.94605845043905,2014-09,technical_calendar,ba5fee639dad4dc54839faefdc40c3d8ff99f8d74856e0890ae3c45c887d153a,False,technical_calendar
2014-11-28,61.89,61.95,61.67,61.72,47.93,221200,0.7765716137394686,48.06201717433572,48.10861147116008,47.89117141931303,47.93,141.51166223796872,0.0,1.0,61.89,61.95,61.67,61.72,0.9943983402489626,13652464.0,61.72,61.72,61.72,FinMind USStockPrice,0.0,0.0,0.0,0.0,0.0,0.0,0.0,False,1.0,0.0236794610381173,2014-12-01,0.0024958402662229,0.0128178188695102,0.0374515712440808,-0.0098603122432211,0.0161594653567627,0.0276236026522069,80.92485549132955,2.038226858808831,-0.009046052631579,0.0643321881244811,-0.6677230397444823,0.0,0.0235459374137684,,,0.0,0.0,0.0,19,0.9333333333333332,-0.9510565162951536,0.3090169943749472,2014-11,19,47.04435960998182,2014-11-04,0.0216318719776553,False,False,48.06201717433572,48.2,-0.0028668196287045,0.0117577895355671,0.0210947771005138,0.0,0.0,False,False,False,True,True,True,0.2162554141644999,-0.0032407236416156,48.28427020222544,62.1761977233748,2014-10,technical_calendar,ba5fee639dad4dc54839faefdc40c3d8ff99f8d74856e0890ae3c45c887d153a,True,technical_calendar
2014-12-09,60.73,61.03,60.37,60.94,47.32,434200,0.7765014768624877,47.15693468985888,47.38988513291763,46.87739415818838,47.32,139.71065839976382,0.0,1.0,60.73,61.03,60.37,60.94,0.9968401095428692,26460148.0,60.94,60.94,60.94,FinMind USStockPrice,0.0,0.0,0.0,0.0,0.0,0.0,0.0,False,1.0,0.0239825457051625,2014-12-10,-0.0083559640693544,-0.0021021652301871,0.0065733672603902,-0.0091838864537674,-0.0041850659226549,0.0133562935395954,52.61194029850742,-0.7104876116760885,-0.0151452282157675,0.0669997604097318,2.455065765892534,0.0,0.0239080048302405,,,0.0,0.0,0.0,7,0.2903225806451613,0.9510565162951536,0.3090169943749474,2014-12,22,45.23010457740442,2014-12-16,0.0426006114833756,False,False,45.23010457740442,47.47,-0.0483350369513541,-0.0106571936056838,-0.0143929912390488,1.0,1.0,True,True,True,False,False,False,0.6772958246877617,-0.0115888721175685,47.15766687743436,60.73094293133664,2014-11,technical_calendar,ba5fee639dad4dc54839faefdc40c3d8ff99f8d74856e0890ae3c45c887d153a,False,technical_calendar
2015-01-14,58.75,58.96,58.33,58.91,46.03,358200,0.7813613987438466,45.90498217620099,46.0690680699372,45.57681038872857,46.03,135.90197815175674,0.0,1.0,58.75,58.96,58.33,58.91,0.9954584775086504,21101562.0,58.91,58.91,58.91,FinMind USStockPrice,0.0,0.0,0.0,0.0,0.0,0.0,0.0,False,1.0,0.0247714796782866,2015-01-15,0.0006492101276778,0.016487140030776,0.0080662742533244,0.0466274332277045,-0.0087038545641642,-0.0142196260686039,36.99551569506725,-0.5442613530018097,-0.0406639004149378,0.1545840470691156,0.0512721127102886,0.0,0.0246584634648169,,,0.0,0.0,0.0,9,0.4516129032258064,0.5877852522924732,-0.8090169943749473,2015-01,20,45.81701716016151,2015-01-16,0.0019199201845021,False,True,45.81701716016151,46.24,-0.0091896485376545,0.0123056994818653,-0.009288202197017,0.0,0.0,False,True,False,True,True,True,0.5250989426377164,-0.0105214608590737,45.98481829805467,58.85217566670433,2014-12,technical_calendar,ba5fee639dad4dc54839faefdc40c3d8ff99f8d74856e0890ae3c45c887d153a,False,technical_calendar
2015-02-27,62.78,62.89,62.63,62.66,48.96,550500,0.7813597191190553,49.053763166294296,49.13971273539739,48.93655920842644,48.96,144.5527015057573,0.0,1.0,62.78,62.89,62.63,62.66,0.9993876301285975,34494330.0,62.66,62.66,62.66,FinMind USStockPrice,0.0,0.0,0.0,0.0,0.0,0.0,0.0,False,1.0,0.0232889860811979,2015-03-02,-0.0016303240269002,0.0071957236842106,0.0537750053775007,0.0221155852284582,0.0204230412730814,0.0374877787935157,68.64686468646883,1.1607617189859891,-0.0016303240269002,0.1210601221822594,-0.6515975226563813,0.0,0.0232778412481714,,,0.0,0.0,0.0,19,0.9642857142857144,-0.9510565162951536,0.3090169943749472,2015-02,19,46.50962122476223,2015-02-02,0.0547014117624664,False,False,49.053763166294296,48.99,0.0013007084433492,-0.0145161290322581,0.0065731260270509,0.0,0.0,True,False,True,False,True,True,0.2650642436345223,-0.002674245123265,49.10345957224964,62.84360246726229,2015-01,technical_calendar,ba5fee639dad4dc54839faefdc40c3d8ff99f8d74856e0890ae3c45c887d153a,True,technical_calendar
2015-03-10,61.02,61.07,60.5,60.51,47.28,466800,0.78135845314824,47.67849281110561,47.71756073376302,47.272186415468525,47.28,139.59255978742252,0.0,1.0,61.02,61.07,60.5,60.51,0.9817275747508306,28246068.0,60.51,60.51,60.51,FinMind USStockPrice,0.0,0.0,0.0,0.0,0.0,0.0,0.0,False,1.0,0.0241164744314636,2015-03-11,0.0020807324178111,-0.01994301994302,0.0156052298608182,0.0177514792899406,-0.007665045743015,0.0174791194242172,42.46031746031738,-0.7058988740773532,-0.01994301994302,0.0876716757895843,-0.8098789821072248,0.0,0.0236782065203288,,,0.0,0.0,0.0,7,0.3225806451612903,0.9510565162951536,0.3090169943749474,2015-03,22,47.4194053518335,2015-03-11,0.0054637433208997,False,False,47.4194053518335,48.16,-0.0154972604707499,-0.0262716601453325,0.0036635692428623,1.0,0.0,True,False,True,False,True,False,0.6288556271015234,-0.0114728442242303,47.84867841983632,61.237807343153456,2015-02,technical_calendar,ba5fee639dad4dc54839faefdc40c3d8ff99f8d74856e0890ae3c45c887d153a,False,technical_calendar
2015-04-30,63.66,63.67,63.0,63.16,49.6,380500,0.7853071564281191,49.99265357821406,50.000506649778345,49.47435085497151,49.6,146.4422793032182,0.0,1.0,63.66,63.67,63.0,63.16,0.9896249002394256,24032380.0,63.16,63.16,63.16,FinMind USStockPrice,0.0,0.0,0.0,0.0,0.0,0.0,0.0,False,1.0,0.0227893041142408,2015-05-01,-0.0061471346420781,0.0030018010806482,0.0361794500723589,0.0702541106128549,0.0094865959032408,0.0273860282059692,60.92715231788085,0.8903941685868274,-0.0061471346420781,0.0770495359100363,0.7077404157024986,0.0,0.0225536265724765,,,0.0,0.0,0.0,21,1.0,-0.587785252292473,-0.8090169943749475,2015-04,21,48.525653091027095,2015-04-01,0.0302314424173764,False,False,49.99265357821406,50.12,-0.0025440638304802,-0.0086160473882606,-0.0058169596690795,0.0,0.0,True,True,False,False,True,True,0.3215658741543005,-0.0003976063744795,50.35057630939094,64.11577418752282,2015-03,technical_calendar,ba5fee639dad4dc54839faefdc40c3d8ff99f8d74856e0890ae3c45c887d153a,True,technical_calendar
2015-05-29,63.76,63.79,63.22,63.37,49.77,334100,0.7853874072905161,50.07630108884331,50.09986271106202,49.65219188890643,49.77,146.94419840566874,0.0,1.0,63.76,63.79,63.22,63.37,0.9930167597765364,21171917.0,63.37,63.37,63.37,FinMind USStockPrice,0.0,0.0,0.0,0.0,0.0,0.0,0.0,False,1.0,0.0227137833021217,2015-06-01,-0.0033803937164447,-0.0075247524752474,0.0,0.0253682487725039,-0.000129671930017,0.0151468607481271,58.97435897435889,-0.0167365343053941,-0.0112448214637996,0.1120498918828974,0.2903980356147275,0.0,0.0225536265724765,,,0.0,0.0,0.0,20,0.935483870967742,-0.9510565162951536,0.3090169943749472,2015-05,20,49.32508568708347,2015-05-07,0.0152298853878434,False,False,50.07630108884331,50.12,-0.0008722660108705,-0.0060207991242473,0.0012393076042298,0.0,0.0,True,False,False,False,True,True,0.3954661064373842,-0.0019943422295353,50.27024389076931,64.00693902668375,2015-04,technical_calendar,ba5fee639dad4dc54839faefdc40c3d8ff99f8d74856e0890ae3c45c887d153a,True,technical_calendar
2015-06-12,62.96,63.09,62.8,62.99,49.47,212400,0.7853627559930147,49.44643911732021,49.5485362755993,49.32078107636132,49.47,146.05845881310896,0.0,1.0,62.96,63.09,62.8,62.99,0.9935730066278368,13379076.0,62.99,62.99,62.99,FinMind USStockPrice,0.0,0.0,0.0,0.0,0.0,0.0,0.0,False,1.0,0.0228508088245031,2015-06-15,0.001810865191147,0.0048435923309788,-0.0043991201759646,0.0355657237936775,-0.0039908380759958,0.0030958504858671,38.86138613861394,-0.3814352011623722,-0.0177549812586308,0.1040719284436859,-1.0271753005532565,0.0,0.0227030354551333,,,0.0,0.0,0.0,10,0.4,-0.9510565162951536,0.3090169943749472,2015-06,22,48.97282594733461,2015-06-09,0.0096709381340363,False,False,49.015933029908965,49.79,-0.0156687515220873,0.0075014425851127,-0.0005687019724249,1.0,0.0,False,True,False,True,True,False,0.5429020811063392,-0.0095276701254648,49.56445937542731,63.11027483440805,2015-05,technical_calendar,ba5fee639dad4dc54839faefdc40c3d8ff99f8d74856e0890ae3c45c887d153a,False,technical_calendar
2015-07-06,61.09,61.53,60.96,61.2,48.41,448400,0.7910130718954247,48.322988562091496,48.671034313725485,48.22015686274509,48.41,142.92884558606437,0.0,1.0,61.09,61.53,60.96,61.2,0.98937257306356,27442080.0,61.2,61.2,61.2,FinMind USStockPrice,0.0,0.0,0.0,0.0,0.0,0.0,0.0,False,1.0,0.0233737239701989,2015-07-07,0.0002044153720361,-0.0166800643086814,-0.0125126135216949,-0.008309687880016,-0.0098549082299611,-0.0175224887556221,43.21608040201019,-1.0275290665904997,-0.0347208522391002,0.1323940131451165,-0.5109113607214045,0.0,0.0231243437920494,,,0.0,0.0,0.0,3,0.1935483870967742,0.0,1.0,2015-07,22,47.86492300049677,2015-07-09,0.0095699634070229,False,False,47.86492300049677,48.93,-0.0220077655847413,0.0096755833807624,0.0049550672159266,0.0,0.0,False,False,False,True,True,True,0.6962174135818042,-0.0108617644123842,48.64341682424551,61.49508592530109,2015-06,technical_calendar,ba5fee639dad4dc54839faefdc40c3d8ff99f8d74856e0890ae3c45c887d153a,False,technical_calendar
2015-08-12,60.72,61.14,60.25,61.11,48.34,247200,0.7910325642284406,48.031497299950914,48.36373097692686,47.65971199476355,48.34,142.7221730144671,0.0,1.0,60.72,61.14,60.25,61.11,0.9975237309120925,15106392.0,61.11,61.11,61.11,FinMind USStockPrice,0.0,0.0,0.0,0.0,0.0,0.0,0.0,False,1.0,0.0234081477168413,2015-08-13,-0.0126324368378158,-0.0051324163416136,-0.0186310247063591,-0.042292490118577,-0.0086533150584049,-0.0167825972278111,41.37931034482761,-0.9720645342186448,-0.0439928980074966,0.10450950787748,-0.6189212378197331,0.0,0.0233508309986316,,,0.0,0.0,0.0,8,0.3870967741935484,0.5877852522924732,-0.8090169943749473,2015-08,21,43.27074053956184,2015-08-24,0.11002253950418,False,False,43.27074053956184,48.46,-0.1132620469101956,-0.0362318840579708,-0.0226767792844556,1.0,0.0,True,True,True,False,True,False,0.6595948943668147,-0.009961695812115,48.21955099356941,60.9577319242248,2015-07,technical_calendar,ba5fee639dad4dc54839faefdc40c3d8ff99f8d74856e0890ae3c45c887d153a,False,technical_calendar
2015-09-24,55.65,55.93,55.2,55.85,44.18,293900,0.7910474485228289,44.02179051029543,44.24328379588182,43.66581915846016,44.18,130.43991733097138,0.0,1.0,55.65,55.93,55.2,55.85,0.9970661250282102,16414315.0,55.85,55.85,55.85,FinMind USStockPrice,0.0,0.0,0.0,0.0,0.0,0.0,0.0,False,1.0,0.0204328042367016,2015-09-25,-0.004493372275893,-0.039453717754173,0.014190890363928,-0.0871446229913474,-0.0197227968098403,-0.0627610932691256,44.51718494271682,-1.5347377203305266,-0.1073730862207897,0.2473236471600356,-0.1188124383610716,0.0,0.0255350215454512,,,0.0,0.0,0.0,17,0.8,-0.587785252292473,-0.8090169943749475,2015-09,21,43.26564201618837,2015-09-29,0.0174768813975796,False,False,43.26564201618837,44.31,-0.0238515521043907,0.0026160889470243,-0.0072597721238193,1.0,1.0,False,True,False,True,False,False,0.5453951377935919,-0.0085414843835967,44.15280428906034,55.81562063250386,2015-08,technical_calendar,ba5fee639dad4dc54839faefdc40c3d8ff99f8d74856e0890ae3c45c887d153a,False,technical_calendar
2015-10-30,59.61,59.73,59.34,59.34,47.17,303700,0.7949106841927873,47.38462588473205,47.48001516683519,47.17,47.17,139.26778860348392,0.0,1.0,59.61,59.73,59.34,59.34,0.996408956485002,18021558.0,59.34,59.34,59.34,FinMind USStockPrice,0.0,0.0,0.0,0.0,0.0,0.0,0.0,False,1.0,0.0239114917930306,2015-11-02,-0.0046257359125314,0.0036039855840577,0.0720108695652175,-0.0305140282613146,0.0139759036144579,0.0274812529165144,57.28900255754482,0.9794948523491483,-0.0354523227383862,0.1357347574026254,-1.1210439313247622,0.0,0.0238271691519468,,,0.0,0.0,0.0,22,0.967741935483871,-0.9510565162951536,0.3090169943749472,2015-10,22,43.84068531963874,2015-10-02,0.0808367966708263,False,False,47.38462588473205,47.34,0.0009422235794918,-0.0118203309692672,-0.0299316312517534,1.0,1.0,True,True,True,False,False,False,0.2522686392429718,-0.0021946189187688,47.47240176339046,59.72042231587004,2015-09,technical_calendar,ba5fee639dad4dc54839faefdc40c3d8ff99f8d74856e0890ae3c45c887d153a,True,technical_calendar
2015-11-30,59.44,59.5,59.27,59.29,47.13,1045700,0.7949063923089897,47.24923595884635,47.29693034238489,47.11410187215383,47.13,139.14968999114262,0.0,1.0,59.44,59.5,59.27,59.29,0.9974603174603176,61999553.0,59.29,59.29,59.29,FinMind USStockPrice,0.0,0.0,0.0,0.0,0.0,0.0,0.0,False,1.0,0.0239316566537095,2015-12-01,-0.0006345177664975,0.0,-0.0019011406844108,0.0504668741662959,0.0024929719408053,0.0228822548871039,46.62756598240465,0.2412223785539433,-0.0141873565616524,0.1096557088326607,1.9252057537088727,0.0,0.0238752805485182,,,0.0,0.0,0.0,20,1.0,0.0,1.0,2015-11,20,45.93756923076924,2015-11-16,0.0285532462871054,False,False,47.24923595884635,47.25,-1.6170313884856782e-05,-0.0052053209947946,0.0066357399150265,1.0,0.0,True,False,False,False,True,False,0.390281830205242,-0.0003566201399346,47.46931846612245,59.71686594221091,2015-10,technical_calendar,ba5fee639dad4dc54839faefdc40c3d8ff99f8d74856e0890ae3c45c887d153a,True,technical_calendar
2015-12-08,58.28,58.53,58.01,58.35,46.39,2240400,0.7950299914310197,46.33434790059983,46.53310539845759,46.11968980291345,46.39,136.96486566282846,0.0,1.0,58.28,58.53,58.01,58.35,0.9899701237729408,130727340.0,58.35,58.35,58.35,FinMind USStockPrice,0.0,0.0,0.0,0.0,0.0,0.0,0.0,False,1.0,0.0243171880548146,2015-12-09,-0.0088832487309645,-0.0057288351368556,-0.0130581297388374,0.0342087839329066,-0.0025224304735144,0.009848501174493,54.38596491228067,-0.2984377806414667,-0.0223242228249531,0.1321014887688272,1.5840446355555204,0.0,0.0240696848685061,,,0.0,0.0,0.0,6,0.2580645161290322,0.9510565162951536,0.3090169943749474,2015-12,22,45.31795051763468,2015-12-14,0.0224281409762703,False,False,45.31795051763468,46.86,-0.0334612204129606,-0.0027995520716685,-0.0095879911495466,1.0,0.0,True,True,False,False,True,False,0.6355702851008519,-0.0105873418483645,46.59832669910268,58.61203627705629,2015-11,technical_calendar,ba5fee639dad4dc54839faefdc40c3d8ff99f8d74856e0890ae3c45c887d153a,False,technical_calendar
2016-01-04,56.59,56.65,56.04,56.65,45.33,1618600,0.8001765225066196,45.28198940864961,45.33,44.84189232127096,45.33,133.8352524357839,0.0,1.0,56.59,56.65,56.04,56.65,0.9832971800433838,91693690.0,56.65,56.65,56.65,FinMind USStockPrice,0.0,0.0,0.0,0.0,0.0,0.0,0.0,False,1.0,0.0249044639611006,2016-01-05,-0.0086021505376343,-0.0111540111540112,-0.0218544451517082,0.0080909687294989,-0.0019052567766519,-0.0141286836515019,50.07923930269416,-0.156756938333153,-0.0381806801585646,0.1682272008349003,-0.2037250361375042,0.0,0.0244852114438797,,,0.0,0.0,0.0,1,0.1290322580645161,0.0,1.0,2016-01,19,41.31599767756919,2016-01-20,0.0959916728147554,False,False,41.31599767756919,46.1,-0.109563172069632,-0.0057045065601826,-0.0142627919415225,0.0,0.0,True,True,False,False,True,True,0.6563155842884432,-0.0161177990730337,45.58974005637469,56.97460344570099,2015-12,technical_calendar,ba5fee639dad4dc54839faefdc40c3d8ff99f8d74856e0890ae3c45c887d153a,False,technical_calendar
2016-02-08,52.11,52.15,51.23,51.84,41.48,1730200,0.8001543209876542,41.69604166666666,41.72804783950616,40.99190586419752,41.48,122.46826099793329,0.0,1.0,52.11,52.15,51.23,51.84,0.9838709677419356,89693568.0,51.84,51.84,51.84,FinMind USStockPrice,0.0,0.0,0.0,0.0,0.0,0.0,0.0,False,1.0,0.0272152369482321,2016-02-09,-0.0172494172494169,-0.0285714285714283,-0.0334708849151764,-0.1035509249415266,-0.0092355415599367,-0.0650433548444325,51.856946354883085,-0.6568903674648257,-0.1148435859752254,0.2434781980909034,-1.8062380065907973,0.0,0.0267761982045236,,,0.0,0.0,0.0,6,0.2758620689655172,0.0,1.0,2016-02,20,40.76403070261759,2016-02-11,0.0228635625080426,False,False,40.76403070261759,42.16,-0.0336718120872359,-0.0207865168539326,-0.0353287698282104,0.0,0.0,True,True,True,False,True,True,0.6353160377026092,-0.0123567858980183,41.85045461527963,52.30297895988661,2016-01,technical_calendar,ba5fee639dad4dc54839faefdc40c3d8ff99f8d74856e0890ae3c45c887d153a,False,technical_calendar
2016-03-31,57.68,57.86,57.6,57.69,46.34,5020200,0.8032587970185475,46.33196741202982,46.47655399549316,46.267706708268335,46.34,136.81724239740183,0.0,1.0,57.68,57.86,57.6,57.69,0.9993530299762778,289615338.0,57.69,57.69,57.69,FinMind USStockPrice,0.0,0.0,0.0,0.0,0.0,0.0,0.0,False,1.0,0.0229246117839599,2016-04-01,0.0062934027777776,0.0084819486733362,0.0536241763235625,0.0058568329718005,0.0223001201538852,0.0635321100917432,71.92982456140356,1.6457432017823823,0.0,0.1238120080360211,-0.1309030981358548,0.0,0.0229126967050701,,,0.0,0.0,0.0,22,1.0,-0.587785252292473,-0.8090169943749475,2016-03,22,43.369854545454544,2016-03-01,0.0682988886548092,False,False,46.33196741202982,46.37,-0.0008205346912435,0.0190954773869347,0.0098644198534427,0.0,0.0,False,False,False,True,True,True,0.1841947690793545,4.6210819739730895e-05,46.604003559448365,58.01866563108709,2016-02,technical_calendar,ba5fee639dad4dc54839faefdc40c3d8ff99f8d74856e0890ae3c45c887d153a,True,technical_calendar
2016-04-29,58.5,58.57,57.98,58.27,46.81,379600,0.8033293289857559,46.99476574566672,47.05099879869572,46.57703449459412,46.81,138.20490109241217,0.0,1.0,58.5,58.57,57.98,58.27,0.9938428874734608,22119292.0,58.27,58.27,58.27,FinMind USStockPrice,0.0,0.0,0.0,0.0,0.0,0.0,0.0,False,1.0,0.0226964279014355,2016-05-02,-0.0075853350189634,-0.0065387049145749,0.0164005179110919,0.1103253182461101,0.0082846316871105,0.048818687232321,71.24999999999997,0.517890412701594,-0.0121644295302014,0.1247107323504432,-0.4843656835002323,0.0,0.0225570672661888,,,0.0,0.0,0.0,21,0.9666666666666668,-0.9510565162951536,0.3090169943749472,2016-04,21,45.517988124345095,2016-04-06,0.0324438245663976,False,False,46.99476574566672,47.1,-0.0022367726275649,-0.0434108527131782,-0.0272583154742681,0.0,0.0,True,True,True,False,True,True,0.3124680014693399,-0.0025883449320825,47.21313782453984,58.77183381832806,2016-03,technical_calendar,ba5fee639dad4dc54839faefdc40c3d8ff99f8d74856e0890ae3c45c887d153a,True,technical_calendar
2016-05-31,58.83,58.94,58.47,58.65,47.11,722700,0.8032395566922421,47.2545831202046,47.34293947144075,46.9654168797954,47.11,139.09064068497196,0.0,1.0,58.83,58.94,58.47,58.65,0.9993635977938056,42386355.0,58.65,58.65,58.65,FinMind USStockPrice,0.0,0.0,0.0,0.0,0.0,0.0,0.0,False,1.0,0.0225493751716393,2016-06-01,0.0014871468026345,0.0216731686172519,0.0070497756889553,0.0555306762203315,0.0160139664202427,0.0197724224462425,62.06896551724146,1.7513115780993662,-0.0113255033557047,0.1250449573913496,-0.0374709880984482,0.0,0.022534006710115,,,0.0,0.0,0.0,21,1.0,0.9510565162951536,0.3090169943749474,2016-05,21,45.79213483146067,2016-05-19,0.0319366697824095,False,False,47.2545831202046,47.14,0.0024277489808446,0.0,0.0059718326151709,1.0,0.0,False,False,False,True,True,False,0.205190358948547,0.0002808613670851,47.38900787261478,58.99735325257603,2016-04,technical_calendar,ba5fee639dad4dc54839faefdc40c3d8ff99f8d74856e0890ae3c45c887d153a,True,technical_calendar
2016-06-16,56.62,57.29,56.32,57.27,46.38,944800,0.8098480880041907,45.85359874279728,46.39619696176008,45.61064431639602,46.38,136.93534100974315,0.0,1.0,56.62,57.29,56.32,57.27,1.0006472491909386,54108696.0,57.27,57.27,57.27,FinMind USStockPrice,0.0,0.0,0.0,0.0,0.0,0.0,0.0,False,1.0,0.0311272836046766,2016-06-17,0.0043336944745395,-0.0373831775700934,0.0069519878340211,0.0062961354754667,-0.0122746451860374,-0.0057381884485442,40.11799410029496,-0.8290353279082113,-0.0373831775700934,0.1138537202588901,4.1032244188116405,0.0,0.0311435976946161,,,0.0,0.0,0.0,12,0.5333333333333333,-0.587785252292473,-0.8090169943749475,2016-06,22,45.21500725689405,2016-06-27,0.0141234409689465,False,False,45.21500725689405,46.35,-0.0247922413219428,0.010719754977029,-0.0008771046917911,1.0,0.0,False,True,False,True,True,False,0.6572409292995623,-0.0113023665535877,46.05823006689352,56.8726786531046,2016-05,technical_calendar,ba5fee639dad4dc54839faefdc40c3d8ff99f8d74856e0890ae3c45c887d153a,False,technical_calendar
2016-07-29,60.19,60.55,60.11,60.48,48.98,320100,0.8098544973544973,48.7451421957672,49.036689814814814,48.68035383597884,48.98,144.61175081192798,0.0,1.0,60.19,60.55,60.11,60.48,1.0059560484699115,19359648.0,60.48,60.48,60.48,FinMind USStockPrice,0.0,0.0,0.0,0.0,0.0,0.0,0.0,False,1.0,0.0220252852333885,2016-08-01,0.0008221993833505,0.0061996280223186,0.0486754253715271,0.0464216634429399,0.0150093808630393,0.0339848091230206,74.46043165467658,0.9804315680951572,0.0,0.1049371689789376,-1.035549124801722,0.0,0.0221534882906259,,,0.0,0.0,0.0,20,0.935483870967742,-0.9510565162951536,0.3090169943749472,2016-07,20,46.35745580589254,2016-07-06,0.0515059842773157,False,False,48.7451421957672,48.69,0.0011318750178142,0.0013428827215757,-0.0056908365916921,0.0,0.0,False,True,False,True,True,True,0.242723943147927,-0.0022575561248274,48.823104592583896,60.28626716536289,2016-06,technical_calendar,ba5fee639dad4dc54839faefdc40c3d8ff99f8d74856e0890ae3c45c887d153a,True,technical_calendar
2016-08-31,60.84,60.86,60.45,60.69,49.15,293600,0.8098533531059483,49.2714780029659,49.287675070028016,48.95563519525458,49.15,145.1136699143785,0.0,1.0,60.84,60.86,60.45,60.69,0.996149169031212,17818584.0,60.69,60.69,60.69,FinMind USStockPrice,0.0,0.0,0.0,0.0,0.0,0.0,0.0,False,1.0,0.0219490731737574,2016-09-01,-0.0020226537216828,-0.00664384940608,0.0177392739273927,0.0339480301760268,-0.0006278989690303,0.0250728014986201,51.23966942148764,-0.0977286040681643,-0.008838891120932,0.0613560990458133,-0.5165042076484082,0.0,0.0218626169524919,,,0.0,0.0,0.0,23,1.0,0.5877852522924732,-0.8090169943749473,2016-08,23,48.306558333333335,2016-08-03,0.0199749206510275,False,False,49.2714780029659,49.34,-0.0013897369647066,-0.0030674846625766,-0.0019287723053184,0.0,0.0,True,True,False,False,True,True,0.3666191791352414,-6.364365827480356e-05,49.58354422143394,61.225336699874376,2016-07,technical_calendar,ba5fee639dad4dc54839faefdc40c3d8ff99f8d74856e0890ae3c45c887d153a,True,technical_calendar
2016-09-13,60.02,60.02,59.19,59.42,48.37,757400,0.8140356782228205,48.858421406933694,48.858421406933694,48.18277179400874,48.37,142.81074697372307,0.3198284060367866,1.0,60.02,60.02,59.19,59.42,0.9813349563806044,45004708.0,59.42,59.42,59.42,FinMind USStockPrice,0.0,0.0,0.0,0.0,0.0,0.0,0.0,False,1.0,0.0278007010594433,2016-09-14,0.0116995073891625,-0.0094453376205786,-0.0050464271295922,0.0627425614489003,-0.0048455481526347,0.016970134626296,47.268408551068966,-0.7334615305451645,-0.0169525329078581,0.1152290312575123,1.931269245746057,0.0,0.0218841670924155,,,0.0,0.0,0.0,8,0.4333333333333333,0.9510565162951536,0.3090169943749474,2016-09,21,48.36627946127947,2016-09-14,0.010175311211362,False,False,48.36627946127947,49.29,-0.0189183551521206,0.0140783106027277,0.02027668961568,1.0,1.0,False,False,False,True,False,False,0.5864310885303742,-0.0101875507701684,49.03435679318988,60.2361273651301,2016-08,technical_calendar,ba5fee639dad4dc54839faefdc40c3d8ff99f8d74856e0890ae3c45c887d153a,False,technical_calendar
2016-10-13,59.4,59.81,59.08,59.61,48.52,1295300,0.8139573896997149,48.349068948163065,48.68279147793995,48.08860258345916,48.52,143.25361677000296,0.0,1.0,59.4,59.81,59.08,59.61,0.9950779327317474,77212833.0,59.61,59.61,59.61,FinMind USStockPrice,0.0,0.0,0.0,0.0,0.0,0.0,0.0,False,1.0,0.0230528745273188,2016-10-14,0.0014376668720474,-0.016142050040355,0.0084798345398138,0.0097328639469869,-0.0094162341158187,-0.0086643602367874,36.879432624113534,-1.2420750791750206,-0.0275229357798167,0.1220293670108114,0.1107373521475198,0.0,0.0229412662867024,,,0.0,0.0,0.0,9,0.4193548387096774,-0.587785252292473,-0.8090169943749475,2016-10,21,48.349068948163065,2016-10-13,0.0,True,True,48.349068948163065,48.76,-0.0084633394004572,0.020057306590258,-0.0032993585262046,1.0,1.0,False,True,False,True,False,False,0.6340128493439701,-0.0105566626585023,48.48920439949831,59.57216558644051,2016-09,technical_calendar,ba5fee639dad4dc54839faefdc40c3d8ff99f8d74856e0890ae3c45c887d153a,False,technical_calendar
2016-11-09,59.24,60.18,59.18,59.96,48.81,897400,0.8140426951300868,48.22388925950634,48.98908939292862,48.175046697798535,48.81,144.10983170947742,0.0,1.0,59.24,60.18,59.18,59.96,1.0020529665366456,53808104.0,59.96,59.96,59.96,FinMind USStockPrice,0.0,0.0,0.0,0.0,0.0,0.0,0.0,False,1.0,0.0229183097160352,2016-11-10,0.0043298969072165,0.0093244923331952,0.0004107619634421,-0.021494576134994,0.0030786338690911,-0.0074241117216737,44.66019417475718,0.3693838870077268,-0.028520143597926,0.0958225471119826,1.1139039866254967,0.0,0.0229642688932733,,,0.0,0.0,0.0,7,0.3,0.5877852522924732,-0.8090169943749473,2016-11,21,47.67836329395652,2016-11-04,0.0114417930453365,False,False,48.22388925950634,48.71,-0.010029821754194,0.0,0.0021916282223592,0.0,0.0,False,False,False,True,True,True,0.5119615368527819,-0.0120493839019498,48.367229377679735,59.416084275469714,2016-10,technical_calendar,ba5fee639dad4dc54839faefdc40c3d8ff99f8d74856e0890ae3c45c887d153a,False,technical_calendar
2016-12-30,61.34,61.34,60.84,61.0,50.02,4117900,0.8200000000000001,50.29880000000001,50.29880000000001,49.8888,50.02,147.6823147328019,0.0,1.0,61.34,61.34,60.84,61.0,0.998004788507582,251191900.0,61.0,61.0,61.0,FinMind USStockPrice,0.0,0.0,0.0,0.0,0.0,0.0,0.0,False,1.0,0.024108140693429,2017-01-03,0.0011985617259289,-0.0049632717887631,0.0201506208019539,0.0176649746192893,0.0001297055683597,0.0183473190157872,43.79844961240302,0.013324743788662,-0.0141620771046421,0.0878609955569957,4.193998825819644,0.0,0.0240608079564655,,,0.0,0.0,0.0,21,0.967741935483871,-0.9510565162951536,0.3090169943749472,2016-12,21,48.954878777814685,2016-12-02,0.0274522428762373,False,False,50.29880000000001,50.12,0.0035610899343997,0.0004319654427646,0.0001194237262374,0.0,0.0,False,False,False,True,True,True,0.4146213172481798,-0.0020956358040498,50.265152095961305,61.29896597068451,2016-11,technical_calendar,ba5fee639dad4dc54839faefdc40c3d8ff99f8d74856e0890ae3c45c887d153a,True,technical_calendar
2017-01-31,62.64,62.86,62.54,62.83,51.52,794000,0.8199904504217731,51.36420181441986,51.54459971351265,51.28220276937769,51.52,152.11101269560083,0.0,1.0,62.64,62.86,62.54,62.83,1.0017499513902393,49887020.0,62.83,62.83,62.83,FinMind USStockPrice,0.0,0.0,0.0,0.0,0.0,0.0,0.0,False,1.0,0.0234059618382806,2017-02-01,-0.0071428571428572,0.0052775605942143,0.0261372705506783,0.0656858682138417,0.0052284387979477,0.0288743664977326,60.32388663967618,0.6094694771691659,-0.0103906099672888,0.0707577562683309,1.6602109188242034,0.0,0.0234470118351271,,,0.0,0.0,0.0,20,1.0,0.9510565162951536,0.3090169943749474,2017-01,20,50.389,2017-01-03,0.0193534663204242,False,False,51.36420181441986,51.43,-0.0012801927230347,-0.001610305958132,-0.0056325733169828,1.0,0.0,True,True,False,False,True,False,0.3346455590180354,0.0004503640450331,51.71043327653199,63.06223840769613,2016-12,technical_calendar,ba5fee639dad4dc54839faefdc40c3d8ff99f8d74856e0890ae3c45c887d153a,True,technical_calendar
2017-02-28,64.7,64.75,64.44,64.52,52.91,1435600,0.8200557966522009,53.0576100433974,53.09861283323001,52.84439553626782,52.91,156.21493947446118,0.0,1.0,64.7,64.75,64.44,64.52,0.9962342308416492,92624912.0,64.52,64.52,64.52,FinMind USStockPrice,0.0,0.0,0.0,0.0,0.0,0.0,0.0,False,1.0,0.02279287945287,2017-03-01,-0.000752587017874,0.0020754716981132,0.0252895752895752,0.0794715447154472,0.0132209016158879,0.0374532810689032,87.15083798882655,1.037080074650947,-0.0031906906906907,0.0524659623389416,3.3372343162638782,0.0,0.0227049032314215,,,0.0,0.0,0.0,19,1.0,0.9510565162951536,0.3090169943749474,2017-02,19,51.60800444162436,2017-02-02,0.0280887745507141,False,False,53.0576100433974,53.11,-0.0009869292684204,-0.012214342001576,0.0092044707429321,0.0,0.0,True,False,True,False,True,True,0.2937044493745799,-0.001829833291757,53.27797094557225,64.9687145229318,2017-01,technical_calendar,ba5fee639dad4dc54839faefdc40c3d8ff99f8d74856e0890ae3c45c887d153a,True,technical_calendar
2017-03-31,65.21,65.39,65.14,65.22,53.69,659300,0.8232137381171419,53.68176786261882,53.82994633547991,53.62414290095062,53.69,158.51786241511664,0.0,1.0,65.21,65.39,65.14,65.22,0.997584541062802,42999546.0,65.22,65.22,65.22,FinMind USStockPrice,0.0,0.0,0.0,0.0,0.0,0.0,0.0,False,1.0,0.023014674216623,2017-04-03,-0.0005571030640669,0.0095666854248734,0.0124153498871331,0.0672218917311122,0.00726156610271,0.0258006721770784,62.20472440944862,1.2147798516466777,-0.0009281603861147,0.0711393738739293,-0.6382495312933868,0.0,0.0229583519793232,,,0.0,0.0,0.0,23,1.0,-0.9510565162951536,0.3090169943749472,2017-03,23,52.86079665220086,2017-03-09,0.0155308141838943,False,False,53.68176786261882,53.82,-0.0025717198203439,0.0042016806722688,0.005285695834037,1.0,0.0,False,False,False,True,True,False,0.225034888478324,0.0001815895112867,54.09892290507621,65.71673965112815,2017-02,technical_calendar,ba5fee639dad4dc54839faefdc40c3d8ff99f8d74856e0890ae3c45c887d153a,True,technical_calendar
2017-04-28,66.46,66.46,66.24,66.28,54.56,583400,0.8231744115872058,54.708171394085696,54.708171394085696,54.52707302353651,54.56,161.08650723354,0.0,1.0,66.46,66.46,66.24,66.28,0.997805413313826,38667752.0,66.28,66.28,66.28,FinMind USStockPrice,0.0,0.0,0.0,0.0,0.0,0.0,0.0,False,1.0,0.022646606101511,2017-05-01,0.000548947849954,0.0201492537313432,0.015413184772516,0.0613354037267079,0.017889387367598,0.0271052087833647,67.49226006191947,2.0341688265760496,-0.0001828487840556,0.0810707484698331,2.1947284825480984,0.0,0.0225988716110833,,,0.0,0.0,0.0,19,0.9333333333333332,-0.9510565162951536,0.3090169943749472,2017-04,19,53.25176816074188,2017-04-18,0.0273493873282784,False,False,54.708171394085696,54.68,0.0005150720475438,0.0003810975609757,0.0140017440247335,1.0,0.0,False,False,False,True,True,False,0.2170817471218858,-0.002891783243586,54.79471622881873,66.56513547738463,2017-03,technical_calendar,ba5fee639dad4dc54839faefdc40c3d8ff99f8d74856e0890ae3c45c887d153a,True,technical_calendar
2017-05-31,67.82,67.82,67.41,67.57,55.62,3181900,0.8231463667307978,55.8257865916827,55.8257865916827,55.48829658132308,55.62,164.2161204605846,0.0,1.0,67.82,67.82,67.41,67.57,0.9994609164420484,215000983.0,67.57,67.57,67.57,FinMind USStockPrice,0.0,0.0,0.0,0.0,0.0,0.0,0.0,False,1.0,0.0222142526625448,2017-06-01,-0.0010770059235326,0.0030641672674838,0.0177395757132408,0.0429160419790106,0.0079513140497364,0.0276059458960393,60.64981949458475,1.2871243987284846,-0.0019727403156384,0.0802426453842639,3.633166315012229,0.0,0.0222043942663928,,,0.0,0.0,0.0,22,1.0,0.5877852522924732,-0.8090169943749473,2017-05,22,54.535364936042136,2017-05-18,0.0236621072794496,False,False,55.8257865916827,55.65,0.0031538102176744,0.0077931278781437,0.0060837903857677,1.0,0.0,False,False,False,True,True,False,0.2877811855147428,0.0003270071850851,55.94654193023254,67.9666997163936,2017-04,technical_calendar,ba5fee639dad4dc54839faefdc40c3d8ff99f8d74856e0890ae3c45c887d153a,True,technical_calendar
2017-06-30,67.71,67.71,67.35,67.53,55.98,1128700,0.8289649044868946,56.12921368280763,56.12921368280763,55.83078631719235,55.98,165.27900797165634,0.0,1.0,67.71,67.71,67.35,67.53,1.002507163323782,76221111.0,67.53,67.53,67.53,FinMind USStockPrice,0.0,0.0,0.0,0.0,0.0,0.0,0.0,False,1.0,0.0223295244121131,2017-07-03,-0.0095778644909542,-0.0017876296031462,-0.0035688793718772,0.0404322712874978,-0.0044393731391181,0.0132891370226766,47.658402203856696,-1.3825015227101445,-0.0101045913845063,0.0773391991598442,0.3716521674236851,0.0,0.0223825557896689,,,0.0,0.0,0.0,22,1.0,-0.9510565162951536,0.3090169943749472,2017-06,22,55.58771500221271,2017-06-15,0.009741337282408,False,False,56.12921368280763,55.84,0.0051659615439935,-0.0151619572708476,-0.0250754324481343,0.0,0.0,True,True,True,False,True,True,0.4724576798237796,-6.901271104192031e-06,56.11881270752305,67.69745305714598,2017-05,technical_calendar,ba5fee639dad4dc54839faefdc40c3d8ff99f8d74856e0890ae3c45c887d153a,True,technical_calendar
2017-07-06,67.38,67.41,67.02,67.07,55.59,1029700,0.8288355449530342,55.84693901893544,55.87180408528403,55.54855822275236,55.59,164.12754650132862,0.0,1.0,67.38,67.41,67.02,67.07,0.9914392723381488,69061979.0,67.07,67.07,67.07,FinMind USStockPrice,0.0,0.0,0.0,0.0,0.0,0.0,0.0,False,1.0,0.0224826715901297,2017-07-07,0.0,0.0028617420854943,-0.0010689470871192,0.0484293193717277,0.0002229853275654,0.0151233524839471,48.78048780487796,0.0764290158260828,-0.0060273001240915,0.074487047626675,-0.5376643608983179,0.0,0.0222932108744825,,,0.0,0.0,0.0,3,0.1935483870967742,-0.587785252292473,-0.8090169943749475,2017-07,20,55.69909455247142,2017-07-07,0.0026543423668177,False,True,55.69909455247142,56.07,-0.0066370191249288,-0.0017464198393294,0.0208425199165123,0.0,0.0,True,False,False,False,True,True,0.6248786984034013,-0.0075587333895298,55.9260184527876,67.47541028293692,2017-06,technical_calendar,ba5fee639dad4dc54839faefdc40c3d8ff99f8d74856e0890ae3c45c887d153a,False,technical_calendar
2017-08-09,69.16,69.41,69.08,69.39,57.52,351800,0.8289378873036461,57.329344285920165,57.53657875774608,57.26302925493587,57.52,169.82580454679658,0.0,1.0,69.16,69.41,69.08,69.39,0.9977450130095404,24411402.0,69.39,69.39,69.39,FinMind USStockPrice,0.0,0.0,0.0,0.0,0.0,0.0,0.0,False,1.0,0.0217309811723591,2017-08-10,-0.0031125713297596,-0.0010396811644429,0.0290967511602999,0.0472297910990009,0.0050820715325541,0.0229611753850522,60.81081081081096,0.8454328871763749,-0.0031125713297596,0.047159798056494,-0.0048901031216252,0.0,0.0216809889798706,,,0.0,0.0,0.0,7,0.2903225806451613,0.5877852522924732,-0.8090169943749473,2017-08,23,56.64342305441779,2017-08-18,0.012109459395549,False,False,56.64342305441779,57.65,-0.0176143638729418,-0.0023178807947019,-0.0040792169360346,0.0,0.0,True,True,False,False,True,True,0.5298612645271609,-0.0071433142061875,57.52585356794828,69.3970615278152,2017-07,technical_calendar,ba5fee639dad4dc54839faefdc40c3d8ff99f8d74856e0890ae3c45c887d153a,False,technical_calendar
2017-09-29,70.5,70.76,70.42,70.72,58.92,594700,0.8331447963800905,58.73670814479638,58.953325791855214,58.67005656108598,58.92,173.95925597874225,0.0,1.0,70.5,70.76,70.42,70.72,1.0056323604710702,42057184.0,70.72,70.72,70.72,FinMind USStockPrice,0.0,0.0,0.0,0.0,0.0,0.0,0.0,False,1.0,0.0219473584107633,2017-10-02,0.0011961722488038,-0.0015337423312883,0.0217997907220091,0.0449438202247192,0.0043626950998962,0.0189299409580618,68.34170854271358,0.6230250168861462,-0.0042488103331067,0.0567833247495397,0.0450810357030857,0.0,0.0220690628012112,,,0.0,0.0,0.0,20,0.9666666666666668,-0.9510565162951536,0.3090169943749472,2017-09,20,57.61710961068813,2017-09-06,0.0194317025215815,False,False,58.73670814479638,58.59,0.0025008495265671,-0.0052321778940482,0.0075368603642671,1.0,1.0,True,False,False,False,False,False,0.2913076504595805,-0.0016978456896821,58.78306065948559,70.55563560486796,2017-08,technical_calendar,ba5fee639dad4dc54839faefdc40c3d8ff99f8d74856e0890ae3c45c887d153a,True,technical_calendar
2017-10-31,72.16,72.29,72.06,72.21,60.16,836100,0.833125605871763,60.11834371970642,60.22665004846975,60.03503115911924,60.16,177.62031296132272,0.0,1.0,72.16,72.29,72.06,72.21,1.0031682507920627,60374780.99999999,72.21,72.21,72.21,FinMind USStockPrice,0.0,0.0,0.0,0.0,0.0,0.0,0.0,False,1.0,0.0214944908850462,2017-11-01,-0.0011658894070618,0.0020050125313284,0.015580016934801,0.0395215808632345,0.0032874099726467,0.0255898666636265,59.0361445783134,0.7831062869970736,-0.0018308921438081,0.0415254501507896,0.2662161597598255,0.0,0.0215631729203832,,,0.0,0.0,0.0,22,1.0,0.9510565162951536,0.3090169943749474,2017-10,22,58.90837330699774,2017-10-02,0.0205398714101809,False,False,60.11834371970642,59.97,0.0024705777524439,-0.0002890173410403,0.0018677535515019,0.0,0.0,True,False,False,False,True,True,0.2821136384658897,1.7093298206712173e-05,60.27088021932381,72.34308943878611,2017-09,technical_calendar,ba5fee639dad4dc54839faefdc40c3d8ff99f8d74856e0890ae3c45c887d153a,True,technical_calendar
2017-11-13,71.87,72.19,71.8,72.14,60.1,598200,0.833102301081231,59.87506237870807,60.141655115054064,59.81674521763238,60.1,177.44316504281076,0.0,1.0,71.87,72.19,71.8,72.14,0.9985047350058148,43154148.0,72.14,72.14,72.14,FinMind USStockPrice,0.0,0.0,0.0,0.0,0.0,0.0,0.0,False,1.0,0.0215153477517214,2017-11-14,-0.0008300132802124,-0.0036417811620593,0.0036685009171251,0.0634275618374557,0.0010977313551994,0.0210290018150871,58.58585858585852,0.265246403620675,-0.0062737328710583,0.0411921841926765,-0.8448593473981004,0.0,0.0214825908208883,,,0.0,0.0,0.0,9,0.4333333333333333,0.0,1.0,2017-11,21,59.56835637480798,2017-11-15,0.0051488075643766,False,False,59.56835637480798,60.19,-0.0103817257919634,0.0020479812755997,0.0064881899494846,0.0,0.0,False,False,False,True,True,True,0.5196169443760984,-0.0061397299510251,60.12068971471964,72.16483454275998,2017-10,technical_calendar,ba5fee639dad4dc54839faefdc40c3d8ff99f8d74856e0890ae3c45c887d153a,False,technical_calendar
2017-12-06,72.8,72.96,72.73,72.83,60.67,484600,0.8330358368804065,60.64500892489359,60.77829465879445,60.586696416311966,60.67,179.12607026867437,0.0,1.0,72.8,72.96,72.73,72.83,0.996714309183506,35293418.0,72.83,72.83,72.83,FinMind USStockPrice,0.0,0.0,0.0,0.0,0.0,0.0,0.0,False,1.0,0.0213115088124287,2017-12-07,-0.0031116934163117,-0.0062040816326529,0.004952947003467,0.042116076014381,0.0045797747245948,0.0176518940607717,62.499999999999964,0.6013332841836402,-0.0070146818923326,0.0681218876249823,0.806539318075414,0.0,0.0212444181057923,,,0.0,0.0,0.0,4,0.1935483870967742,0.5877852522924732,-0.8090169943749473,2017-12,20,60.63671776621954,2017-12-07,0.000136734951684,False,True,60.63671776621954,60.87,-0.0038398291831227,-0.0049474335188621,0.0005375249419719,0.0,0.0,True,False,False,False,True,True,0.6120366100551614,-0.007334776235983,60.72729137313614,72.89877419985997,2017-11,technical_calendar,ba5fee639dad4dc54839faefdc40c3d8ff99f8d74856e0890ae3c45c887d153a,False,technical_calendar
2018-01-31,78.67,78.7,78.0,78.33,65.69,1408900,0.8386314311247287,65.97513468658241,66.00029362951615,65.41325162772884,65.69,193.9474461175081,0.0,1.0,78.67,78.7,78.0,78.33,1.0009142160597289,110359137.0,78.33,78.33,78.33,FinMind USStockPrice,0.0,0.0,0.0,0.0,0.0,0.0,0.0,False,1.0,0.0202711011922092,2018-02-01,-0.0102548635198311,-0.0083106678754913,0.0537893384714194,0.0885719024713884,0.0101196660125437,0.0524599627958692,64.31372549019646,0.5871662152656377,-0.018396649715824,0.0887988129755841,-0.0431070880164448,0.0,0.0202892327675153,,,0.0,0.0,0.0,21,1.0,0.5877852522924732,-0.8090169943749473,2018-01,21,62.51810172206648,2018-01-02,0.05529651203878,False,False,65.97513468658241,65.63,0.0052450153807541,-0.0115374295680171,-0.0202986027480739,1.0,1.0,True,True,True,False,False,False,0.2821345593086921,-0.0011517196766304,65.88222842938646,78.5592168195135,2017-12,technical_calendar,ba5fee639dad4dc54839faefdc40c3d8ff99f8d74856e0890ae3c45c887d153a,True,technical_calendar
2018-02-02,77.65,77.67,76.55,76.56,64.2,1170000,0.8385579937304075,65.11402821316615,65.13079937304076,64.19161442006269,64.2,189.5482728077945,0.0,1.0,77.65,77.67,76.55,76.56,0.9780621572212066,89575200.0,76.56,76.56,76.56,FinMind USStockPrice,0.0,0.0,0.0,0.0,0.0,0.0,0.0,False,1.0,0.020739751258957,2018-02-05,-0.0007611508601003,-0.0081595648232097,0.037786561264822,0.0865750703525904,0.0062006116301707,0.0496577898125838,63.35540838852116,0.4380326190195451,-0.0182470834579718,0.0850782825654004,0.0767567152020583,0.0,0.020286640556864,,,0.0,0.0,0.0,2,0.0714285714285714,-0.9510565162951536,0.3090169943749472,2018-02,19,60.94870128081533,2018-02-09,0.0683415207349451,False,False,60.94870128081533,65.64,-0.0741527184655922,0.0029569892473118,-0.0047227322805729,1.0,0.0,False,True,False,True,True,False,0.6035268233568342,-0.0116318399104263,65.20531394415852,77.75886036705259,2018-01,technical_calendar,ba5fee639dad4dc54839faefdc40c3d8ff99f8d74856e0890ae3c45c887d153a,False,technical_calendar
2018-03-28,72.88,73.33,72.43,72.73,61.21,1169200,0.8416059397772583,61.33624089096658,61.71496356386635,60.95751821806682,61.21,180.720401535282,0.0,1.0,72.88,73.33,72.43,72.73,0.9995101241018942,85035916.0,72.73,72.73,72.73,FinMind USStockPrice,0.0,0.0,0.0,0.0,0.0,0.0,0.0,False,1.0,0.0253948639266967,2018-03-29,-0.0132130196583951,-0.0294770206022186,-0.0357424027712172,-0.0182750881692851,-0.0259884849063207,-0.0373743142628097,37.31343283582086,-1.7493062592288722,-0.0840562369129525,0.1681951852022101,1.4590040560169195,0.0,0.0253843932571283,,,0.0,0.0,0.0,20,0.9032258064516128,0.5877852522924732,-0.8090169943749473,2018-03,21,61.33624089096658,2018-03-28,0.0,True,True,61.33624089096658,61.24,0.0015703028587488,-0.0220143093010457,-0.0377943627273384,0.0,0.0,True,True,True,False,True,True,0.6093026825382954,-0.002455032912643,61.39528737687844,72.95015930273433,2018-02,technical_calendar,ba5fee639dad4dc54839faefdc40c3d8ff99f8d74856e0890ae3c45c887d153a,False,technical_calendar
2018-04-04,71.9,73.59,71.78,73.51,61.87,2300100,0.8416541967079308,60.51493674330023,61.93733233573664,60.41393823969528,61.87,182.66902863891352,0.0,1.0,71.9,73.59,71.78,73.51,1.007983056370153,169080351.0,73.51,73.51,73.51,FinMind USStockPrice,0.0,0.0,0.0,0.0,0.0,0.0,0.0,False,1.0,0.0216269190985402,2018-04-05,0.0105367138623642,-0.0109571382533033,-0.0229226361031519,-0.0353606789250353,-0.0201540487688073,-0.0334822248699606,35.849056603773576,-1.1137172969394369,-0.0819623093030212,0.180175302976808,-0.542631313906152,0.0,0.021798914341611,,,0.0,0.0,0.0,3,0.1333333333333333,0.5877852522924732,-0.8090169943749473,2018-04,21,60.51493674330023,2018-04-04,0.0,True,True,60.51493674330023,61.38,-0.0141938263076879,0.0229292060762396,0.0196396269410574,1.0,0.0,False,False,False,True,True,False,0.6899042650208155,-0.0127535877302522,60.90516625994172,72.36364589895452,2018-03,technical_calendar,ba5fee639dad4dc54839faefdc40c3d8ff99f8d74856e0890ae3c45c887d153a,False,technical_calendar
2018-05-31,74.65,74.68,74.19,74.36,62.58,642100,0.8415814954276493,62.82405863367402,62.849306078536856,62.436931145777294,62.58,184.76527900797169,0.0,1.0,74.65,74.68,74.19,74.36,0.994912559618442,47746556.0,74.36,74.36,74.36,FinMind USStockPrice,0.0,0.0,0.0,0.0,0.0,0.0,0.0,False,1.0,0.0213797044504262,2018-06-01,0.0130455789982284,-0.0106951871657754,0.0114166264672774,0.0012734797835083,-0.0021574973031283,0.0033844951306338,49.5689655172414,-0.2379149903234403,-0.0205543444409843,0.10000886433725,-0.8662609859248805,0.0,0.0212710037855726,,,0.0,0.0,0.0,22,1.0,-0.587785252292473,-0.8090169943749475,2018-05,22,61.58478577202911,2018-05-04,0.0201230360081527,False,False,62.82405863367402,62.9,-0.0012080643337025,0.0044685604851579,0.0065101526518553,1.0,0.0,False,False,False,True,True,False,0.2904348217109623,0.0001902534928288,63.22652792356338,75.12822972828656,2018-04,technical_calendar,ba5fee639dad4dc54839faefdc40c3d8ff99f8d74856e0890ae3c45c887d153a,True,technical_calendar
2018-06-28,72.63,73.14,72.39,73.01,61.9,1088700,0.8478290645117107,61.577824955485546,62.01021777838652,61.37434598000274,61.9,182.75760259816948,0.0,1.0,72.63,73.14,72.39,73.01,1.0050332846241272,79485987.0,73.01,73.01,73.01,FinMind USStockPrice,0.0,0.0,0.0,0.0,0.0,0.0,0.0,False,1.0,0.0230229876263297,2018-06-29,-0.0094885815374716,-0.0247030878859857,-0.020826709062003,0.0034213098729229,-0.0264451575170319,-0.0207436772593331,23.953488372093275,-2.3316286246612874,-0.0396070481833774,0.0961477467082179,0.0743698084135737,0.0,0.0295696962550022,,,0.0,0.0,0.0,20,0.9333333333333332,-0.587785252292473,-0.8090169943749475,2018-06,21,61.577824955485546,2018-06-28,0.0,True,True,61.577824955485546,61.59,-0.0001976984583191,-0.0261037705446343,-0.0246662666866657,1.0,1.0,True,True,True,False,False,False,0.6650526858400806,-0.0017855800382321,61.78752487186376,72.87733749426128,2018-05,technical_calendar,ba5fee639dad4dc54839faefdc40c3d8ff99f8d74856e0890ae3c45c887d153a,False,technical_calendar
2018-07-02,72.65,73.13,72.55,73.11,61.99,672300,0.8479004240186021,61.599965804951445,62.00695800848037,61.51517576254958,61.99,183.0233244759374,0.0,1.0,72.65,73.13,72.55,73.11,0.99646359106253,49151853.0,73.11,73.11,73.11,FinMind USStockPrice,0.0,0.0,0.0,0.0,0.0,0.0,0.0,False,1.0,0.0229914967391373,2018-07-03,0.0050080775444265,-0.0126963973972384,-0.0155087830352903,0.0003215951117541,-0.0153529597974042,-0.0108990309322607,29.220779220779196,-1.219484400219653,-0.0299391860283798,0.0920772362759144,-0.3038342334124483,0.0,0.0229100221698014,,,0.0,0.0,0.0,1,0.064516129032258,0.0,1.0,2018-07,21,61.599965804951445,2018-07-02,0.0,True,True,61.599965804951445,62.21,-0.009854443102033,0.0173315892740353,0.0015705528956115,0.0,0.0,False,False,False,True,True,True,0.7819776353487271,-0.0118308484356059,61.78573123265702,72.86908873075585,2018-06,technical_calendar,ba5fee639dad4dc54839faefdc40c3d8ff99f8d74856e0890ae3c45c887d153a,False,technical_calendar
2018-08-02,74.64,75.25,74.55,75.22,63.78,481400,0.8479127891518213,63.288210582291946,63.80543738367456,63.21189843126828,63.78,188.30823737821083,0.0,1.0,74.64,75.25,74.55,75.22,1.000156813548691,36210908.0,75.22,75.22,75.22,FinMind USStockPrice,0.0,0.0,0.0,0.0,0.0,0.0,0.0,False,1.0,0.0223465611087255,2018-08-03,-0.0035937499999999,-0.010397268777157,0.0298772609819122,0.0193414322250637,0.0037856428903109,0.0080407199763941,57.3883161512027,0.5255092215771686,-0.010397268777157,0.0850955268859442,-0.2772619864763431,0.0,0.0223495323307849,,,0.0,0.0,0.0,2,0.064516129032258,-0.587785252292473,-0.8090169943749475,2018-08,23,62.70022351666216,2018-08-15,0.0093777507104664,False,False,62.70022351666216,63.77,-0.0169178478356137,0.0119760479041917,-0.0017258148259194,0.0,0.0,False,True,False,True,True,True,0.6424897692984548,-0.0110424823086095,63.38504304723504,74.7542009722957,2018-07,technical_calendar,ba5fee639dad4dc54839faefdc40c3d8ff99f8d74856e0890ae3c45c887d153a,False,technical_calendar
2018-09-11,74.53,75.01,74.36,74.98,63.57,1023600,0.8478260869565217,63.188478260869566,63.5954347826087,63.04434782608696,63.57,187.68821966341892,0.0,1.0,74.53,75.01,74.36,74.98,1.0018912529550827,76749528.0,74.98,74.98,74.98,FinMind USStockPrice,0.0,0.0,0.0,0.0,0.0,0.0,0.0,False,1.0,0.0224180891784253,2018-09-12,0.0025280455048188,-0.0170410534469401,0.0017366592990211,-0.0076634344698154,-0.0060467447835077,-0.0001549536583508,48.333333333333336,-0.5803861665376473,-0.0254953156197205,0.0925265953910944,-0.1328285802887803,0.0,0.0224630272163348,,,0.0,0.0,0.0,6,0.3666666666666666,0.9510565162951536,0.3090169943749474,2018-09,19,63.188478260869566,2018-09-11,0.0,True,True,63.188478260869566,63.45,-0.0041302156262428,-0.0057606703325477,0.0110011243634118,1.0,0.0,True,False,False,False,True,False,0.6406794187756258,-0.009010999860485,63.19522445082966,74.53795704456832,2018-08,technical_calendar,ba5fee639dad4dc54839faefdc40c3d8ff99f8d74856e0890ae3c45c887d153a,False,technical_calendar
2018-10-02,75.72,75.89,75.57,75.71,64.5,908100,0.8519350151895391,64.5085193501519,64.65334830273412,64.38072909787346,64.5,190.4340124003543,0.0,1.0,75.72,75.89,75.57,75.71,0.995216787532788,68752251.0,75.71,75.71,75.71,FinMind USStockPrice,0.0,0.0,0.0,0.0,0.0,0.0,0.0,False,1.0,0.022160327164105,2018-10-03,0.0032507739938081,0.0,0.0040278853601862,0.0318420633657063,0.0083942088516506,0.0134638540086633,70.66666666666728,0.9390852832347804,-0.004760442260442,0.0676824890817563,-0.202101763103955,0.0,0.0220554537872274,,,0.0,0.0,0.0,2,0.064516129032258,0.9510565162951536,0.3090169943749474,2018-10,23,58.22626678215677,2018-10-30,0.1078937894386919,False,False,58.22626678215677,64.81,-0.1071233402351024,0.0111761575306015,0.0027071718102931,1.0,0.0,False,False,False,True,True,False,0.551629766543442,-0.0094101343718103,64.52400464336091,75.73817661316053,2018-09,technical_calendar,ba5fee639dad4dc54839faefdc40c3d8ff99f8d74856e0890ae3c45c887d153a,False,technical_calendar
2018-11-30,70.78,71.18,70.66,71.11,60.58,1663800,0.8519195612431444,60.29886654478976,60.63963436928702,60.19663619744058,60.58,178.8603483909064,0.0,1.0,70.78,71.18,70.66,71.11,1.00198478332782,118312818.0,71.11,71.11,71.11,FinMind USStockPrice,0.0,0.0,0.0,0.0,0.0,0.0,0.0,False,1.0,0.0235938457262606,2018-12-03,-0.0024748391354562,0.0249194778776065,0.0152812762384551,-0.0511613308223477,0.0060234949582349,-0.0205840425072357,43.88297872340429,0.4265719198909439,-0.0715601965601964,0.1716153297666796,-0.2928817449312094,0.0,0.0236403884682879,,,0.0,0.0,0.0,21,1.0,-0.9510565162951536,0.3090169943749472,2018-11,21,58.60148110465117,2018-11-23,0.0289648897628949,False,False,60.29886654478976,60.46,-0.00266868273033,-0.0018552875695733,-0.0081367493605098,0.0,0.0,True,True,False,False,True,True,0.2059192297861923,-0.0007192747181723,60.71861092789807,71.2727042436915,2018-10,technical_calendar,ba5fee639dad4dc54839faefdc40c3d8ff99f8d74856e0890ae3c45c887d153a,True,technical_calendar
2018-12-06,68.85,69.68,68.02,69.6,59.29,4867600,0.851867816091954,58.65109913793104,59.358149425287365,57.94404885057471,59.29,175.05166814289933,0.0,1.0,68.85,69.68,68.02,69.6,0.9947986577181208,338784960.0,69.6,69.6,69.6,FinMind USStockPrice,0.0,0.0,0.0,0.0,0.0,0.0,0.0,False,1.0,0.0241057237010688,2018-12-07,-0.029474027031428,0.0021859761224145,-0.0152015862524785,-0.0606776989755712,-0.0084679498910312,-0.0322344936957219,48.14385150812063,-0.5655175065883055,-0.0847665847665846,0.1989361730605168,-0.1561753222596511,0.0,0.0239816805259347,,,0.0,0.0,0.0,3,0.1935483870967742,-0.587785252292473,-0.8090169943749475,2018-12,19,53.791647331786535,2018-12-26,0.0903384084181591,False,False,53.791647331786535,59.6,-0.1025373730127362,-0.033373786407767,-0.0498059305121235,1.0,0.0,True,True,True,False,True,False,0.7079153357632496,-0.0126219837221002,59.14671971689109,69.43180455887367,2018-11,technical_calendar,ba5fee639dad4dc54839faefdc40c3d8ff99f8d74856e0890ae3c45c887d153a,False,technical_calendar
2019-01-02,64.52,65.54,64.41,65.38,56.13,2531200,0.8585194249005813,55.3916732945855,56.2673631079841,55.29723615784644,56.13,165.72187776793623,0.0,1.0,64.52,65.54,64.41,65.38,0.9987544483985764,165489856.0,65.38,65.38,65.38,FinMind USStockPrice,0.0,0.0,0.0,0.0,0.0,0.0,0.0,False,1.0,0.0255435649789172,2019-01-03,0.0059065688204762,0.0306253438474235,-0.0704598081376116,-0.1286821705426356,-0.0199497767857141,-0.0539171812792318,39.1954022988506,-0.5760002442707424,-0.1189841667973033,0.2299838952084778,0.7962472373228745,0.0,0.0255123476676078,,,0.0,0.0,0.0,1,0.064516129032258,0.5877852522924732,-0.8090169943749473,2019-01,21,55.3916732945855,2019-01-02,0.0,True,True,55.3916732945855,56.2,-0.0144874759845939,-0.0060126582278481,0.0067981557823546,0.0,0.0,True,False,False,False,True,True,0.6031735796257668,-0.0163381948856736,55.56569995045702,64.72270555426473,2018-12,technical_calendar,ba5fee639dad4dc54839faefdc40c3d8ff99f8d74856e0890ae3c45c887d153a,False,technical_calendar
2019-02-28,72.84,72.89,72.61,72.68,62.39,4534700,0.8584204733076499,62.52734727572923,62.570268299394606,62.32991056686846,62.39,184.2043105993505,0.0,1.0,72.84,72.89,72.61,72.68,0.9966453674121406,329581996.00000006,72.68,72.68,72.68,FinMind USStockPrice,0.0,0.0,0.0,0.0,0.0,0.0,0.0,False,1.0,0.0229779620022236,2019-03-01,-0.0012763241863431,0.0051380860629415,0.0513940208263352,0.0328328658637189,0.0185569358683361,0.0590126032650069,70.72463768115948,1.461825426652049,-0.0012763241863431,0.0900974336643236,1.9334912770311057,0.0,0.0229023351388043,,,0.0,0.0,0.0,19,1.0,-0.587785252292473,-0.8090169943749475,2019-02,19,60.229630891538896,2019-02-08,0.0381492688927156,False,False,62.52734727572923,62.6,-0.001161260651921,-0.0038575667655786,-0.0122276046773698,0.0,0.0,True,True,False,False,True,True,0.2081180752421106,-0.0011362991708876,62.841552610754114,73.20602730805592,2019-01,technical_calendar,ba5fee639dad4dc54839faefdc40c3d8ff99f8d74856e0890ae3c45c887d153a,True,technical_calendar
2019-03-08,71.24,71.58,71.08,71.53,61.41,1890300,0.8585209003215434,61.161028938906746,61.45292604501607,61.0236655948553,61.41,181.3108945969885,0.0,1.0,71.24,71.58,71.08,71.53,0.9974013318174436,135213159.0,71.53,71.53,71.53,FinMind USStockPrice,0.0,0.0,0.0,0.0,0.0,0.0,0.0,False,1.0,0.0233473826131918,2019-03-11,-0.0106058171300015,-0.0131431319121654,0.0065391531796632,0.0579037800687285,-0.0052026109998059,0.0373498746205622,54.427083333333584,-0.4283498289437161,-0.0181789188327218,0.0902174207728495,-0.2012894208327702,0.0,0.0232855309303069,,,0.0,0.0,0.0,6,0.2580645161290322,-0.9510565162951536,0.3090169943749472,2019-03,21,61.161028938906746,2019-03-08,0.0,True,True,61.161028938906746,61.57,-0.0066645342806425,-0.0042411390487731,-0.0110434691337661,1.0,1.0,True,True,False,False,False,False,0.6668011777694977,-0.0091886976078722,61.31187740542297,71.41570738983724,2019-02,technical_calendar,ba5fee639dad4dc54839faefdc40c3d8ff99f8d74856e0890ae3c45c887d153a,False,technical_calendar
2019-04-30,75.61,75.76,75.26,75.71,65.25,2146700,0.8618412362963942,65.16381587637036,65.29309206181483,64.86217144366663,65.25,192.64836138175377,0.0,1.0,75.61,75.76,75.26,75.71,1.0009203865623562,162526657.0,75.71,75.71,75.71,FinMind USStockPrice,0.0,0.0,0.0,0.0,0.0,0.0,0.0,False,1.0,0.0222916043066831,2019-05-01,0.0013824884792628,0.0064844835572022,0.033777354900095,0.0741473059812158,0.0091409376233562,0.0351315946171251,61.18881118881098,1.5285173424090155,0.0,0.0670274731249456,-1.006057762215691,0.0,0.0223122337659833,,,0.0,0.0,0.0,21,1.0,0.9510565162951536,0.3090169943749474,2019-04,21,63.56836054513561,2019-04-01,0.0250982614236516,False,False,65.16381587637036,65.19,-0.0004017392786818,-0.0024070607114202,-0.0019128861315755,0.0,0.0,True,True,False,False,True,True,0.1809207289500964,0.0002672585421085,65.53346203729839,76.03890284818178,2019-03,technical_calendar,ba5fee639dad4dc54839faefdc40c3d8ff99f8d74856e0890ae3c45c887d153a,True,technical_calendar
2019-05-07,74.64,74.69,73.61,74.05,63.82,2874100,0.861850101282917,64.32849155975693,64.37158406482106,63.44078595543552,63.82,188.42633599055213,0.0,1.0,74.64,74.69,73.61,74.05,0.9835105563260904,212827105.0,74.05,74.05,74.05,FinMind USStockPrice,0.0,0.0,0.0,0.0,0.0,0.0,0.0,False,1.0,0.0227913215673055,2019-05-08,-0.0070390206579954,-0.0046019328117811,0.0065146579804555,0.0711455926048199,0.001010420442888,0.0248999028643177,52.79503105590056,0.2286735332002115,-0.0070390206579954,0.070711328766527,0.6111061593712832,0.0,0.0224129795758164,,,0.0,0.0,0.0,5,0.2258064516129032,0.9510565162951536,0.3090169943749474,2019-05,22,61.29829329962074,2019-05-31,0.0494336481005244,False,False,61.29829329962074,64.89,-0.0569415278465146,-0.0212877792378448,-0.0171706882281785,1.0,0.0,True,True,True,False,True,False,0.6385407962453988,-0.0081211960672516,64.68697542642558,75.05594688697609,2019-04,technical_calendar,ba5fee639dad4dc54839faefdc40c3d8ff99f8d74856e0890ae3c45c887d153a,False,technical_calendar
2019-06-28,75.09,75.25,74.99,75.16,65.26,2162300,0.868281000532198,65.19922032996276,65.3381452900479,65.11239222990953,65.26,192.6778860348392,0.0,1.0,75.09,75.25,74.99,75.16,1.004618226600985,162518468.0,75.16,75.16,75.16,FinMind USStockPrice,0.0,0.0,0.0,0.0,0.0,0.0,0.0,False,1.0,0.0223949070481001,2019-07-01,0.0043290043290038,-0.0077898274018636,0.0485875706214689,0.017225180081428,0.0170977641385356,0.0162014465018536,65.71428571428568,0.9514390052934129,-0.0077898274018636,0.1045080178869701,-0.4363174160179868,0.0,0.0224966748694895,,,0.0,0.0,0.0,20,0.9333333333333332,-0.9510565162951536,0.3090169943749472,2019-06,20,61.48447405329594,2019-06-03,0.0604176311803008,False,False,65.19922032996276,64.96,0.0036758148782803,0.0128130460104833,0.0146744391745541,0.0,0.0,False,False,False,True,True,True,0.2180761906336553,-0.0019341691203639,65.1586501926691,75.04327533682209,2019-05,technical_calendar,ba5fee639dad4dc54839faefdc40c3d8ff99f8d74856e0890ae3c45c887d153a,True,technical_calendar
2019-07-31,75.91,75.99,74.58,75.16,65.26,2355500,0.868281000532198,65.91121075039915,65.98067323044172,64.75639701969133,65.26,192.6778860348392,0.0,1.0,75.91,75.99,74.58,75.16,0.9908897661706652,177039380.0,75.16,75.16,75.16,FinMind USStockPrice,0.0,0.0,0.0,0.0,0.0,0.0,0.0,False,1.0,0.0223949070481001,2019-08-01,-0.0057367149758451,-0.0055865921787709,0.0006077180188395,0.0078041315990819,-0.0026425580567731,0.0229832091580761,48.03625377643509,-0.7761709870602908,-0.0088788562829192,0.0666149819902105,0.4537201640842518,0.0,0.0221911827783151,,,0.0,0.0,0.0,22,1.0,0.5877852522924732,-0.8090169943749473,2019-07,22,65.41819119397066,2019-07-09,0.0075364290487127,False,False,65.91121075039915,65.86,0.0007772677003687,-0.0189070189070188,-0.0026282524624222,0.0,0.0,True,True,True,False,True,True,0.4102095512879711,0.0001562996008854,66.1996461697029,76.24219132875989,2019-06,technical_calendar,ba5fee639dad4dc54839faefdc40c3d8ff99f8d74856e0890ae3c45c887d153a,True,technical_calendar
2019-08-05,72.76,72.77,71.31,71.81,62.35,3968800,0.8682634730538922,63.1748502994012,63.18353293413173,61.91586826347305,62.35,184.0862119870092,0.0,1.0,72.76,72.77,71.31,71.81,0.9720922980979108,284999528.0,71.81,71.81,71.81,FinMind USStockPrice,0.0,0.0,0.0,0.0,0.0,0.0,0.0,False,1.0,0.0234396492652166,2019-08-06,-0.0092678405931416,-0.0325791855203619,-0.0293583535108959,0.005171603196991,-0.0255833738454059,-0.0041506660732214,27.57894736842101,-3.1071697306817967,-0.0347629796839727,0.0777334356471218,2.9010594729403394,0.0,0.0227859917928144,,,0.0,0.0,0.0,3,0.1612903225806451,0.0,1.0,2019-08,22,62.26945840312675,2019-08-15,0.0145399031803525,False,False,62.26945840312675,64.14,-0.0295971229754539,-0.0054362598532208,-0.0155756028518895,1.0,1.0,True,True,False,False,False,False,0.9168498655102604,-0.0123363265837194,63.67037661956721,73.33070962391534,2019-07,technical_calendar,ba5fee639dad4dc54839faefdc40c3d8ff99f8d74856e0890ae3c45c887d153a,False,technical_calendar
2019-09-30,74.61,74.98,74.61,74.82,65.34,943100,0.8732959101844427,65.15660785886128,65.47972734562953,65.15660785886128,65.34,192.9140832595217,0.0,1.0,74.61,74.98,74.61,74.82,1.0036866359447003,70562742.0,74.82,74.82,74.82,FinMind USStockPrice,0.0,0.0,0.0,0.0,0.0,0.0,0.0,False,1.0,0.0235223255364645,2019-10-01,-0.0062585864753476,-0.0106382978723406,0.0206961429915331,-0.0188394875659382,-0.0040313018733698,0.0041957178996727,47.528517110265724,-0.3762854757754276,-0.0203160270880361,0.0781359971428922,0.2086272133203622,0.0,0.0236075170575222,,,0.0,0.0,0.0,20,1.0,0.0,1.0,2019-09,20,63.43712255772647,2019-09-03,0.0271053482851482,False,False,65.15660785886128,65.1,0.0008691745218236,-0.0204329846752614,-0.0235617998860832,1.0,0.0,True,True,True,False,True,False,0.3906281613931558,-0.0002016289215224,65.41230965681694,74.90280086506036,2019-08,technical_calendar,ba5fee639dad4dc54839faefdc40c3d8ff99f8d74856e0890ae3c45c887d153a,True,technical_calendar
2019-10-02,73.43,73.53,72.5,72.8,63.58,2382600,0.8733516483516484,64.13021153846155,64.2175467032967,63.3179945054945,63.58,187.7177443165043,0.0,1.0,73.43,73.53,72.5,72.8,0.9836014851485148,173453280.0,72.8,72.8,72.8,FinMind USStockPrice,0.0,0.0,0.0,0.0,0.0,0.0,0.0,False,1.0,0.024175005448328,2019-10-03,-0.0107131925313743,-0.0108645753634275,0.0171518489378441,-0.0171810856013381,-0.0129866163794748,-0.0024203857698807,32.68608414239492,-1.7833490700124222,-0.0272385252069223,0.0860843055745808,1.62609276094381,0.0,0.0237765522377503,,,0.0,0.0,0.0,2,0.064516129032258,0.5877852522924732,-0.8090169943749473,2019-10,23,63.59718920392585,2019-10-03,0.0083812247240449,False,False,63.59718920392585,64.64,-0.0162641397502133,0.0153172866520787,-0.0093344025661588,0.0,0.0,False,True,False,True,True,True,0.8471180231539304,-0.0112084522233812,64.23912851720567,73.55471148242486,2019-09,technical_calendar,ba5fee639dad4dc54839faefdc40c3d8ff99f8d74856e0890ae3c45c887d153a,False,technical_calendar
2019-11-29,79.01,79.06,78.84,78.88,68.89,698500,0.8733519269776877,69.00353575050711,69.047203346856,68.8550659229209,68.89,203.3953351048125,0.0,1.0,79.01,79.06,78.84,78.88,0.993940268359544,55097680.0,78.88,78.88,78.88,FinMind USStockPrice,0.0,0.0,0.0,0.0,0.0,0.0,0.0,False,1.0,0.0223116176044406,2019-12-02,0.0040562074460379,0.0136004679730914,0.0287962000890604,0.0774133374786258,0.0135115374491854,0.041660404580841,69.91525423728811,2.073323366486212,0.0,0.0575728541831687,3.076309399623542,0.0,0.0221738742174408,,,0.0,0.0,0.0,20,0.9666666666666668,-0.9510565162951536,0.3090169943749472,2019-11,20,67.53307454615681,2019-11-01,0.0217739413499571,False,False,69.00353575050711,69.31,-0.0044314498845268,0.0048461862621154,0.0073407379037406,0.0,0.0,False,False,False,True,True,True,0.1796095460869285,-0.0022479624524788,69.50014055817277,79.57861935300723,2019-10,technical_calendar,ba5fee639dad4dc54839faefdc40c3d8ff99f8d74856e0890ae3c45c887d153a,True,technical_calendar
2019-12-03,77.67,77.92,77.31,77.91,68.04,3234400,0.8733153638814017,67.83040431266848,68.04873315363882,67.51601078167117,68.04,200.88573959255984,0.0,1.0,77.67,77.92,77.31,77.91,0.9947368421052633,251992104.0,77.91,77.91,77.91,FinMind USStockPrice,0.0,0.0,0.0,0.0,0.0,0.0,0.0,False,1.0,0.0225894031143406,2019-12-04,-0.0071127885034109,-0.0007304601899194,0.0084033613445377,0.0495626822157435,-0.0014671425756014,0.02616931793746,52.45901639344297,-0.304650729729869,-0.0131294185543209,0.0596219566173838,0.0139216500976817,0.0,0.0224711490888442,,,0.0,0.0,0.0,2,0.0967741935483871,0.9510565162951536,0.3090169943749474,2019-12,21,67.83040431266848,2019-12-03,0.0,True,True,67.83040431266848,68.4,-0.0083622890120544,-0.002128565346956,-0.0146140583863376,0.0,0.0,True,True,False,False,True,True,0.7099542098068541,-0.0099056808805586,68.06442514548598,77.93796829930648,2019-11,technical_calendar,ba5fee639dad4dc54839faefdc40c3d8ff99f8d74856e0890ae3c45c887d153a,False,technical_calendar
2020-01-06,80.67,81.37,80.66,81.37,71.6,2641500,0.8799311785670393,70.98404817500307,71.6,70.97524886321739,71.6,211.396516090936,0.0,1.0,80.67,81.37,80.66,81.37,1.0037852236085798,214938855.0,81.37,81.37,81.37,FinMind USStockPrice,0.0,0.0,0.0,0.0,0.0,0.0,0.0,False,1.0,0.0231254085804265,2020-01-07,-0.0091679399916655,-0.0005604595768531,0.0405543398978847,0.1199560370544825,0.0126061156696288,0.0415926403660344,69.6000000000001,0.9227419649081204,-0.0091679399916655,0.0765860673899819,0.4914076617562762,0.0,0.0232109842875207,,,0.0,0.0,0.0,3,0.1935483870967742,0.0,1.0,2020-01,21,70.70480597014924,2020-01-27,0.0039494091104885,False,True,70.70480597014924,71.33,-0.0088034487507993,-0.0328971962616821,-0.0179722550333437,0.0,0.0,True,True,True,False,True,True,0.5565536827158192,-0.0083247114693099,71.09235641593841,80.79308717269427,2019-12,technical_calendar,ba5fee639dad4dc54839faefdc40c3d8ff99f8d74856e0890ae3c45c887d153a,False,technical_calendar
2020-02-27,75.65,76.58,74.21,74.21,65.3,3975100,0.8799353186902035,66.5671068589139,67.38544670529578,65.3,65.3,192.7959846471804,0.0,1.0,75.65,76.58,74.21,74.21,0.9629848104999262,294992171.0,74.21,74.21,74.21,FinMind USStockPrice,0.0,0.0,0.0,0.0,0.0,0.0,0.0,False,1.0,0.0253566163076311,2020-02-28,-0.0016195524146054,-0.0716046002190582,-0.050811870100784,-0.021641898715914,-0.0528800491647577,-0.0468403716493227,22.424242424242465,-2.407126110178326,-0.0733807051106861,0.1815981002150556,0.6902006661798062,0.0,0.0244188229456177,,,0.0,0.0,0.0,18,0.9310344827586208,-0.587785252292473,-0.8090169943749475,2020-02,19,63.51488711639855,2020-02-28,0.0480551864466325,False,False,63.51488711639855,67.81,-0.0654353554965884,0.0216666666666667,0.0021991741642852,1.0,0.0,False,False,False,True,True,False,0.7484826486935795,-0.0038923123311132,67.88430817550393,77.14692970450454,2020-01,technical_calendar,ba5fee639dad4dc54839faefdc40c3d8ff99f8d74856e0890ae3c45c887d153a,False,technical_calendar
2020-03-09,68.5,69.84,67.53,67.7,59.57,6982500,0.8799113737075333,60.27392909896603,61.45301033973413,59.42041506646972,59.57,175.87835842928848,0.0,1.0,68.5,69.84,67.53,67.7,0.9211380856656872,472715250.0,67.7,67.7,67.7,FinMind USStockPrice,0.0,0.0,0.0,0.0,0.0,0.0,0.0,False,1.0,0.0277948965463708,2020-03-10,-0.0176211453744492,-0.0064526040866488,-0.1089831909616972,-0.0626177706914041,-0.0714670304031011,-0.0867839978912385,25.61692126909517,-1.5545195721697331,-0.1162886034435637,0.2791128352664948,0.805274777408591,0.0,0.025601557771283,,,0.0,0.0,0.0,6,0.2903225806451613,0.0,1.0,2020-03,22,49.14595998531572,2020-03-23,0.2264269355400774,False,False,49.14595998531572,64.67,-0.2745027698975383,-0.0118807893677003,-0.0196882406878773,1.0,0.0,True,True,True,False,True,False,0.7967146153267031,-0.0331322057642059,62.87525922066834,71.45635469597526,2020-02,technical_calendar,ba5fee639dad4dc54839faefdc40c3d8ff99f8d74856e0890ae3c45c887d153a,False,technical_calendar
2020-04-30,69.87,69.92,68.97,69.31,61.23,2688700,0.8834223055836098,61.72471649112682,61.768887606406,60.929636416101566,61.23,180.7794508414526,0.0,1.0,69.87,69.92,68.97,69.31,0.9847217754905112,186353797.0,69.31,69.31,69.31,FinMind USStockPrice,0.0,0.0,0.0,0.0,0.0,0.0,0.0,False,1.0,0.0264111835579732,2020-05-01,0.0284485610320872,0.0565845369583686,0.120764239365537,-0.1185143181173804,0.0690920970057513,0.0094893295776476,65.34508076358296,1.696078083563669,-0.1503142935228206,0.3796647353355328,0.6385309055854991,0.0,0.0260059544310715,,,0.0,0.0,0.0,21,1.0,-0.587785252292473,-0.8090169943749475,2020-04,21,53.05102840352595,2020-04-02,0.1634970772220578,False,False,61.72471649112682,62.18,-0.0073489625062786,0.0326590813316476,0.0493518015888303,0.0,0.0,False,False,False,True,True,True,0.0310209200407035,-0.0022665289460203,62.34942295775862,70.5771436420423,2020-03,technical_calendar,ba5fee639dad4dc54839faefdc40c3d8ff99f8d74856e0890ae3c45c887d153a,True,technical_calendar
2020-05-29,72.67,73.04,71.93,72.92,64.42,3597400,0.8834339001645639,64.19914152495886,64.52601206801975,63.545400438837085,64.42,190.1978151756717,0.0,1.0,72.67,73.04,71.93,72.92,1.0021779713752337,262322408.0,72.92,72.92,72.92,FinMind USStockPrice,0.0,0.0,0.0,0.0,0.0,0.0,0.0,False,1.0,0.0251036633626319,2020-06-01,0.000622665006227,0.023566878980892,0.0337729173367644,-0.0198231168039038,0.0458835014643672,0.0976744715548967,68.11740890688264,1.981894646784284,-0.0514977128522943,0.2302586375328884,0.3371392927796112,0.0,0.0251588665805817,,,0.0,0.0,0.0,20,0.935483870967742,-0.9510565162951536,0.3090169943749472,2020-05,20,58.962826917425794,2020-05-14,0.0888070481231546,False,False,64.19914152495886,64.28,-0.0012587021481768,-0.0281478298238074,-0.0230876247083596,1.0,0.0,True,True,True,False,True,False,0.0958573822306043,-0.002822506938316,64.41931918333881,72.91922935189486,2020-04,technical_calendar,ba5fee639dad4dc54839faefdc40c3d8ff99f8d74856e0890ae3c45c887d153a,True,technical_calendar
2020-06-30,74.08,75.15,74.0,74.8,66.4,1530800,0.8877005347593584,65.76085561497327,66.71069518716578,65.68983957219253,66.4,196.04369648656632,0.0,1.0,74.08,75.15,74.0,74.8,1.0065181142943764,114503840.0,74.8,74.8,74.8,FinMind USStockPrice,0.0,0.0,0.0,0.0,0.0,0.0,0.0,False,1.0,0.0219464174534411,2020-07-01,0.0119650253106304,-0.0164007753093782,0.0110344827586208,0.2189578713968958,-0.0117964273677115,0.0554918535505719,39.51417004048585,-0.660316416791284,-0.0477771362586604,0.2851906482580222,-0.9510749310339,0.0,0.0220881596544321,,,0.0,0.0,0.0,22,1.0,0.9510565162951536,0.3090169943749474,2020-06,22,64.05439210950081,2020-06-15,0.0266408508343232,False,False,65.76085561497327,65.97,-0.0031753313948988,0.001175318315377,0.0114364801864801,0.0,0.0,False,False,False,True,True,True,0.2534229667237015,-0.0055080193683992,65.93567300974402,74.27693284832608,2020-05,technical_calendar,ba5fee639dad4dc54839faefdc40c3d8ff99f8d74856e0890ae3c45c887d153a,True,technical_calendar
2020-07-31,79.14,79.2,77.84,78.76,69.91,1005300,0.887633316404266,70.24730066023362,70.30055865921787,69.09337734890806,69.91,206.4068497195158,0.0,1.0,79.14,79.2,77.84,78.76,0.9960108277532412,79177428.0,78.76,78.76,78.76,FinMind USStockPrice,0.0,0.0,0.0,0.0,0.0,0.0,0.0,False,1.0,0.0208429662965641,2020-08-03,-0.0065109695682945,0.0045799341634464,0.0501196888090964,0.1651726427622843,0.0128573283885771,0.0601864905143594,60.1063829787234,0.9574508770674768,-0.0065109695682945,0.1419998326661623,-0.4855374366357101,0.0,0.0207612498484557,,,0.0,0.0,0.0,22,1.0,-0.9510565162951536,0.3090169943749472,2020-07,22,66.6003346613546,2020-07-01,0.0547589740715703,False,False,70.24730066023362,70.19,0.0008160319679171,-0.0331019754404698,0.019584104828372,1.0,0.0,True,False,True,False,True,False,0.2075256289867162,-0.0013627655868693,70.4448846929893,79.3625964585873,2020-06,technical_calendar,ba5fee639dad4dc54839faefdc40c3d8ff99f8d74856e0890ae3c45c887d153a,True,technical_calendar
2020-08-31,83.77,83.85,83.36,83.49,74.11,703500,0.8876512157144568,74.35854234040005,74.4295544376572,73.99460534195713,74.11,218.8072040153528,0.0,1.0,83.77,83.85,83.36,83.49,0.9942312852159914,58735215.0,83.49,83.49,83.49,FinMind USStockPrice,0.0,0.0,0.0,0.0,0.0,0.0,0.0,False,1.0,0.0196621394839788,2020-09-01,0.0074334369509396,0.0271462036654268,0.0662280074381349,0.1155342711762947,0.0277339252845434,0.0712566258913367,77.75510204081667,2.024629011240524,0.0,0.0862480037628078,-0.977702024884882,0.0,0.0195497442600618,,,0.0,0.0,0.0,21,1.0,0.0,1.0,2020-08,21,70.38380647590363,2020-08-03,0.0564723061100311,False,False,74.35854234040005,74.54,-0.0024373341280358,-0.0020533880903489,0.0198139765331171,1.0,0.0,True,False,False,False,True,False,0.0995519956521669,-0.000971194552055,74.83998051198141,84.31237313379204,2020-07,technical_calendar,ba5fee639dad4dc54839faefdc40c3d8ff99f8d74856e0890ae3c45c887d153a,True,technical_calendar
2020-09-08,80.78,81.22,80.23,80.31,71.29,5736900,0.8876852197733782,71.70721205329349,72.09779354999378,71.21898518241814,71.29,210.48125184529087,0.0,1.0,80.78,81.22,80.23,80.31,0.976976839797177,460730439.0,80.31,80.31,80.31,FinMind USStockPrice,0.0,0.0,0.0,0.0,0.0,0.0,0.0,False,1.0,0.0204406926350067,2020-09-09,-0.0038225255972696,-0.0210625167695198,0.0188494833845294,0.1320198572758302,-0.0032918550491046,0.0408598469449614,51.2499999999999,-0.2435239327948009,-0.0336379287511586,0.1449839104608248,1.671862367002559,0.0,0.0199682766757985,,,0.0,0.0,0.0,5,0.2666666666666666,0.9510565162951536,0.3090169943749474,2020-09,21,69.57751147373789,2020-09-24,0.030609036374626,False,False,69.57751147373789,72.97,-0.0476069936582772,-0.0278646187304607,-0.0096230021081088,0.0,0.0,True,True,True,False,True,True,0.6648410656075465,-0.0114672037688822,72.49870760180099,81.6716398863885,2020-08,technical_calendar,ba5fee639dad4dc54839faefdc40c3d8ff99f8d74856e0890ae3c45c887d153a,False,technical_calendar
2020-10-29,79.16,80.31,78.81,79.78,71.17,2031400,0.8920782150915016,70.61691150664326,71.6428014539985,70.30468413136124,71.17,210.1269560082669,0.0,1.0,79.16,80.31,78.81,79.78,1.0087880935506734,162065092.0,79.78,79.78,79.78,FinMind USStockPrice,0.0,0.0,0.0,0.0,0.0,0.0,0.0,False,1.0,0.0201416267787057,2020-10-30,-0.0310396923499519,-0.0442969384990518,-0.0193216569363359,-0.0074563871693865,-0.0420974738800146,-0.0317112838918207,28.57142857142864,-2.7442085676245407,-0.0656866640180107,0.1755842562373942,3.3633295543339976,0.0,0.0203173471286527,,,0.0,0.0,0.0,21,0.935483870967742,-0.587785252292473,-0.8090169943749475,2020-10,22,70.61691150664326,2020-10-29,0.0,True,True,70.61691150664326,70.55,0.0009479772694611,-0.0329155589315102,-0.0338692082697714,1.0,0.0,True,True,True,False,True,False,0.7780018000305955,-0.0018728142270443,70.7700865868029,79.33170588583863,2020-09,technical_calendar,ba5fee639dad4dc54839faefdc40c3d8ff99f8d74856e0890ae3c45c887d153a,False,technical_calendar
2020-11-30,89.5,89.52,88.51,88.76,79.18,1392400,0.8920684993240199,79.84013068949977,79.85797205948626,78.956982875169,79.18,233.7762031296133,0.0,1.0,89.5,89.52,88.51,88.76,0.9887612387612388,123589424.0,88.76,88.76,88.76,FinMind USStockPrice,0.0,0.0,0.0,0.0,0.0,0.0,0.0,False,1.0,0.0181038641776153,2020-12-01,0.0048939641109297,0.0219499744767737,0.1251931993817621,0.0605217851940143,0.0430003190997478,0.08086706918737,76.67887667887665,1.2376021130464012,0.0,0.1536234895361188,-1.599624811089564,0.0,0.0179001780595426,,,0.0,0.0,0.0,20,1.0,0.0,1.0,2020-11,20,71.24187070151307,2020-11-02,0.1206911034665474,False,False,79.84013068949977,80.08,-0.0029998661125641,0.0128363922981646,0.0120450419961235,0.0,0.0,False,False,False,True,True,True,0.105689388488512,-0.0010935692886332,80.39243721169117,90.1191301706202,2020-10,technical_calendar,ba5fee639dad4dc54839faefdc40c3d8ff99f8d74856e0890ae3c45c887d153a,True,technical_calendar
2020-12-31,92.58,92.68,92.21,92.58,83.08,3220900,0.8973860445020523,83.08,83.16973860445022,82.74796716353424,83.08,245.29081783289047,0.0,1.0,92.58,92.68,92.21,92.58,1.0007227174174895,298190922.0,92.58,92.58,92.58,FinMind USStockPrice,0.0,0.0,0.0,0.0,0.0,0.0,0.0,False,1.0,0.0166970136007448,2021-01-04,0.0033840947546532,0.0170280534117359,0.0331010452961673,0.1335335882031678,0.0163370488030312,0.0700315132142834,71.82203389830511,1.8502542967489872,0.0,0.0765960927183476,0.2328443244013217,0.0,0.0167096478127441,,,0.0,0.0,0.0,22,1.0,-0.587785252292473,-0.8090169943749475,2020-12,22,79.97289216773908,2020-12-02,0.0388520128263452,False,False,83.08,83.02,0.0007224563830188,0.0315833074453766,0.0166980150106828,0.0,0.0,False,False,False,True,True,True,0.1352231015180816,-0.0004542912970944,83.39720476858645,92.9334763778976,2020-11,technical_calendar,ba5fee639dad4dc54839faefdc40c3d8ff99f8d74856e0890ae3c45c887d153a,True,technical_calendar
2021-01-29,93.39,93.69,91.86,92.37,82.9,3117200,0.8974775359965357,83.81542708671647,84.08467034751543,82.44228645664177,82.9,244.7593740773546,0.0,1.0,93.39,93.69,91.86,92.37,0.9803689687795648,287935764.0,92.37,92.37,92.37,FinMind USStockPrice,0.0,0.0,0.0,0.0,0.0,0.0,0.0,False,1.0,0.0167349736836305,2021-02-01,0.0082270180040537,-0.0214095590788101,0.0219966159052455,0.2001135395969346,-0.0036761240456215,0.0412126137441051,47.613365155131255,-0.274142764308286,-0.0214095590788101,0.1368721716441246,1.7436960193272744,0.0,0.0164063841982271,,,0.0,0.0,0.0,19,0.935483870967742,-0.9510565162951536,0.3090169943749472,2021-01,19,82.69431334622823,2021-01-05,0.0135573257110717,False,False,83.81542708671647,84.56,-0.008844256903625,0.0335817545119869,0.0208651434891637,1.0,0.0,False,False,False,True,True,False,0.383492720181505,-0.0029529322401727,84.73222170246945,94.41152374737156,2020-12,technical_calendar,ba5fee639dad4dc54839faefdc40c3d8ff99f8d74856e0890ae3c45c887d153a,True,technical_calendar
2021-02-26,95.71,95.81,94.32,94.84,85.11,3535500,0.8974061577393504,85.89074335723322,85.98048397300717,84.64334879797552,85.11,251.2843224092117,0.0,1.0,95.71,95.81,94.32,94.84,0.9917268701934282,335306820.0,94.84,94.84,94.84,FinMind USStockPrice,0.0,0.0,0.0,0.0,0.0,0.0,0.0,False,1.0,0.0162991303158683,2021-03-01,-0.0227738556137554,-0.0227738556137554,0.0232502682723261,0.0716783216783216,-0.0111023408827714,0.0178738747286895,47.23404255319151,-0.6337810841735751,-0.0312676374308611,0.1516631300988466,0.522380829587839,0.0,0.0161644831031784,,,0.0,0.0,0.0,19,0.9285714285714286,-0.9510565162951536,0.3090169943749472,2021-02,19,83.83438211814796,2021-02-01,0.0245288530448906,False,False,85.89074335723322,85.82,0.0008239829361012,-0.0475915062381228,-0.0579758397356567,0.0,0.0,True,True,True,False,True,True,0.506133255291772,-0.0031263357540958,85.97987741429036,95.8093240978886,2021-01,technical_calendar,ba5fee639dad4dc54839faefdc40c3d8ff99f8d74856e0890ae3c45c887d153a,False,technical_calendar
2021-03-31,97.04,97.69,97.04,97.29,87.54,3108400,0.8997841504779526,87.31505396238052,87.89991366019119,87.31505396238052,87.54,258.458813108946,0.0,1.0,97.04,97.69,97.04,97.29,1.0019457479684102,302416236.0,97.29,97.29,97.29,FinMind USStockPrice,0.0,0.0,0.0,0.0,0.0,0.0,0.0,False,1.0,0.0161742729539189,2021-04-01,-0.000228859137201,0.0092410765854222,0.0092410765854222,0.0516369764082811,0.0058599371409491,0.0123047689669555,54.55729166666656,0.4621815712910294,-0.0137713060164804,0.149314780357266,0.0414080854916195,0.0,0.0162059218917278,,,0.0,0.0,0.0,23,1.0,0.5877852522924732,-0.8090169943749473,2021-03,23,85.20103209565764,2021-03-05,0.0248121626549007,False,False,87.31505396238052,87.37,-0.0006290868987955,0.005997715156131,-0.0032999086632423,0.0,0.0,False,True,False,True,True,True,0.2093253764485955,-0.0008926504282058,87.72850415067838,97.49949930111376,2021-02,technical_calendar,ba5fee639dad4dc54839faefdc40c3d8ff99f8d74856e0890ae3c45c887d153a,True,technical_calendar
2021-04-30,101.72,101.89,101.08,101.31,91.16,1458400,0.8998124568157141,91.52892310729445,91.6818912249531,90.95304313493236,91.16,269.1467375258341,0.0,1.0,101.72,101.89,101.08,101.31,0.9894713991099532,147750504.0,101.31,101.31,101.31,FinMind USStockPrice,0.0,0.0,0.0,0.0,0.0,0.0,0.0,False,1.0,0.0155324747378025,2021-05-03,0.002284595300261,0.0176736993261901,0.0524331734064427,0.0777959756668225,0.0159790915406754,0.0438457514809438,64.25269645608631,1.526643258279866,0.0,0.1002588710112087,0.5003489233136179,0.0,0.0153686396687838,,,0.0,0.0,0.0,21,1.0,-0.9510565162951536,0.3090169943749472,2021-04,21,88.11414933549763,2021-04-01,0.0387539776250345,False,False,91.52892310729445,92.13,-0.0065456012550242,-0.004641427011285,0.0075539013808443,0.0,0.0,True,False,False,False,True,True,0.1533337469329238,-0.0003175344944969,92.56125394213528,102.8672733312607,2021-03,technical_calendar,ba5fee639dad4dc54839faefdc40c3d8ff99f8d74856e0890ae3c45c887d153a,True,technical_calendar
2021-05-04,101.05,101.16,99.96,100.79,90.69,2336800,0.8997916459966265,90.9239458279591,91.02292290901872,89.94317293382278,90.69,267.75907883082374,0.0,1.0,101.05,101.16,99.96,100.79,0.9902817208997596,235526072.0,100.79,100.79,100.79,FinMind USStockPrice,0.0,0.0,0.0,0.0,0.0,0.0,0.0,False,1.0,0.0156126105336519,2021-05-05,0.0046072838964457,-0.0029395753946653,0.0208449448222047,0.0622897575687273,0.0075029153556733,0.0354808801248274,57.744565217391234,0.8392830732666737,-0.0059698252469337,0.0962926207244603,1.5640513448990263,0.0,0.0154607488277341,,,0.0,0.0,0.0,2,0.1290322580645161,0.9510565162951536,0.3090169943749474,2021-05,20,89.11414125200642,2021-05-13,0.0203088370771,False,False,89.11414125200642,91.58,-0.0272948732018946,-0.0068097014925373,-0.0114538805206834,1.0,0.0,True,True,False,False,True,False,0.5764490728124996,-0.0101722939052297,91.10640916226332,101.25278398351,2021-04,technical_calendar,ba5fee639dad4dc54839faefdc40c3d8ff99f8d74856e0890ae3c45c887d153a,False,technical_calendar
2021-06-30,103.52,103.7,103.42,103.61,93.69,1358200,0.9042563459125568,93.60861692886786,93.77138307113214,93.5181912942766,93.69,276.6164747564216,0.0,1.0,103.52,103.7,103.42,103.61,0.9973387268469236,140723102.0,103.61,103.61,103.61,FinMind USStockPrice,0.0,0.0,0.0,0.0,0.0,0.0,0.0,False,1.0,0.0165260406432283,2021-07-01,0.0001064622591291,0.0089141875201375,0.0106508875739643,0.0471519340095865,0.0062286776244262,0.0225707956654492,55.833333333333165,1.0082173344473004,-0.0010633772862611,0.0933897357594705,1.4584425961948813,0.0,0.0164815003469524,,,0.0,0.0,0.0,22,1.0,0.5877852522924732,-0.8090169943749473,2021-06,22,91.99792575132588,2021-06-18,0.0175079075358257,False,False,93.60861692886786,93.94,-0.0035338401468222,0.0051695991293305,0.007742677106592,0.0,0.0,False,False,False,True,True,True,0.2129346761765733,-0.0005271116653421,94.35994865921651,104.35088355834584,2021-05,technical_calendar,ba5fee639dad4dc54839faefdc40c3d8ff99f8d74856e0890ae3c45c887d153a,True,technical_calendar
2021-07-19,101.75,101.76,100.88,101.52,91.8,2989100,0.9042553191489362,92.00797872340426,92.01702127659576,91.22127659574468,91.8,271.03631532329496,0.0,1.0,101.75,101.76,100.88,101.52,0.984872867718056,303453432.0,101.52,101.52,101.52,FinMind USStockPrice,0.0,0.0,0.0,0.0,0.0,0.0,0.0,False,1.0,0.0168662635051702,2021-07-20,-0.007770917606983,-0.0135464070271984,0.00236584578987,0.0231613611416028,-0.0054947986129633,0.0067886132758705,43.322475570032665,-0.7267338023094997,-0.0158378207158692,0.1128742602781005,-0.4068472598396067,0.0,0.0166110115545681,,,0.0,0.0,0.0,12,0.6129032258064516,0.0,1.0,2021-07,21,91.76067743819353,2021-07-20,0.0026950682156559,False,True,91.76067743819353,93.21,-0.0156711565613132,-0.0152298320103378,-0.0224660786763379,1.0,0.0,True,True,True,False,True,False,0.5855835133264581,-0.007926678533117,92.93644524255548,102.77677473882603,2021-06,technical_calendar,ba5fee639dad4dc54839faefdc40c3d8ff99f8d74856e0890ae3c45c887d153a,False,technical_calendar
2021-08-19,102.92,103.7,102.83,103.41,93.51,1493200,0.9042645778938208,93.06691035683204,93.77223672758922,92.98552654482158,93.51,276.0850310008857,0.0,1.0,102.92,103.7,102.83,103.41,0.9947872340425532,154411812.0,103.41,103.41,103.41,FinMind USStockPrice,0.0,0.0,0.0,0.0,0.0,0.0,0.0,False,1.0,0.0165580028144752,2021-08-20,-0.0066575081897917,-0.0160159112320735,0.001598295151838,0.0221835580687255,-0.0083551354544685,0.0014222326389075,41.341991341991374,-1.4239768511097848,-0.0181742218508459,0.0730575539561707,-0.4406468685321761,0.0,0.016471987215439,,,0.0,0.0,0.0,14,0.6129032258064516,-0.587785252292473,-0.8090169943749475,2021-08,22,93.06691035683204,2021-08-19,0.0,True,True,93.06691035683204,94.0,-0.0099760816059886,-0.0059558679945322,-0.0147352325274348,0.0,0.0,True,True,False,False,True,True,0.6481891499228226,-0.00698045379994,93.81285279077088,103.7449161276186,2021-07,technical_calendar,ba5fee639dad4dc54839faefdc40c3d8ff99f8d74856e0890ae3c45c887d153a,False,technical_calendar
2021-09-20,102.87,103.21,101.69,102.8,93.32,2573100,0.9077821011673152,93.38354474708171,93.6921906614786,92.31236186770428,93.32,275.52406259226456,0.4052721817402256,1.0,102.87,103.21,101.69,102.8,0.9819023569023568,264514680.0,102.8,102.8,102.8,FinMind USStockPrice,0.0,0.0,0.0,0.0,0.0,0.0,0.0,False,1.0,0.0205985919531625,2021-09-21,-0.0098968642566933,-0.0084507042253521,0.0163618864292591,0.0221553022155303,-0.0104071762139535,0.0017215332185642,39.813084112149504,-1.2616322088115002,-0.0236285185946167,0.0881257841054675,0.8332634087406876,0.0,0.0162917513895802,,,0.0,0.0,0.0,13,0.6666666666666666,0.0,1.0,2021-09,21,93.38354474708171,2021-09-20,0.0,True,True,93.38354474708171,95.04,-0.0175827063392316,-0.0251341681574239,-0.0150967296176877,1.0,0.0,True,True,True,False,True,False,0.647928107036869,-0.008578016867633,94.6993730942976,104.3194980078632,2021-08,technical_calendar,ba5fee639dad4dc54839faefdc40c3d8ff99f8d74856e0890ae3c45c887d153a,False,technical_calendar
2021-10-06,101.07,102.27,100.7,102.24,92.82,2895800,0.9078638497652582,91.75779929577465,92.84723591549296,91.42188967136153,92.82,274.04782993799824,0.0,1.0,101.07,102.27,100.7,102.24,1.0,296066592.0,102.24,102.24,102.24,FinMind USStockPrice,0.0,0.0,0.0,0.0,0.0,0.0,0.0,False,1.0,0.0167704055037388,2021-10-07,0.0078175895765473,-0.0039703830883141,-0.0438813349814586,-0.0199556541019955,-0.0188575535918142,-0.0210048359112554,34.40959409594099,-1.237935849336527,-0.0464351756728991,0.135836320050272,-0.6134832233084455,0.0,0.0167704055037388,,,0.0,0.0,0.0,4,0.1935483870967742,0.5877852522924732,-0.8090169943749473,2021-10,21,91.75779929577465,2021-10-06,0.0,True,True,91.75779929577465,92.82,-0.0115096445426533,0.0021801605390943,0.0148393426539121,1.0,0.0,False,False,False,True,True,False,0.7100792782670824,-0.0109720688000992,92.26617502029744,101.6299691238441,2021-09,technical_calendar,ba5fee639dad4dc54839faefdc40c3d8ff99f8d74856e0890ae3c45c887d153a,False,technical_calendar
2021-11-23,107.48,107.93,106.85,107.58,97.66,1823800,0.907789551961331,97.56922104480388,97.97772634318646,96.99731362706822,97.66,288.33776203129617,0.0,1.0,107.48,107.93,106.85,107.58,0.9997952497952496,196204404.0,107.58,107.58,107.58,FinMind USStockPrice,0.0,0.0,0.0,0.0,0.0,0.0,0.0,False,1.0,0.0159379648512944,2021-11-24,-0.0057003257328989,-0.0117361392148926,0.0052485334979932,0.0161239987516905,-0.0054219167621228,0.0160130226075378,48.64864864864876,-0.7416184593023704,-0.0149253731343282,0.0748669866423725,1.2875676528874962,0.0,0.015935002404296,,,0.0,0.0,0.0,17,0.7666666666666667,0.9510565162951536,0.3090169943749474,2021-11,21,95.63138390716408,2021-11-30,0.0202636107360005,False,False,95.63138390716408,97.68,-0.0211957800706059,0.0039996522041561,-0.0165898947346895,0.0,0.0,False,True,False,True,True,True,0.521009061808231,-0.005946828142948,97.58634181150148,107.49885984109493,2021-10,technical_calendar,ba5fee639dad4dc54839faefdc40c3d8ff99f8d74856e0890ae3c45c887d153a,False,technical_calendar
2021-12-14,105.32,105.81,104.78,105.34,95.63,3442300,0.907822289728498,95.6118435542054,96.05667647617238,95.12161951775204,95.63,282.3442574549749,0.0,1.0,105.32,105.81,104.78,105.34,0.99376493816897,362611882.0,105.34,105.34,105.34,FinMind USStockPrice,0.0,0.0,0.0,0.0,0.0,0.0,0.0,False,1.0,0.0162768773372152,2021-12-15,-0.0100812673593251,0.0101826579886625,-0.0269969666329624,0.0125210437710436,-0.0057549051008916,0.00170194604779,44.76534296028875,-0.3486619579214675,-0.0295482049213392,0.1656075595723304,-0.6209055193118881,0.0,0.0161755307424741,,,0.0,0.0,0.0,10,0.4516129032258064,0.9510565162951536,0.3090169943749474,2021-12,22,93.99249713631156,2021-12-02,0.0172284646884675,False,False,94.4302399380805,96.23,-0.0188797991870976,-0.0226736803918011,-0.0256062452262898,1.0,0.0,True,True,True,False,True,False,0.5249193555301944,-0.0101604178237789,95.73349938769334,105.454008423085,2021-11,technical_calendar,ba5fee639dad4dc54839faefdc40c3d8ff99f8d74856e0890ae3c45c887d153a,False,technical_calendar
2022-01-10,105.22,105.65,104.0,105.65,96.63,4144400,0.9146237576904872,96.23671178419308,96.63,95.12087079981067,96.63,285.29672276350755,0.0,1.0,105.22,105.65,104.0,105.65,0.996699329551315,437855860.0,105.65,105.65,105.65,FinMind USStockPrice,0.0,0.0,0.0,0.0,0.0,0.0,0.0,False,1.0,0.0184655140958885,2022-01-11,-0.001441961067051,-0.0133319763891716,0.0023779983457403,0.0342436526562832,-0.0028490028490028,-0.0023479210865267,59.577114427860806,-0.2244832087067833,-0.02228721258572,0.1322184154659942,-0.2960986571715901,0.0,0.0184045430587794,,,0.0,0.0,0.0,6,0.3225806451612903,0.0,1.0,2022-01,20,90.44058559904391,2022-01-28,0.0640876675748818,False,False,90.44058559904391,96.95,-0.0695022592993688,-0.0386934673366834,-0.0288357243722243,1.0,0.0,True,True,True,False,True,False,0.6014968834743253,-0.0106227883449095,96.4051993043776,105.40421511443128,2021-12,technical_calendar,ba5fee639dad4dc54839faefdc40c3d8ff99f8d74856e0890ae3c45c887d153a,False,technical_calendar
2022-02-22,99.59,100.27,98.33,99.09,90.63,7864100,0.9146230699364214,91.0873115349682,91.70925522252496,89.93488646684831,90.63,267.5819309123118,0.0,1.0,99.59,100.27,98.33,99.09,0.9881160052333188,779253669.0,99.09,99.09,99.09,FinMind USStockPrice,0.0,0.0,0.0,0.0,0.0,0.0,0.0,False,1.0,0.0196879762259625,2022-02-23,-0.0070369167478617,-0.0112117291936177,-0.0082179930795847,-0.0608232643866474,-0.0150184979354262,-0.0385828216035849,42.58720930232563,-1.0078162980784058,-0.072317184181248,0.1934508532907664,2.047292165958745,0.0,0.0194543434805606,,,0.0,0.0,0.0,15,0.7857142857142857,0.9510565162951536,0.3090169943749474,2022-02,19,86.71320831634732,2022-02-24,0.0504433327234676,False,False,86.71320831634732,91.72,-0.0561342407506279,-0.0037732458898571,-0.011190323146146,0.0,0.0,True,True,False,False,True,True,0.5380192098149621,-0.0091213050123527,91.34163378867012,99.8680623647724,2022-01,technical_calendar,ba5fee639dad4dc54839faefdc40c3d8ff99f8d74856e0890ae3c45c887d153a,False,technical_calendar
2022-03-04,97.0,97.18,96.09,96.99,88.71,6832800,0.9146303742653882,88.71914630374265,88.88377977111043,87.88683266316116,88.71,261.9131975199292,0.0,1.0,97.0,97.18,96.09,96.99,0.9853382205931356,662713272.0,96.99,96.99,96.99,FinMind USStockPrice,0.0,0.0,0.0,0.0,0.0,0.0,0.0,False,1.0,0.0201142547090486,2022-03-07,-0.0104418553528247,0.0031197771587743,-0.0529139490847886,-0.0549023724543354,-0.0242289913347893,-0.0498771408017419,35.971685971685986,-1.2459086742182073,-0.0894103368059068,0.2049157916130329,0.2843165756193417,0.0,0.0198199894770966,,,0.0,0.0,0.0,4,0.1290322580645161,-0.9510565162951536,0.3090169943749472,2022-03,23,86.18328038379532,2022-03-08,0.0294241053328963,False,False,86.18328038379532,90.03,-0.0436667523290255,-0.0074604888583489,-0.0223642920706289,0.0,0.0,True,True,False,False,True,True,0.755744646030098,-0.0155897696863173,89.08052357422183,97.39510744520094,2022-02,technical_calendar,ba5fee639dad4dc54839faefdc40c3d8ff99f8d74856e0890ae3c45c887d153a,False,technical_calendar
2022-04-06,100.39,100.66,99.52,100.16,91.85,3349800,0.9170327476038338,92.06091753194887,92.30851637380192,91.26309904153354,91.85,271.1839385887216,0.0,1.0,100.39,100.66,99.52,100.16,0.9889104220499568,335515968.0,100.16,100.16,100.16,FinMind USStockPrice,0.0,0.0,0.0,0.0,0.0,0.0,0.0,False,1.0,0.0195352694532198,2022-04-07,-0.0144312393887946,-0.0205631129389434,0.0826436647627928,-0.041980402269211,0.0163371157823322,0.0063892570908472,61.19402985074624,0.5631937215997868,-0.0550412045986368,0.2127933439088977,1.8301657743666848,0.0,0.0193173322977046,,,0.0,0.0,0.0,4,0.2,0.5877852522924732,-0.8090169943749473,2022-04,20,85.80414975432599,2022-04-27,0.072919174603294,False,False,85.80414975432599,92.88,-0.0792409666302544,-0.0218679746576742,-0.0452940918845529,1.0,0.0,True,True,True,False,True,False,0.5793734756128798,-0.0109767895470506,92.3253811751665,100.67839062062797,2022-03,technical_calendar,ba5fee639dad4dc54839faefdc40c3d8ff99f8d74856e0890ae3c45c887d153a,False,technical_calendar
2022-05-09,90.54,90.68,88.6,88.89,81.51,4630200,0.9169760377995276,83.02301046236923,83.15138710766117,81.24407694903813,81.51,240.6554472984943,0.0,1.0,90.54,90.68,88.6,88.89,0.9667892302218004,411578478.0,88.89,88.89,88.89,FinMind USStockPrice,0.0,0.0,0.0,0.0,0.0,0.0,0.0,False,1.0,0.0220120664690572,2022-05-10,-0.0098649442160891,-0.0123008434864104,-0.0841842276776015,-0.1196616894643417,-0.0453220099079972,-0.0655099922042703,33.795013850415486,-1.6443121927235222,-0.1109353580090688,0.2438819328118237,1.078588960624392,0.0,0.0212818423801881,,,0.0,0.0,0.0,6,0.2903225806451613,0.0,1.0,2022-05,21,80.2081894688957,2022-05-12,0.0350939350721175,False,False,80.2081894688957,84.31,-0.049874859196801,-0.0056937020683245,-0.007808938856042,1.0,0.0,True,True,False,False,True,False,0.7695784711740684,-0.0154262103564877,83.43449334168896,90.98873896629532,2022-04,technical_calendar,ba5fee639dad4dc54839faefdc40c3d8ff99f8d74856e0890ae3c45c887d153a,False,technical_calendar
2022-06-10,89.88,89.94,88.73,88.83,81.46,4031100,0.9170325340538106,82.4228841607565,82.47790611279972,81.36829674659461,81.46,240.5078240330676,0.0,1.0,89.88,89.94,88.73,88.83,0.973819485953377,358082613.0,88.83,88.83,88.83,FinMind USStockPrice,0.0,0.0,0.0,0.0,0.0,0.0,0.0,False,1.0,0.0220269344639704,2022-06-13,-0.0225519981304044,-0.0370668815471393,0.0359133126934985,-0.0429061784897024,-0.0040362428413244,-0.0468395104868544,57.01943844492445,-0.1864809190026696,-0.117895180849942,0.2448511655414041,0.3183107189378963,0.0,0.0214498200880782,,,0.0,0.0,0.0,8,0.3333333333333333,-0.9510565162951536,0.3090169943749472,2022-06,21,77.05501964987495,2022-06-17,0.0696627492312924,False,False,77.05501964987495,83.65,-0.0821217198344942,-0.0280673616680032,-0.0269318671127156,0.0,0.0,True,True,True,False,True,True,0.6529004252632615,-0.013535277593727,82.93802908137462,90.44175206602635,2022-05,technical_calendar,ba5fee639dad4dc54839faefdc40c3d8ff99f8d74856e0890ae3c45c887d153a,False,technical_calendar
2022-07-05,84.25,85.44,83.7,85.42,78.89,2940800,0.923554202762819,77.80944158276749,78.90847108405525,77.30148677124795,78.89,232.9199881901388,0.0,1.0,84.25,85.44,83.7,85.42,0.994704324801412,251203136.0,85.42,85.42,85.42,FinMind USStockPrice,0.0,0.0,0.0,0.0,0.0,0.0,0.0,False,1.0,0.0239596141459813,2022-07-06,0.0062166962699823,-0.0209850635723987,-0.0870265914585011,-0.1461024978466838,-0.0164686624172226,-0.0595317619994387,42.67211997273356,-0.4435607017854915,-0.1384966326308929,0.2655868451564802,-0.4545952097165877,0.0,0.0238340542721524,,,0.0,0.0,0.0,2,0.1612903225806451,0.9510565162951536,0.3090169943749474,2022-07,20,77.07665516831212,2022-07-14,0.0095072420158242,False,False,77.07665516831212,79.31,-0.0285637757782178,-0.0581107491856677,-0.0382552567237163,0.0,0.0,True,True,True,False,True,True,0.604125079013635,-0.0166247990310447,78.39239864328134,84.88121044630616,2022-06,technical_calendar,ba5fee639dad4dc54839faefdc40c3d8ff99f8d74856e0890ae3c45c887d153a,False,technical_calendar
2022-08-29,89.0,89.67,88.83,89.07,82.26,1711400,0.9235432805658472,82.1953519703604,82.81412596833952,82.0383496126642,82.26,242.86979627989373,0.0,1.0,89.0,89.67,88.83,89.07,0.9944390715667312,152434398.0,89.07,89.07,89.07,FinMind USStockPrice,0.0,0.0,0.0,0.0,0.0,0.0,0.0,False,1.0,0.0229777729914643,2022-08-30,-0.0296774193548386,-0.031041349420171,-0.018975332068311,-0.0284237726098189,-0.0274642588412338,0.0072552740261191,41.97860962566848,-1.7530227488821852,-0.0520284208113683,0.1812835851417285,0.3392302942384778,0.0,0.0228520571722837,,,0.0,0.0,0.0,21,0.935483870967742,0.0,1.0,2022-08,23,81.69508561643836,2022-08-31,0.0061235795292609,False,False,81.69508561643836,82.72,-0.0124675622769221,-0.0322345213477678,-0.0581036461611473,1.0,0.0,True,True,True,False,True,False,0.6392060245727015,-0.0023003751331425,82.94258132537078,89.80908969913413,2022-07,technical_calendar,ba5fee639dad4dc54839faefdc40c3d8ff99f8d74856e0890ae3c45c887d153a,False,technical_calendar
2022-09-16,85.5,85.86,85.04,85.71,79.16,1604700,0.9235795123089487,78.96604830241513,79.29853692684635,78.54120172675302,79.16,233.7171538234426,0.0,1.0,85.5,85.86,85.04,85.71,0.9917313956401904,137538837.0,85.71,85.71,85.71,FinMind USStockPrice,0.0,0.0,0.0,0.0,0.0,0.0,0.0,False,1.0,0.0238785467314167,2022-09-19,-0.0102913825170491,-0.0154187738990995,-0.0779715836894997,0.0153924437094514,-0.0294909751901321,-0.0260053243089888,30.893736805066865,-1.2025882574247992,-0.0852624341049738,0.2247068821252593,2.0057331064496307,0.0,0.0236796279110231,,,0.0,0.0,0.0,11,0.5333333333333333,-0.9510565162951536,0.3090169943749472,2022-09,21,73.81247464503043,2022-09-30,0.0698198195111139,False,False,73.81247464503043,79.82,-0.0782463491681571,-0.0156438026474128,-0.0161951912205626,1.0,1.0,True,True,True,False,False,False,0.689621628000261,-0.0134321086080534,79.1487926706653,85.69786533353617,2022-08,technical_calendar,ba5fee639dad4dc54839faefdc40c3d8ff99f8d74856e0890ae3c45c887d153a,False,technical_calendar
2022-10-13,77.12,80.69,76.8,80.36,74.57,4345500,0.9279492284718764,71.56344449975111,74.8762232453957,71.2665007466401,74.57,220.1653380572778,0.0,1.0,77.12,80.69,76.8,80.36,1.0215068493150683,349204380.0,80.36,80.36,80.36,FinMind USStockPrice,0.0,0.0,0.0,0.0,0.0,0.0,0.0,False,1.0,0.0253691630673742,2022-10-14,-0.0025959830577947,-0.0541591085773516,-0.0948543087414756,-0.0967582281613461,-0.0378532264867144,-0.0966669485285777,37.90218790218785,-1.3042416795937966,-0.1634196653678662,0.2364117558659635,-1.340660444934721,0.0,0.0259141469949687,,,0.0,0.0,0.0,9,0.4193548387096774,-0.587785252292473,-0.8090169943749475,2022-10,21,71.56344449975111,2022-10-13,0.0,True,True,71.56344449975111,73.0,-0.0198750492371312,0.0105175292153589,-0.00896555765408,0.0,0.0,False,True,False,True,True,True,0.7199105583294666,-0.015285446852123,72.25211036768734,77.86213744330635,2022-09,technical_calendar,ba5fee639dad4dc54839faefdc40c3d8ff99f8d74856e0890ae3c45c887d153a,False,technical_calendar
2022-11-30,88.92,90.87,88.3,90.86,84.31,2422800,0.9279110719788686,82.509852520361,84.31927911071979,81.9345476557341,84.31,248.9223501623856,0.0,1.0,88.92,90.87,88.3,90.86,1.0271686159844056,220135608.0,90.86,90.86,90.86,FinMind USStockPrice,0.0,0.0,0.0,0.0,0.0,0.0,0.0,False,1.0,0.022437441603502,2022-12-01,0.0020754486631668,0.0092216894135004,0.0541998458772154,0.0268985362191915,0.0204830137071456,0.051631322589531,63.05828917486753,0.6988333529024483,-0.0180643617657614,0.2575243243917675,-0.970229777659701,0.0,0.0230487952978427,,,0.0,0.0,0.0,21,1.0,0.5877852522924732,-0.8090169943749473,2022-11,21,75.61370102840353,2022-11-03,0.0912024064179453,False,False,82.509852520361,82.08,0.0052233292768634,0.0014707848642867,-0.003034963677495,0.0,0.0,False,True,False,True,True,True,0.1399657136496628,-0.0015006983107696,82.36669963774304,88.76572564447079,2022-10,technical_calendar,ba5fee639dad4dc54839faefdc40c3d8ff99f8d74856e0890ae3c45c887d153a,True,technical_calendar
2022-12-30,86.03,86.35,85.62,86.19,80.57,3547900,0.9347952198630932,80.4204327648219,80.71956723517809,80.03716672467803,80.57,237.8801299084736,0.0,1.0,86.03,86.35,85.62,86.19,0.9942003948667324,305793501.0,86.19,86.19,86.19,FinMind USStockPrice,0.0,0.0,0.0,0.0,0.0,0.0,0.0,False,1.0,0.02200228192885,2023-01-03,0.017323625407984,-0.0030754090294009,-0.0387854347052543,0.045003223726628,-0.0096965179296985,0.0202094803276489,42.627599243856416,-0.5500170749545088,-0.0410602295586318,0.1647040182954725,0.3845949283263148,0.0,0.0218753798528963,,,0.0,0.0,0.0,21,0.967741935483871,-0.9510565162951536,0.3090169943749472,2022-12,21,80.00630941286113,2022-12-20,0.0051761336699551,False,False,80.4204327648219,81.04,-0.0076745771773747,0.0402191148911632,0.033201684131584,1.0,0.0,False,False,False,True,True,False,0.2912779251308545,-0.0031099380057991,81.1923039265135,86.85571149840138,2022-11,technical_calendar,ba5fee639dad4dc54839faefdc40c3d8ff99f8d74856e0890ae3c45c887d153a,True,technical_calendar
2023-01-31,91.73,92.79,91.59,92.78,86.73,1352900,0.9347919810303944,85.7484684199181,86.73934791981031,85.61759754257383,86.73,256.0673162090346,0.0,1.0,91.73,92.79,91.59,92.78,1.0115465360391884,125522062.0,92.78,92.78,92.78,FinMind USStockPrice,0.0,0.0,0.0,0.0,0.0,0.0,0.0,False,1.0,0.0204394985928819,2023-02-01,-0.0122119815668202,-0.0023272050267627,0.0579960513326751,0.0989489874391182,0.0197612945045402,0.0428161956385131,68.66242038216572,0.8463148090383159,-0.0122119815668202,0.1401114870888011,-0.6398716157146174,0.0,0.0206757160864324,,,0.0,0.0,0.0,20,1.0,0.9510565162951536,0.3090169943749474,2023-01,20,81.06914814814813,2023-01-05,0.0577201115178716,False,False,85.7484684199181,85.74,9.876372450004607e-05,-0.0019189524777063,-0.0266800666831903,0.0,0.0,True,True,False,False,True,True,0.2288965471891136,-0.001048956957051,86.07836013225482,92.08290387490604,2022-12,technical_calendar,ba5fee639dad4dc54839faefdc40c3d8ff99f8d74856e0890ae3c45c887d153a,True,technical_calendar
2023-02-24,89.56,89.83,89.19,89.72,83.87,1595300,0.9347971466785556,83.72043245653144,83.97282768613465,83.37455751226038,83.87,247.6232654266313,0.0,1.0,89.56,89.83,89.19,89.72,0.9870542544427444,143130316.0,89.72,89.72,89.72,FinMind USStockPrice,0.0,0.0,0.0,0.0,0.0,0.0,0.0,False,1.0,0.0211366103371331,2023-02-27,0.005205252573051,-0.0265780730897009,-0.0120916172538076,0.0223799783419562,-0.0187428545032508,0.0117242693168648,29.247572815533918,-1.6891584368917882,-0.0386921597465775,0.1367757827552073,-1.0941694608898096,0.0,0.0208622296968931,,,0.0,0.0,0.0,17,0.8571428571428571,-0.9510565162951536,0.3090169943749472,2023-02,19,83.72043245653144,2023-02-24,0.0,True,True,83.72043245653144,84.97,-0.0148151899405832,0.0374818049490539,0.0333357534772282,0.0,0.0,False,False,False,True,True,True,0.5773138232751509,-0.0052758293548768,84.9455077124931,90.87052524102634,2023-01,technical_calendar,ba5fee639dad4dc54839faefdc40c3d8ff99f8d74856e0890ae3c45c887d153a,False,technical_calendar
2023-03-13,86.93,88.37,86.59,87.48,81.78,5639200,0.9348422496570644,81.26583676268862,82.61200960219479,80.94799039780521,81.78,241.4526129317981,0.0,1.0,86.93,88.37,86.59,87.48,0.9968308142369576,493317216.0,87.48,87.48,87.48,FinMind USStockPrice,0.0,0.0,0.0,0.0,0.0,0.0,0.0,False,1.0,0.0216778312694054,2023-03-14,-0.0138237768962615,-0.0438228438228438,-0.0503530501215417,-0.0108512177477695,-0.0356970744149418,-0.0259559083974301,29.191321499013696,-2.206152281353783,-0.071840705962213,0.1408334931253992,3.0456303560203017,0.0,0.0216086677238786,,,0.0,0.0,0.0,9,0.4193548387096774,0.0,1.0,2023-03,23,81.05715971585701,2023-03-15,0.0025744431159828,False,True,81.05715971585701,82.04,-0.0120523518992174,-0.0183671051072401,-0.018884575248053,1.0,1.0,True,True,True,False,False,False,0.8607721560576608,-0.013737514535889,81.32528364744923,86.99359028465223,2023-02,technical_calendar,ba5fee639dad4dc54839faefdc40c3d8ff99f8d74856e0890ae3c45c887d153a,False,technical_calendar
2023-04-28,92.55,93.41,92.52,93.4,87.6,1692600,0.937901498929336,86.80278372591005,87.60937901498927,86.77464668094217,87.6,258.63596102745794,0.0,1.0,92.55,93.41,92.52,93.4,1.0059715204409738,158088840.0,93.4,93.4,93.4,FinMind USStockPrice,0.0,0.0,0.0,0.0,0.0,0.0,0.0,False,1.0,0.0206226830647476,2023-05-01,0.016695855224752,-0.0008032128514057,0.0267657115906141,0.0040355125100886,0.0041802404358979,0.0191808398371589,56.949152542372914,0.5495966030040438,-0.0148206810725195,0.1112706836080285,-0.3316710510307708,0.0,0.0207448421997569,,,0.0,0.0,0.0,19,0.9333333333333332,-0.9510565162951536,0.3090169943749472,2023-04,19,85.81664675860571,2023-04-10,0.0114912083442066,False,False,86.80278372591005,87.08,-0.0031885446392915,0.0173248407643311,0.0063633471205855,0.0,0.0,False,False,False,True,True,True,0.2173695704363542,-0.003012725806122,87.2521368649333,93.0291048308764,2023-03,technical_calendar,ba5fee639dad4dc54839faefdc40c3d8ff99f8d74856e0890ae3c45c887d153a,True,technical_calendar
2023-05-31,92.4,92.51,91.78,92.27,86.54,1351800,0.9378996423539612,86.66192695350603,86.76509591416496,86.08042917524656,86.54,255.50634780041327,0.0,1.0,92.4,92.51,91.78,92.27,0.9926588667125488,124730586.0,92.27,92.27,92.27,FinMind USStockPrice,0.0,0.0,0.0,0.0,0.0,0.0,0.0,False,1.0,0.0208752422049142,2023-06-01,-0.0035432620870956,-0.0099931864637748,-0.0035432620870956,0.0160839160839161,0.0014128674316824,0.0156597380658816,50.86956521739105,0.208672192082104,-0.0099931864637748,0.118705364453415,0.595497401292363,0.0,0.0207202947315773,,,0.0,0.0,0.0,22,1.0,0.5877852522924732,-0.8090169943749473,2023-05,22,86.14447052401746,2023-05-04,0.0060068443899052,False,False,86.66192695350603,87.18,-0.0059602949563337,-0.0119784793421988,0.0010491670121584,0.0,0.0,True,False,True,False,True,True,0.3062972806804905,-0.0008056327108669,87.54534219062383,93.34190806481234,2023-04,technical_calendar,ba5fee639dad4dc54839faefdc40c3d8ff99f8d74856e0890ae3c45c887d153a,True,technical_calendar
2023-06-30,96.66,97.13,96.65,96.98,91.56,1184100,0.9441121880800164,91.2578840998144,91.701616828212,91.2484429779336,91.56,270.3277236492472,0.0,1.0,96.66,97.13,96.65,96.98,1.0110424028268552,114834018.0,96.98,96.98,96.98,FinMind USStockPrice,0.0,0.0,0.0,0.0,0.0,0.0,0.0,False,1.0,0.0205155842535288,2023-07-03,0.0018807390198032,0.0008841732979665,0.0464525075109778,0.0436786907917485,0.0064626549675756,0.0294652600945799,59.489633173843785,0.5580309052720744,-0.0153310862237686,0.1114384009517748,-1.016701702579942,0.0,0.0207422994256383,,,0.0,0.0,0.0,21,1.0,-0.9510565162951536,0.3090169943749472,2023-06,21,86.79410725754656,2023-06-01,0.0514294919702595,False,False,91.2578840998144,90.56,0.007676775369225,-0.0026881720430107,0.0013021266221173,0.0,0.0,True,False,False,False,True,True,0.2293705782598075,-0.0006540331479227,90.95329407346014,96.3373794150739,2023-05,technical_calendar,ba5fee639dad4dc54839faefdc40c3d8ff99f8d74856e0890ae3c45c887d153a,True,technical_calendar
2023-07-06,95.71,95.71,94.97,95.55,90.21,995700,0.9441130298273156,90.36105808477237,90.36105808477237,89.66241444270015,90.21,266.3418954827281,0.0,1.0,95.71,95.71,94.97,95.55,0.9876286402452374,95139135.0,95.55,95.55,95.55,FinMind USStockPrice,0.0,0.0,0.0,0.0,0.0,0.0,0.0,False,1.0,0.0208226202083435,2023-07-07,-0.0055525313010342,0.011069293779057,0.02999548940009,0.0588917226988174,0.0098117796633592,0.0351725193089027,54.20420420420427,0.9686713210417078,-0.0068500598021093,0.100415463428378,-0.8502431392657682,0.0,0.0205664808859543,,,0.0,0.0,0.0,3,0.1935483870967742,-0.587785252292473,-0.8090169943749475,2023-07,20,90.1195459290188,2023-07-07,0.0026799087064175,False,True,90.1195459290188,91.34,-0.0134517307206069,-0.020938701193607,-0.0219514961038118,1.0,0.0,True,True,True,False,True,False,0.524160688512403,-0.0090261610357315,90.97185638898436,96.3569546388145,2023-06,technical_calendar,ba5fee639dad4dc54839faefdc40c3d8ff99f8d74856e0890ae3c45c887d153a,False,technical_calendar
2023-08-02,99.04,99.08,98.15,98.31,92.82,1514000,0.9441562404638388,93.5092340555386,93.54700030515716,92.66893500152578,92.82,274.04782993799824,0.0,1.0,99.04,99.08,98.15,98.31,0.9833668820849666,148841340.0,98.31,98.31,98.31,FinMind USStockPrice,0.0,0.0,0.0,0.0,0.0,0.0,0.0,False,1.0,0.0202380364246488,2023-08-03,-0.0061071917447617,0.0015916808149405,0.0276537833424059,0.0987079501804213,0.0130780335188334,0.0457837376695606,64.66774716369524,0.8374851818715158,-0.0061071917447617,0.1022070810434752,0.6009427085428576,0.0,0.0198999936077938,,,0.0,0.0,0.0,2,0.064516129032258,0.5877852522924732,-0.8090169943749473,2023-08,23,89.03572782810195,2023-08-18,0.0502439451730374,False,False,89.03572782810195,94.39,-0.058397409887887,-0.0075765547721772,-0.0008856363763488,1.0,1.0,True,True,False,False,False,False,0.5747633872894686,-0.0111982986235575,93.8055833496652,99.35387738747669,2023-07,technical_calendar,ba5fee639dad4dc54839faefdc40c3d8ff99f8d74856e0890ae3c45c887d153a,False,technical_calendar
2023-09-21,94.86,94.89,93.95,94.03,89.15,1579700,0.9481016696798894,89.9369243858343,89.9653674359247,89.07415186642561,89.15,263.21228225568353,0.0,1.0,94.86,94.89,93.95,94.03,0.9835613415710504,148539191.0,94.03,94.03,94.03,FinMind USStockPrice,0.0,0.0,0.0,0.0,0.0,0.0,0.0,False,1.0,0.0213423950753039,2023-09-22,-0.0067937760245453,-0.0080980520901727,0.0083435309823118,0.013530135301353,-0.0090631798751489,-0.0148183036846489,34.17935702199668,-1.1479957563161414,-0.0455933452669264,0.1115172751598863,-0.5767536854919988,0.0,0.0209918975829585,,,0.0,0.0,0.0,14,0.7,-0.587785252292473,-0.8090169943749475,2023-09,20,87.94529537671234,2023-09-28,0.02264622570873,False,False,87.94529537671234,90.64,-0.0301806389883958,-0.010007063809748,-0.0174066643153263,1.0,1.0,True,True,True,False,False,False,0.6103668570393703,-0.0070724295965677,90.45122260218224,95.4024504911183,2023-08,technical_calendar,ba5fee639dad4dc54839faefdc40c3d8ff99f8d74856e0890ae3c45c887d153a,False,technical_calendar
2023-10-26,89.88,90.08,89.07,89.36,84.72,2204100,0.9480752014324082,85.21299910474484,85.40261414503132,84.4450581915846,84.72,250.132860938884,0.0,1.0,89.88,90.08,89.07,89.36,0.9915730337078652,196958376.0,89.36,89.36,89.36,FinMind USStockPrice,0.0,0.0,0.0,0.0,0.0,0.0,0.0,False,1.0,0.022457759723935,2023-10-27,-0.0130530206769087,-0.0272116588864852,-0.0288701977722207,-0.0948193664583111,-0.0267905959540734,-0.0509074549605008,40.77868852459014,-1.9632844317969047,-0.0825727477719316,0.1316034114217008,-0.8724510119823653,0.0,0.0222683689406439,,,0.0,0.0,0.0,19,0.8387096774193549,-0.587785252292473,-0.8090169943749475,2023-10,22,85.0750444345701,2023-10-30,0.0016215644798263,False,True,85.0750444345701,85.44,-0.0042806325262553,-0.0437195605391323,-0.0412985878933234,1.0,0.0,True,True,True,False,True,False,0.6623804904585245,-0.0027363230808072,85.63256076953107,90.32254049061964,2023-09,technical_calendar,ba5fee639dad4dc54839faefdc40c3d8ff99f8d74856e0890ae3c45c887d153a,False,technical_calendar
2023-11-30,98.5,98.68,98.14,98.61,93.49,1614900,0.9480782882060642,93.38571138829732,93.55636548017442,93.04440320454314,93.49,276.0259816947151,0.0,1.0,98.5,98.68,98.14,98.61,1.0028963741686332,159245289.0,98.61,98.61,98.61,FinMind USStockPrice,0.0,0.0,0.0,0.0,0.0,0.0,0.0,False,1.0,0.0203511348639167,2023-12-01,0.0002145922746781,0.0050673854447438,0.086860207531771,0.013150744484295,0.024080502702465,0.0423989414242316,81.12000000000042,1.1042805744552184,-0.0001072616110694,0.1192833453393773,-0.4684911362191281,0.0,0.0204111616042599,,,0.0,0.0,0.0,21,1.0,-0.587785252292473,-0.8090169943749475,2023-11,21,85.94632183908047,2023-11-01,0.0865585564341637,False,False,93.38571138829732,93.22,0.0017760595924347,0.0092170780803051,0.0094154665375771,0.0,0.0,False,False,False,True,True,True,0.1659390618746208,-0.0004880790805728,93.64038493164134,98.76862079483531,2023-10,technical_calendar,ba5fee639dad4dc54839faefdc40c3d8ff99f8d74856e0890ae3c45c887d153a,True,technical_calendar
2023-12-29,103.15,103.29,102.63,102.88,98.31,2336200,0.9555793157076206,98.56800641524109,98.70178751944012,98.0711051710731,98.31,290.25686448184234,0.0,1.0,103.15,103.29,102.63,102.88,0.9978684531059684,240348256.0,102.88,102.88,102.88,FinMind USStockPrice,0.0,0.0,0.0,0.0,0.0,0.0,0.0,False,1.0,0.0209751706415121,2024-01-02,0.000609384521633,0.0230529595015576,0.0568547521990989,0.1365943700969079,0.0279096457822527,0.078290626978061,78.05178791615276,1.483490988318327,0.0,0.1009966287030445,1.6146879278318749,0.0,0.0209304127604148,,,0.0,0.0,0.0,20,0.935483870967742,-0.9510565162951536,0.3090169943749472,2023-12,20,93.35188015282525,2023-12-01,0.0558759636536145,False,False,98.56800641524109,98.52,0.0004871571544476,0.0004936321453252,-0.0014022716325905,0.0,0.0,False,True,False,True,True,True,0.1441001088090197,-0.0018623833150537,98.82837219042833,103.42246903622484,2023-11,technical_calendar,ba5fee639dad4dc54839faefdc40c3d8ff99f8d74856e0890ae3c45c887d153a,True,technical_calendar
2024-01-17,100.5,100.69,100.14,100.68,96.21,1998300,0.9556019070321812,96.0379916567342,96.21955601907032,95.69397497020262,96.21,284.05668733392383,0.0,1.0,100.5,100.69,100.14,100.68,0.9920602186017734,201188844.0,100.68,100.68,100.68,FinMind USStockPrice,0.0,0.0,0.0,0.0,0.0,0.0,0.0,False,1.0,0.0214335077036032,2024-01-18,-0.0095996732026142,-0.0084858398936712,0.0001031246777354,0.1041785266993056,-0.0048076676398302,0.0428050430559414,44.35483870967733,-0.7000395531868832,-0.0156313438895654,0.107993747826084,0.4260010639001861,0.0,0.0212645403586792,,,0.0,0.0,0.0,11,0.5483870967741935,0.5877852522924732,-0.8090169943749473,2024-01,21,96.0379916567342,2024-01-17,0.0,True,True,96.0379916567342,96.98,-0.0097609120720177,0.0042861516481274,0.013204423025197,1.0,1.0,False,False,False,True,False,False,0.6080785503070342,-0.0108009810874086,96.41784823076487,100.89750503974022,2023-12,technical_calendar,ba5fee639dad4dc54839faefdc40c3d8ff99f8d74856e0890ae3c45c887d153a,False,technical_calendar
2024-02-29,107.56,107.67,106.92,107.5,102.73,1678800,0.9556279069767444,102.7873376744186,102.89245674418606,102.1757358139535,102.73,303.3067611455565,0.0,1.0,107.56,107.67,106.92,107.5,1.0041051705600623,180471000.0,107.5,107.5,107.5,FinMind USStockPrice,0.0,0.0,0.0,0.0,0.0,0.0,0.0,False,1.0,0.0200737260985932,2024-03-01,-0.0037974683544305,0.0126695041076907,0.0279312770019091,0.0943416408171997,0.0140546326765254,0.0411589011402779,62.71870794078056,1.1483509425803666,-0.0042822384428224,0.1188407137244518,-0.6347651035044913,0.0,0.0201562260003621,,,0.0,0.0,0.0,20,1.0,-0.587785252292473,-0.8090169943749475,2024-02,20,98.67639892390469,2024-02-01,0.0416608104404387,False,False,102.7873376744186,102.31,0.00465475117027,-0.0093998553868401,-0.0112333481564548,1.0,0.0,True,True,False,False,True,False,0.1988320748407717,-0.000360291545092,102.7845109377129,107.5570420111373,2024-01,technical_calendar,ba5fee639dad4dc54839faefdc40c3d8ff99f8d74856e0890ae3c45c887d153a,True,technical_calendar
2024-03-28,110.48,110.7,110.43,110.5,106.01,1294800,0.959366515837104,105.99081266968328,106.20187330316745,105.9428443438914,106.01,312.9908473575436,0.0,1.0,110.48,110.7,110.43,110.5,1.000377465320374,143075400.0,110.5,110.5,110.5,FinMind USStockPrice,0.0,0.0,0.0,0.0,0.0,0.0,0.0,False,1.0,0.0207189138901717,2024-04-01,0.0075109336375736,0.0041694304936985,0.0357736291662595,0.0779167938154816,0.0150528982696112,0.0488306186883267,60.9717868338558,1.6710401620357596,0.0,0.0891507287557261,0.0672221507246276,0.0,0.0207264166654352,,,0.0,0.0,0.0,20,0.9032258064516128,-0.587785252292473,-0.8090169943749475,2024-03,20,103.00015673981191,2024-03-01,0.0290354502801974,False,False,105.99081266968328,105.97,0.0001963822414911,-0.0154895130808567,0.0099074997732837,1.0,0.0,True,False,True,False,True,False,0.1722348610803592,-0.0021246410735529,106.27381624968596,110.774990053677,2024-02,technical_calendar,ba5fee639dad4dc54839faefdc40c3d8ff99f8d74856e0890ae3c45c887d153a,True,technical_calendar
2024-04-02,109.54,109.59,109.21,109.57,105.11,1929900,0.9592954275805422,105.0812211371726,105.12918590855162,104.764653646071,105.11,310.3336285798642,0.0,1.0,109.54,109.59,109.21,109.57,0.9941360068097984,211459143.0,109.57,109.57,109.57,FinMind USStockPrice,0.0,0.0,0.0,0.0,0.0,0.0,0.0,False,1.0,0.0208947703282283,2024-04-03,-0.0026412602584663,0.0019901440485217,0.0200675349734682,0.0940604304635761,0.0101608442051659,0.0434224810026644,65.82914572864317,1.1442280943346337,-0.0026412602584663,0.0857442411838649,3.119706480947027,0.0,0.0207734324005442,,,0.0,0.0,0.0,2,0.0666666666666666,0.9510565162951536,0.3090169943749474,2024-04,22,101.15924814179532,2024-04-19,0.0387702861322163,False,False,101.15924814179532,105.73,-0.0441926853368853,0.0400090757827862,0.0115978724662144,0.0,0.0,False,False,False,True,True,True,0.5485953687625303,-0.0108404377449671,105.1129807175078,109.57310719453268,2024-03,technical_calendar,ba5fee639dad4dc54839faefdc40c3d8ff99f8d74856e0890ae3c45c887d153a,False,technical_calendar
2024-05-31,110.89,111.44,109.88,111.44,106.91,1604700,0.9593503230437904,106.38235732232592,106.91,105.41341349605167,106.91,315.64806613522296,0.0,1.0,110.89,111.44,109.88,111.44,1.007539345961738,178827768.0,111.44,111.44,111.44,FinMind USStockPrice,0.0,0.0,0.0,0.0,0.0,0.0,0.0,False,1.0,0.0205441491821965,2024-06-03,-0.0006592578640044,-0.0121951219512191,0.040192138025684,0.0333041191936898,-0.003105021115083,0.0126175589723362,51.61290322580647,-0.2596729575557304,-0.0172270075020838,0.0969373672570176,-0.1784675675696675,0.0,0.0206983092384412,,,0.0,0.0,0.0,22,1.0,-0.9510565162951536,0.3090169943749472,2024-05,22,102.0867425239797,2024-05-01,0.0420780866559358,False,False,106.38235732232592,106.11,0.0025634566334837,-0.0089333333333333,-0.0088249043936756,1.0,0.0,True,True,False,False,True,False,0.3542712528438199,-0.000672881436454,106.5688176899082,111.0843610828114,2024-04,technical_calendar,ba5fee639dad4dc54839faefdc40c3d8ff99f8d74856e0890ae3c45c887d153a,True,technical_calendar
2024-06-28,113.01,113.48,112.29,112.63,108.6,1192500,0.9642191245671669,108.96640326733554,109.4195862558821,108.27216549764717,108.6,320.6377325066431,0.0,1.0,113.01,113.48,112.29,112.63,0.9983452840595696,134311275.0,112.63,112.63,112.63,FinMind USStockPrice,0.0,0.0,0.0,0.0,0.0,0.0,0.0,False,1.0,0.0196387573168425,2024-07-01,0.0019342359767891,0.0007359705611773,0.0244867206630248,0.0349158024926266,0.007628072418057,0.0281631122775287,58.03212851405601,1.078418513107837,-0.001010193773533,0.0676479235242067,-0.2901371089510203,0.0,0.0196074216523,,,0.0,0.0,0.0,19,0.9333333333333332,-0.9510565162951536,0.3090169943749472,2024-06,19,106.68488278092155,2024-06-04,0.0213856024109724,False,False,108.96640326733554,108.78,0.0017121138174746,-0.0025631855030995,-0.0057278369574785,0.0,0.0,True,True,False,False,True,True,0.2470680517829249,-0.0014526711299767,109.16520362138482,113.21617756792423,2024-05,technical_calendar,ba5fee639dad4dc54839faefdc40c3d8ff99f8d74856e0890ae3c45c887d153a,True,technical_calendar
2024-07-25,112.49,113.75,111.86,112.25,108.24,1196000,0.9642761692650332,108.4714262806236,109.68641425389754,107.86393229398664,108.24,319.5748449955713,0.0,1.0,112.49,113.75,111.86,112.25,0.9966850828729282,134251000.0,112.25,112.25,112.25,FinMind USStockPrice,0.0,0.0,0.0,0.0,0.0,0.0,0.0,False,1.0,0.0197052404151088,2024-07-26,-0.019235979409374,-0.0274046211714131,-0.001287474710318,0.0508999419392297,-0.0169098743527538,0.0052685575877258,42.66144814090018,-1.394427516562282,-0.0394480806651335,0.1165733470484058,-0.5126559236785655,0.0,0.0196387573168425,,,0.0,0.0,0.0,18,0.8064516129032258,-0.587785252292473,-0.8090169943749475,2024-07,22,108.4714262806236,2024-07-25,0.0,True,True,108.4714262806236,108.6,-0.0011846214549315,-0.0590118386083595,-0.054141425369125,0.0,0.0,True,True,True,False,True,True,0.660624394351479,-0.0031752799392813,108.79699005152868,112.82762503034088,2024-06,technical_calendar,ba5fee639dad4dc54839faefdc40c3d8ff99f8d74856e0890ae3c45c887d153a,False,technical_calendar
2024-08-02,111.35,111.35,109.85,110.71,106.75,1864700,0.964230873453166,107.36710775901004,107.36710775901004,105.92076144883028,106.75,315.1756716858577,0.0,1.0,111.35,111.35,109.85,110.71,0.9816091954022989,206440937.0,110.71,110.71,110.71,FinMind USStockPrice,0.0,0.0,0.0,0.0,0.0,0.0,0.0,False,1.0,0.019979344563237,2024-08-05,-0.0180586907449209,0.0047117516629711,-0.0122615803814715,0.0327635327635327,-0.0162466303620213,0.0012997715041593,36.73469387755104,-1.3875350618324485,-0.0381213514947815,0.1462131759326393,2.235855310688623,0.0,0.0196126373168644,,,0.0,0.0,0.0,2,0.064516129032258,-0.9510565162951536,0.3090169943749472,2024-08,22,102.56825009283328,2024-08-05,0.0467869702547656,False,False,102.56825009283328,108.75,-0.0585232384088979,-0.0459663449641176,-0.0713887158477255,0.0,0.0,True,True,True,False,True,True,0.8359179718825254,-0.0150474358026099,107.66147091957954,111.655282861889,2024-07,technical_calendar,ba5fee639dad4dc54839faefdc40c3d8ff99f8d74856e0890ae3c45c887d153a,False,technical_calendar
2024-09-30,119.51,119.75,118.71,119.7,115.83,891300,0.9676691729323308,115.64614285714286,115.8783834586466,114.87200751879698,115.83,341.984056687334,0.0,1.0,119.51,119.75,118.71,119.7,1.000777604976672,106688610.0,119.7,119.7,119.7,FinMind USStockPrice,0.0,0.0,0.0,0.0,0.0,0.0,0.0,False,1.0,0.0184877413156722,2024-10-01,-0.0029290144727774,0.0145511921458625,0.0286171347316031,0.051226158038147,0.0274164125644131,0.0433779217481582,81.44552319309595,1.5111350138557171,-0.0029290144727774,0.1402358324555633,1.7699451855878208,0.0,0.0185016523324635,,,0.0,0.0,0.0,20,1.0,0.0,1.0,2024-09,20,109.67859022721292,2024-09-09,0.0544094578309897,False,False,115.64614285714286,115.74,-0.0008112598865758,-0.0474236954381358,-0.0175633179549948,0.0,0.0,True,True,True,False,True,True,0.1370485496362708,-0.0007956075123618,116.22619277305384,120.10942998303156,2024-08,technical_calendar,ba5fee639dad4dc54839faefdc40c3d8ff99f8d74856e0890ae3c45c887d153a,True,technical_calendar
2024-10-03,118.42,118.85,118.12,118.46,114.63,2657900,0.9676684112780686,114.59129326354888,115.00739068039844,114.30099274016548,114.63,338.4410983170948,0.0,1.0,118.42,118.85,118.12,118.46,0.9944478181660448,314854834.0,118.46,118.46,118.46,FinMind USStockPrice,0.0,0.0,0.0,0.0,0.0,0.0,0.0,False,1.0,0.0186812648614381,2024-10-04,0.0015639933964723,0.005320076748648,0.0396861188779651,0.0426013024602025,0.0183311983744864,0.0368913349514925,70.39711191335734,0.9544972653742474,-0.0069779462439696,0.1189947821257902,3.901382011260161,0.0,0.0185777588606948,,,0.0,0.0,0.0,3,0.0967741935483871,-0.587785252292473,-0.8090169943749475,2024-10,23,114.3160133230848,2024-10-31,0.0024080610621546,False,True,114.3160133230848,115.27,-0.0083105425605046,0.0216177693312746,0.0147782859098815,1.0,0.0,False,False,False,True,True,False,0.5304097507929687,-0.0107350856338732,114.60938087632957,118.4386919533281,2024-09,technical_calendar,ba5fee639dad4dc54839faefdc40c3d8ff99f8d74856e0890ae3c45c887d153a,False,technical_calendar
2024-11-29,121.23,122.07,121.17,121.94,117.99,616500,0.9676070198458258,117.30299901590946,118.11578891257994,117.24494259471872,117.99,348.3613817537644,0.0,1.0,121.23,122.07,121.17,121.94,1.0075143027922466,75176010.0,121.94,121.94,121.94,FinMind USStockPrice,0.0,0.0,0.0,0.0,0.0,0.0,0.0,False,1.0,0.0181481272386908,2024-12-02,-0.0012792085962817,0.012799446510421,0.0186135513612246,0.0562821322269324,0.009555910914945,0.0190508234666233,44.3548387096774,0.8416046824138188,-0.005941770647653,0.1091977875522468,0.6556183284961509,0.0,0.0182845793231923,,,0.0,0.0,0.0,20,0.9666666666666668,-0.9510565162951536,0.3090169943749472,2024-11,20,113.9535352160599,2024-11-01,0.0293932416708166,False,False,117.30299901590946,117.11,0.0016466583366039,-0.0143976874756794,-0.0151291917297811,0.0,0.0,True,True,True,False,True,True,0.2395308761601256,-0.0019915756030837,117.46138367140128,121.39368696407044,2024-10,technical_calendar,ba5fee639dad4dc54839faefdc40c3d8ff99f8d74856e0890ae3c45c887d153a,True,technical_calendar
2024-12-20,116.56,118.97,116.39,118.11,115.14,2673700,0.9748539497078994,113.62897637795275,115.9783743967488,113.4632512065024,115.14,339.9468556244464,0.8737311099531203,1.0,116.56,118.97,116.39,118.11,1.0080546314130625,315790707.0,118.11,118.11,118.11,FinMind USStockPrice,0.0,0.0,0.0,0.0,0.0,0.0,0.0,False,1.0,0.0193808187925623,2024-12-23,-0.000175070028011,-0.0335899822319992,-0.0121940672835769,-0.003837432408861,-0.0289892034344979,-0.0178186263620507,26.69962917181715,-2.4810533385042204,-0.0408934419346711,0.121685731751619,1.6091841855780344,0.0,0.0119903202104067,,,0.0,0.0,0.0,15,0.6451612903225806,-0.9510565162951536,0.3090169943749472,2024-12,21,113.62897637795275,2024-12-20,0.0,True,True,113.62897637795275,114.22,-0.0051878657258597,-0.0046882325363338,-0.015592498863403,1.0,0.0,True,True,False,False,True,False,0.7793993808837352,-0.0083722368664788,113.8340536204162,116.7703671452784,2024-11,technical_calendar,ba5fee639dad4dc54839faefdc40c3d8ff99f8d74856e0890ae3c45c887d153a,False,technical_calendar
2025-01-31,122.24,122.66,120.98,121.07,118.03,6053000,0.9748905591806394,119.17062195424135,119.58007598909722,117.94225984967376,118.03,348.47948036610575,0.0,1.0,122.24,122.66,120.98,121.07,0.992849932705249,732836710.0,121.07,121.07,121.07,FinMind USStockPrice,0.0,0.0,0.0,0.0,0.0,0.0,0.0,False,1.0,0.018906983625915,2025-02-03,0.0084832032575501,0.0004207691660353,0.0356302813833957,0.0492497793468666,0.0228568232758434,0.0197697626141606,67.33760292772175,1.4111580663761916,-0.0017633722394827,0.1228752999000255,-0.7752271438892526,0.0,0.0187720887944032,,,0.0,0.0,0.0,20,1.0,-0.9510565162951536,0.3090169943749472,2025-01,20,112.3343752151463,2025-01-13,0.0608562314607801,False,False,119.17062195424135,118.88,0.0024416831700901,0.0288001611197825,0.0228604542404586,0.0,0.0,False,False,False,True,True,True,0.1486287867351733,-0.0007678600654387,119.38269559197992,122.45753584106588,2024-12,technical_calendar,ba5fee639dad4dc54839faefdc40c3d8ff99f8d74856e0890ae3c45c887d153a,True,technical_calendar
2025-02-03,119.22,120.57,118.82,120.12,117.1,2300300,0.9748584748584748,116.22262737262736,117.5386863136863,115.83268398268396,117.1,345.7336876291704,0.0,1.0,119.22,120.57,118.82,120.12,0.992120647293061,276312036.0,120.12,120.12,120.12,FinMind USStockPrice,0.0,0.0,0.0,0.0,0.0,0.0,0.0,False,1.0,0.0190565143821972,2025-02-04,-0.0071500672947508,-0.0068158869067653,0.0305596786868067,0.0375351617440227,0.0140165036491022,0.0118606216217374,74.11883182275929,0.867998107273236,-0.0089008313040557,0.1260245756304695,1.7503139056151351,0.0,0.018906983625915,,,0.0,0.0,0.0,1,0.1071428571428571,0.0,1.0,2025-02,19,116.22262737262736,2025-02-03,0.0,True,True,116.22262737262736,118.03,-0.0154312761606551,0.0056281505407917,-0.0029181815832525,0.0,0.0,False,True,False,True,True,True,0.5861886835528801,-0.0123020432920247,117.1698190873078,120.19161971620336,2025-01,technical_calendar,ba5fee639dad4dc54839faefdc40c3d8ff99f8d74856e0890ae3c45c887d153a,False,technical_calendar
2025-03-06,119.2,120.06,118.21,118.59,115.61,1798900,0.9748714056834472,116.2046715574669,117.04306096635466,115.23954886584028,115.61,341.3345143194568,0.0,1.0,119.2,120.06,118.21,118.59,0.9850886162235856,213331551.0,118.59,118.59,118.59,FinMind USStockPrice,0.0,0.0,0.0,0.0,0.0,0.0,0.0,False,1.0,0.0193023737885954,2025-03-07,0.01654395842356,-0.0079459002535926,-0.0071065989847716,-0.0131180625630676,-0.0107931102785305,0.0001803892715255,43.05435720448659,-0.8723924576566142,-0.0289591262617905,0.1255620904355635,1.7917736778692688,0.0,0.0190153556038339,,,0.0,0.0,0.0,4,0.1935483870967742,-0.587785252292473,-0.8090169943749475,2025-03,21,111.99176369124622,2025-03-31,0.0376180151768605,False,False,111.99176369124622,117.36,-0.0468208037147334,0.023827041711472,0.0209099339560561,0.0,0.0,False,False,False,True,True,True,0.6780992633924875,-0.0136078848018105,116.35266453808426,119.3518076945888,2025-02,technical_calendar,ba5fee639dad4dc54839faefdc40c3d8ff99f8d74856e0890ae3c45c887d153a,False,technical_calendar
2025-04-03,113.87,114.29,112.29,112.4,109.93,4738200,0.9780249110320284,111.36769661921709,111.77846708185054,109.82241725978648,109.93,324.56451136699144,0.0,1.0,113.87,114.29,112.29,112.4,0.960506771515946,532573680.0,112.4,112.4,112.4,FinMind USStockPrice,0.0,0.0,0.0,0.0,0.0,0.0,0.0,False,1.0,0.0200422312511066,2025-04-04,0.0058885568641235,-0.0084899939357186,-0.0247955010224949,-0.0089192933841359,-0.0021361000915471,-0.0190280277706351,59.2019543973941,-0.1958418236870632,-0.0530365712394506,0.1732079572917972,-0.7875946331836274,0.0,0.019250955329212,,,0.0,0.0,0.0,3,0.1,-0.587785252292473,-0.8090169943749475,2025-04,21,99.8513128411376,2025-04-07,0.1153353266010825,False,False,99.8513128411376,114.45,-0.136455838489611,0.0103495998555869,0.0089411226257805,0.0,0.0,False,False,False,True,True,True,0.6079151401141544,-0.0147347343078688,113.33985298227864,115.8864684363515,2025-03,technical_calendar,ba5fee639dad4dc54839faefdc40c3d8ff99f8d74856e0890ae3c45c887d153a,False,technical_calendar
2025-05-30,123.25,123.63,122.2,123.37,120.66,1695200,0.9780335575909864,120.54263597308908,120.91428872497364,119.51570073761854,120.66,356.2444641275465,0.0,1.0,123.25,123.63,122.2,123.37,0.9985930646362658,209136824.0,123.37,123.37,123.37,FinMind USStockPrice,0.0,0.0,0.0,0.0,0.0,0.0,0.0,False,1.0,0.0182600858606175,2025-06-02,0.004071796576367,0.0102842809364549,0.0595405121010172,0.0466002598527501,0.0183390361892561,0.0573261598458743,72.97039159503353,0.9771736181210358,-0.0033817222038931,0.1321904113621116,-0.5457367220875767,0.0,0.0182349586581219,,,0.0,0.0,0.0,21,0.967741935483871,-0.9510565162951536,0.3090169943749472,2025-05,21,115.08572466245089,2025-05-01,0.0474160572620403,False,False,120.54263597308908,120.83,-0.0023810831871749,0.0051218376532671,0.005390512202084,1.0,0.0,False,False,False,True,True,False,0.1581585359572466,-0.0020270571489912,121.18824535369748,123.91010964102152,2025-04,technical_calendar,ba5fee639dad4dc54839faefdc40c3d8ff99f8d74856e0890ae3c45c887d153a,True,technical_calendar
2025-06-30,128.24,128.68,127.99,128.52,126.3,4038900,0.9827264239028944,126.0248366013072,126.45723622782448,125.77915499533144,126.3,372.8963684676705,0.0,1.0,128.24,128.68,127.99,128.52,1.0040543763415215,519079428.00000006,128.52,128.52,128.52,FinMind USStockPrice,0.0,0.0,0.0,0.0,0.0,0.0,0.0,False,1.0,0.0176954361923017,2025-07-01,0.0043113772455087,0.034372173341008,0.041049408259538,0.1055545790121286,0.0238274493844745,0.0755618005549245,64.68366383380553,2.2986790625192377,0.0,0.1002606220907911,-0.1739978028209062,0.0,0.017767323901833,,,0.0,0.0,0.0,20,1.0,0.0,1.0,2025-06,20,120.51146388598116,2025-06-02,0.0457497779675333,False,False,126.0248366013072,125.79,0.0018651535593041,0.0203556598664018,0.0006370162375979,1.0,0.0,False,False,False,True,True,False,0.084024213127651,-0.0010629952039694,126.2846386612608,128.50436865198128,2025-05,technical_calendar,ba5fee639dad4dc54839faefdc40c3d8ff99f8d74856e0890ae3c45c887d153a,True,technical_calendar
2025-07-31,131.3,131.3,129.73,129.93,127.69,3032900,0.9827599476641268,129.0363811282999,129.0363811282999,127.49344801046716,127.69,377.00029524653087,0.0,1.0,131.3,131.3,129.73,129.93,0.994702812183532,394064697.0,129.93,129.93,129.93,FinMind USStockPrice,0.0,0.0,0.0,0.0,0.0,0.0,0.0,False,1.0,0.017503405367772,2025-08-01,-0.0034932463903124,-0.0107883177930188,0.0163090808328711,0.1023615285530268,0.0039808854928395,0.0395370117933504,55.24781341107838,0.5017716099824553,-0.0107883177930188,0.0756735156060781,0.6278777256482727,0.0,0.0174109436490172,,,0.0,0.0,0.0,22,1.0,-0.587785252292473,-0.8090169943749475,2025-07,22,126.06431805804093,2025-07-01,0.0235757676402184,False,False,129.0363811282999,128.37,0.0051776697538603,0.0065356738866311,0.0082807907606374,0.0,0.0,False,False,False,True,True,True,0.2961374557939237,-0.0005711095515029,128.93819113585045,131.20008751101142,2025-06,technical_calendar,ba5fee639dad4dc54839faefdc40c3d8ff99f8d74856e0890ae3c45c887d153a,True,technical_calendar
2025-08-29,134.03,134.1,133.43,133.77,131.46,4013100,0.9827315541601256,131.71551020408162,131.78430141287282,131.12587127158557,131.46,388.1310894596989,0.0,1.0,134.03,134.1,133.43,133.77,0.9944776458128451,536832387.00000006,133.77,133.77,133.77,FinMind USStockPrice,0.0,0.0,0.0,0.0,0.0,0.0,0.0,False,1.0,0.0170009528252569,2025-09-02,0.0039492671071619,0.0175506119621275,0.0352416007518208,0.0854820167515191,0.0156469092264135,0.0389668231173194,66.21787025703809,1.2780772519795545,0.0,0.1081141641258339,-0.117045106187508,0.0,0.0169074229383289,,,0.0,0.0,0.0,21,0.935483870967742,-0.9510565162951536,0.3090169943749472,2025-08,21,126.8584689665914,2025-08-01,0.0382870869958973,False,False,131.71551020408162,132.19,-0.0035959105729678,-0.0042675455275277,0.0048827303458944,1.0,1.0,True,False,False,False,False,False,0.1551800673119814,-0.0018235536838034,132.6089099143479,134.93909842721982,2025-07,technical_calendar,ba5fee639dad4dc54839faefdc40c3d8ff99f8d74856e0890ae3c45c887d153a,True,technical_calendar
2025-09-02,132.31,132.86,131.89,132.81,130.52,2749600,0.9827573224907764,130.02862133875462,130.56913786612458,129.61586326330848,130.52,385.3557720696783,0.0,1.0,132.31,132.86,131.89,132.81,0.9928495359805264,365174376.0,132.81,132.81,132.81,FinMind USStockPrice,0.0,0.0,0.0,0.0,0.0,0.0,0.0,False,1.0,0.0171238420257106,2025-09-03,-0.0055223541871547,-0.0050707636418676,0.0416798732171157,0.0770113059151238,0.00800128818056,0.0319585834969837,63.27485380116986,0.7835411831025528,-0.0055223541871547,0.1003066736522909,2.3232484784111613,0.0,0.0170009528252569,,,0.0,0.0,0.0,1,0.0666666666666666,0.9510565162951536,0.3090169943749474,2025-09,21,130.02862133875462,2025-09-02,0.0,True,True,130.02862133875462,131.46,-0.01094803246815,-0.0310616990579648,-0.0314553950504439,1.0,1.0,True,True,True,False,False,False,0.6392169080567389,-0.0112978324407012,130.63306101122836,132.9250446897122,2025-08,technical_calendar,ba5fee639dad4dc54839faefdc40c3d8ff99f8d74856e0890ae3c45c887d153a,False,technical_calendar
2025-10-31,140.99,140.99,139.97,140.59,138.65,2426700,0.9862010100291628,139.0444804040117,139.0444804040117,138.03855537378192,138.65,409.35931502804846,0.0,1.0,140.99,140.99,139.97,140.59,1.001806358381503,341169753.0,140.59,140.59,140.59,FinMind USStockPrice,0.0,0.0,0.0,0.0,0.0,0.0,0.0,False,1.0,0.0166532396190778,2025-11-03,-0.0088089952016042,0.0067651123881573,0.0117698662182907,0.0767076396452464,0.0092208071578838,0.0307448447241973,73.90084190832576,0.8062870853806078,-0.0101559147475325,0.1357141754758363,1.6914467572500662,0.0,0.0166829055012551,,,0.0,0.0,0.0,23,1.0,-0.9510565162951536,0.3090169943749472,2025-10,23,134.1863351548269,2025-10-14,0.0362044707725222,False,False,139.0444804040117,138.4,0.0046458416636716,-0.0061116617112652,-0.0152744363005651,1.0,0.0,True,True,False,False,True,False,0.2132956361864683,-0.0008690085858431,138.9711803620326,140.9156743389698,2025-09,technical_calendar,ba5fee639dad4dc54839faefdc40c3d8ff99f8d74856e0890ae3c45c887d153a,True,technical_calendar
2025-11-04,139.25,139.92,138.9,138.99,137.07,2352300,0.9861860565508308,137.3264083747032,137.98715303259226,136.98124325491042,137.07,404.6944198405669,0.0,1.0,139.25,139.92,138.9,138.99,0.9874648800518694,326946177.0,138.99,138.99,138.99,FinMind USStockPrice,0.0,0.0,0.0,0.0,0.0,0.0,0.0,False,1.0,0.0168449453776973,2025-11-05,0.0011539848539487,-0.0065130260521043,0.0084271703596077,0.0715609078276979,0.0112334994317684,0.0313480982483946,69.43820224719113,0.9412898556754672,-0.0072235731654984,0.1351602571068851,-0.0882127953884201,0.0,0.0166331270108422,,,0.0,0.0,0.0,2,0.1333333333333333,0.9510565162951536,0.3090169943749474,2025-11,19,133.41201322071245,2025-11-21,0.0293406497622885,False,False,133.41201322071245,138.81,-0.0396639080318449,0.0147611379495438,0.0058530903376283,1.0,1.0,False,False,False,True,False,False,0.5107945047415366,-0.0114936977677399,137.9098120072939,139.84157562481786,2025-10,technical_calendar,ba5fee639dad4dc54839faefdc40c3d8ff99f8d74856e0890ae3c45c887d153a,False,technical_calendar
2025-12-31,141.97,142.05,141.03,141.06,140.22,3672600,0.9940450871969374,141.1245810293492,141.20410463632496,140.19017864738407,140.22,413.9946855624447,0.0,1.0,141.97,142.05,141.03,141.06,0.9934816494261018,518056956.0,141.06,141.06,141.06,FinMind USStockPrice,0.0,0.0,0.0,0.0,0.0,0.0,0.0,False,1.0,0.0183219953597632,2026-01-02,-0.0002125097400298,0.0045551601423485,0.0206826728377202,0.0290172061825604,0.009722351392535,0.0226968066991446,61.27659574468051,1.2058277746809334,-0.0036004235792447,0.0783795463887391,-0.5585222016622154,0.0,0.0182032727528398,,,0.0,0.0,0.0,22,1.0,0.5877852522924732,-0.8090169943749473,2025-12,22,138.2306917700756,2025-12-01,0.020935215054028,False,False,141.1245810293492,141.14,-0.000109251898413,-0.0044426629254767,-0.0012774665762085,0.0,0.0,True,True,False,False,True,True,0.1727441651033774,-0.0003072691928506,141.8021218817011,142.6515997192466,2025-11,technical_calendar,ba5fee639dad4dc54839faefdc40c3d8ff99f8d74856e0890ae3c45c887d153a,True,technical_calendar
2026-01-30,146.1,146.4,144.6,145.45,144.59,13316000,0.9940873152286008,145.2361567548986,145.5343829494672,143.74502578205568,144.59,426.89695896073226,0.0,1.0,146.1,146.4,144.6,145.45,0.9913609873157354,1936812200.0,145.45,145.45,145.45,FinMind USStockPrice,0.0,0.0,0.0,0.0,0.0,0.0,0.0,False,1.0,0.0177689973561238,2026-02-02,-0.000548208044953,0.0124253783145908,0.0333711208728924,0.0519293184276956,0.0154174977634358,0.0406744226700772,65.39235412474832,1.479167916334594,-0.0022574907648105,0.100797379624131,2.334335081125776,0.0,0.0176151899226295,,,0.0,0.0,0.0,20,0.967741935483871,-0.9510565162951536,0.3090169943749472,2026-01,20,141.4190541871921,2026-01-02,0.026991430466321,False,False,145.2361567548986,145.85,-0.0042176114582522,-0.0080460445175309,0.0016432439199973,1.0,0.0,True,False,False,False,True,False,0.1756918411800745,-0.0017722339059232,146.3197073363307,147.1899953805194,2025-12,technical_calendar,ba5fee639dad4dc54839faefdc40c3d8ff99f8d74856e0890ae3c45c887d153a,True,technical_calendar
2026-02-05,144.01,144.71,143.12,143.37,142.52,8561300,0.9940712840901164,143.15620562181766,143.85205552068075,142.27148217897746,142.52,420.78535577206975,0.0,1.0,144.01,144.71,143.12,143.37,0.9878699660359048,1227433581.0,143.37,143.37,143.37,FinMind USStockPrice,0.0,0.0,0.0,0.0,0.0,0.0,0.0,False,1.0,0.0180267884874674,2026-02-06,-0.0033160621761658,-0.0113753169327759,0.0069095477386933,0.0562266637381947,0.0003501606925553,0.0259114887343157,52.48359887535147,0.0456959359515617,-0.013066082911479,0.0990287453071783,0.6184063569576613,0.0,0.0178081765689258,,,0.0,0.0,0.0,4,0.1785714285714285,-0.587785252292473,-0.8090169943749475,2026-02,19,143.15620562181766,2026-02-05,0.0,True,True,143.15620562181766,144.27,-0.0077501628689311,-0.0297886354110531,-0.0435796659189363,1.0,0.0,True,True,True,False,True,False,0.6747585633025638,-0.0100824349504365,143.5368290234639,144.39289346824322,2026-01,technical_calendar,ba5fee639dad4dc54839faefdc40c3d8ff99f8d74856e0890ae3c45c887d153a,False,technical_calendar
2026-03-02,145.47,147.46,145.3,146.95,146.08,7713300,0.9940796189179996,144.60876216400138,146.5869806056482,144.43976862878534,146.08,431.2961322704459,0.0,1.0,145.47,147.46,145.3,146.95,0.9940119760479044,1133469435.0,146.95,146.95,146.95,FinMind USStockPrice,0.0,0.0,0.0,0.0,0.0,0.0,0.0,False,1.0,0.0175876193633767,2026-03-03,-0.0037960954446855,-0.0007479431563203,0.0076105587932808,0.0627711888921029,0.0073688179045137,0.0269705556584356,56.199095022624384,0.8482770588957208,-0.0072282645409713,0.1292193546394852,-0.1879624347651033,0.0,0.0174817415141247,,,0.0,0.0,0.0,1,0.064516129032258,0.0,1.0,2026-03,22,135.2493262001157,2026-03-31,0.0692013500314034,False,False,135.2493262001157,146.96,-0.083040505077231,-0.0059220529783658,-0.0120637871679073,0.0,0.0,True,True,False,False,True,True,0.5899095214597574,-0.0126986350594851,145.83113567493524,146.69965352842092,2026-02,technical_calendar,ba5fee639dad4dc54839faefdc40c3d8ff99f8d74856e0890ae3c45c887d153a,False,technical_calendar
2026-04-02,137.24,139.91,136.98,139.37,138.87,2973800,0.996412427351654,136.747641529741,139.40806271076988,136.48857429862954,138.87,410.0088573959257,0.0,1.0,137.24,139.91,136.98,139.37,0.9977009842661112,414458506.0,139.37,139.37,139.37,FinMind USStockPrice,0.0,0.0,0.0,0.0,0.0,0.0,0.0,False,1.0,0.0181524514798426,2026-04-06,0.0099405021041938,0.0037499098579361,-0.0360803324099724,-0.0228852228852227,0.00153983421598,-0.0266059184094492,48.87473460721867,0.0822923308835767,-0.0597176248057824,0.2113767822185181,-1.0297743588515094,0.0,0.0181108680846564,,,0.0,0.0,0.0,2,0.0666666666666666,-0.587785252292473,-0.8090169943749475,2026-04,21,136.747641529741,2026-04-02,0.0,True,True,136.747641529741,139.19,-0.0177027116691894,0.0104698066200021,0.0282161777496641,0.0,0.0,False,False,False,True,True,True,0.5446203005600861,-0.0151582984101222,137.78150720779956,138.27758810074906,2026-03,technical_calendar,ba5fee639dad4dc54839faefdc40c3d8ff99f8d74856e0890ae3c45c887d153a,False,technical_calendar
2026-05-29,158.14,158.53,157.8,158.12,157.55,5118100,0.9963951429294208,157.56992790285858,157.95852200860108,157.23115355426262,157.55,465.1609093593151,0.0,1.0,158.14,158.53,157.8,158.12,1.001589319771138,809273972.0,158.12,158.12,158.12,FinMind USStockPrice,0.0,0.0,0.0,0.0,0.0,0.0,0.0,False,1.0,0.0159999188132156,2026-06-01,0.0045341337250146,0.0209644966573638,0.0599730458221026,0.0985404008659824,0.0224510224510225,0.0743116801515286,65.12820512820548,1.7348738101805987,0.0,0.1372897541047654,1.0100605413036114,0.0,0.0160252559874939,,,0.0,0.0,0.0,20,0.935483870967742,-0.9510565162951536,0.3090169943749472,2026-05,20,150.74738177470775,2026-05-04,0.0452581401270846,False,False,157.56992790285858,157.3,0.0017145363533475,0.0050505050505049,0.0099943395587689,0.0,0.0,False,False,False,True,True,True,0.1206103590096673,-0.0024127691993552,157.70553353885276,158.2760962434998,2026-04,technical_calendar,ba5fee639dad4dc54839faefdc40c3d8ff99f8d74856e0890ae3c45c887d153a,True,technical_calendar
2026-06-30,155.99,157.2,155.86,156.95,156.95,3835400,1.0,155.99,157.2,155.86,156.95,463.3894301741954,0.0,1.0,155.99,157.2,155.86,156.95,1.0071873195148555,601966030.0,156.95,156.95,156.95,FinMind USStockPrice,0.0,0.0,0.0,0.0,0.0,0.0,0.0,False,1.0,0.0158597649980896,2026-07-01,0.0122117570639819,-0.0109799441482608,-0.0109171691526499,0.1195488181622241,0.0005264915119296,0.0236540303818257,54.72538347352801,0.0410851550620834,-0.0185791661418314,0.196013494124519,-0.8021513838936689,0.0,0.0159737541965614,,,0.0,0.0,0.0,21,1.0,0.9510565162951536,0.3090169943749474,2026-06,21,152.36968061178587,2026-06-11,0.0237601035434218,False,False,155.99,155.83,0.0010262331732541,0.0526194055741875,0.0383297850505583,0.0,0.0,False,False,False,True,True,True,0.1989882100067975,-0.0011237351855438,156.4332616322497,156.4332616322497,2026-05,technical_calendar,ba5fee639dad4dc54839faefdc40c3d8ff99f8d74856e0890ae3c45c887d153a,True,technical_calendar
2026-07-08,155.15,155.92,154.26,155.81,155.81,1900400,1.0,155.15,155.92,154.26,155.81,460.0236197224683,0.0,1.0,155.15,155.92,154.26,155.81,0.9966099526672636,296101324.0,155.81,155.81,155.81,FinMind USStockPrice,0.0,0.0,0.0,0.0,0.0,0.0,0.0,False,1.0,0.0159758046110658,2026-07-09,-0.00931499904949,0.003272797279086,0.0209625808136879,0.0824620923630823,0.0044136637263656,0.0184374925357577,44.34021263289554,0.4069557450842091,-0.0153671747071419,0.1681602548169087,-1.2699162794915808,0.0,0.0159216458772557,,,0.0,0.0,0.0,5,0.2580645161290322,0.5877852522924732,-0.8090169943749473,2026-07,22,153.88,2026-07-28,0.0082531842994542,False,False,153.88,156.34,-0.01586004490809,-0.0425418889306979,-0.0464816660904454,1.0,1.0,True,True,True,False,False,False,0.5596428056899905,-0.0109505683677881,155.41051440918136,155.41051440918136,2026-06,technical_calendar,ba5fee639dad4dc54839faefdc40c3d8ff99f8d74856e0890ae3c45c887d153a,False,technical_calendar
