date,open,high,low,close,volume,trading_value,price_change,transactions,cash_dividend,split_ratio,gross_return,total_return_index,adjusted_close,adjustment_factor,adjusted_open,adjusted_high,adjusted_low,split_adjusted_open,split_adjusted_high,split_adjusted_low,split_adjusted_close,nav,issuer_market_price,fund_size,outstanding_units,margin_balance,short_balance,institutional_net,foreign_net,trust_net,dealer_net,official_close,close_difference,institutional_available,distribution_yield_ttm,feature_available_date,official_close_source,ret_1,ret_5,ret_20,ret_60,ma_gap_20,ma_gap_60,rsi_14,bollinger_z_20,drawdown_60,volatility_20,volume_z_20,premium_discount,dividend_yield_ttm,margin_change_5,short_change_5,institutional_net_ratio,institutional_data_available,fund_flow_5,trading_day,month_progress,weekday_sin,weekday_cos,month,days_in_month,oracle_adjusted_open,oracle_date,regret,is_oracle,near_optimal,remaining_min_adjusted_open,previous_adjusted_close,remaining_min_log_ratio,near_probability,predicted_remaining_log_ratio,reservation_adjusted,reservation_raw,training_through,feature_set,analysis_signature,forced,strategy
2008-07-31,53.15,53.3,51.7,52.4,18531086,974407709,-0.15,3187,0.0,1.0,0.9971455756422456,163.88950846785582,7.304761948557657,0.1394038539801079,7.409314839042738,7.430225417139754,7.207179250771582,13.2875,13.325,12.925,13.1,52.38,52.4,58713315143.0,1121000000.0,32110,2981,0.0,0.0,0.0,0.0,52.4,0.0,False,0.0477099236641221,2008-08-01,YUANTA_ETF_NAV_HISTORY,0.0115495668912415,-0.006616257088847,-0.0428051001821494,-0.166534496431404,-0.0001902587519027,-0.0958102721459093,53.16091954022985,-0.0070930013659516,-0.1995430312261996,0.4236919578977922,-0.6620706266198735,0.000380734818199,0.0475737392959086,-0.0950354609929078,0.0864393338620141,0.0,0.0,0.0409492787342951,22,1.0,-0.587785252292473,-0.8090169943749475,2008-07,22,6.99807346980142,2008-07-16,0.0587649402390437,False,False,7.409314839042738,7.325672526654673,0.0113530074649967,0.2476798823505882,-0.000631351350215,7.357654157695287,52.77941712246478,2008-06,technical_calendar,71b2c2126ea942b716c673a87e9a9f022cacdfda25e55f1073d19b0bbf396612,True,technical_calendar
2008-08-19,51.85,53.15,51.85,52.9,13420230,705158902,-0.45,3141,0.0,1.0,0.9915651358950328,165.45333965552612,7.3744638755477085,0.1394038539801079,7.228089828868595,7.409314839042735,7.228089828868595,12.9625,13.2875,12.9625,13.225,52.87,52.9,60696077915.0,1148000000.0,30965,3884,0.0,0.0,0.0,0.0,52.9,0.0,False,0.0472589792060491,2008-08-20,YUANTA_ETF_NAV_HISTORY,-0.0193014705882352,-0.0404676258992806,0.0460784313725486,-0.1457165732586071,-0.0062401043121916,-0.046782406718085,57.21649484536074,-0.262834038098646,-0.1491228070175438,0.3456509582638502,-0.7620070273646327,0.0035741158765989,0.0468603561387066,-0.0114305728022415,-0.0570814425603056,0.0,0.0,-0.0047680970957953,13,0.6129032258064516,0.9510565162951536,0.3090169943749474,2008-08,21,7.207179250771582,2008-08-01,0.0029013539651832,False,True,7.228089828868595,7.437195609838757,-0.028519043072226,0.616072786581975,-0.0195779622410027,7.329471577339557,52.57725212091646,2008-07,technical_calendar,71b2c2126ea942b716c673a87e9a9f022cacdfda25e55f1073d19b0bbf396612,False,technical_calendar
2008-09-15,47.7,48.05,46.4,46.55,25834765,1218699985,-2.32,7176,0.0,1.0,0.9525271127481072,145.59268357211235,6.489249402774025,0.1394038539801079,6.649563834851151,6.698355183744187,6.4683388246770095,11.925,12.0125,11.6,11.6375,46.81,46.55,52874608642.0,1129500000.0,43665,4097,0.0,0.0,0.0,0.0,46.55,0.0,False,0.0537056928034371,2008-09-16,YUANTA_ETF_NAV_HISTORY,0.0103369857349595,0.0059695347879786,-0.1016544117647055,-0.1639007698887939,-0.0525581124832785,-0.0780173064345727,33.56024506466984,-1.3866492499308416,-0.1500869565217389,0.3787571048138708,0.3537221567382106,0.0039030402629416,0.0511561285041948,0.0967904242360044,-0.020447637468914,0.0,0.0,0.0363218390804598,11,0.5,0.0,1.0,2008-09,21,6.041763031497879,2008-09-30,0.1005999077065069,False,False,6.041763031497879,6.8126663440078765,-0.1200877151738504,0.5879198867120701,-0.0254306151237411,6.674808425318302,47.88108961658088,2008-08,technical_calendar,71b2c2126ea942b716c673a87e9a9f022cacdfda25e55f1073d19b0bbf396612,False,technical_calendar
2008-10-13,39.0,39.1,38.84,38.84,19726712,766877302,-1.4,4438,0.0,1.0,0.9652087475149106,121.47840665823512,5.414445688587394,0.1394038539801079,5.43675030522421,5.450690690622221,5.414445688587394,9.75,9.775,9.71,9.71,39.11,38.84,42512132534.0,1087000000.0,41443,3578,0.0,0.0,0.0,0.0,38.84,0.0,False,0.064366632337796,2008-10-14,YUANTA_ETF_NAV_HISTORY,0.0012440905697939,-0.0967452300785632,-0.1929402326514238,-0.1935871743486972,-0.1179210644570848,-0.2004821479425924,36.4675984752224,-2.0841877322852973,-0.2782062780269054,0.4871200910028906,-0.1458776979100358,0.0095333667837431,0.0621272365805168,0.0724048466044346,-0.210571736785329,0.0,0.0,-0.0462147887323943,8,0.4193548387096774,0.0,1.0,2008-10,22,4.440749856843141,2008-10-28,0.2242865463016894,False,False,4.440749856843141,5.609611084159545,-0.2336581428089602,0.8210613875860008,-0.0336129078444268,5.451310428321557,39.10444562816338,2008-09,technical_calendar,71b2c2126ea942b716c673a87e9a9f022cacdfda25e55f1073d19b0bbf396612,False,technical_calendar
2008-11-20,30.0,30.11,29.4,29.5,21771526,647673170,-1.46,6838,0.0,1.0,0.952842377260982,97.97204131389763,4.36673735922909,0.1480249952281047,4.440749856843142,4.457032606318233,4.351934859706279,7.5,7.5275,7.35,7.375,29.24,29.5,33362150337.0,1141000000.0,37678,2400,0.0,0.0,0.0,0.0,29.5,0.0,False,0.0677966101694915,2008-11-21,YUANTA_ETF_NAV_HISTORY,0.0019417475728153,-0.0747160789001795,-0.1064241160152316,-0.3878089986629494,-0.0739160069452573,-0.2263334531354485,32.49496981891345,-1.237951828772863,-0.3923353646617444,0.6179374287049658,-0.61048485458301,0.0055212731406302,0.0645994832041343,0.048910051745018,0.0344827586206897,0.0,0.0,0.01985559566787,14,0.6666666666666666,-0.587785252292473,-0.8090169943749475,2008-11,20,4.307527361137847,2008-11-21,0.0309278350515465,False,False,4.307527361137847,4.582853852262122,-0.0619578745440796,0.5303829917748224,-0.0311906467157497,4.464328498367202,30.159288243770767,2008-10,technical_calendar,71b2c2126ea942b716c673a87e9a9f022cacdfda25e55f1073d19b0bbf396612,False,technical_calendar
2008-12-31,33.3,33.33,32.7,32.87,11538329,381048172,-0.29,3362,0.0,1.0,0.991254523522316,109.16410162670552,4.865581593147799,0.1480249952281046,4.929232341095884,4.933673090952728,4.840417343959022,8.325,8.3325,8.175,8.2175,33.1,32.87,39302824998.0,1187500000.0,33974,8494,0.0,0.0,0.0,0.0,32.87,0.0,False,0.0608457560085184,2009-01-05,YUANTA_ETF_NAV_HISTORY,0.042767295597484,0.0444094488188973,0.0836601307189537,-0.1753931804784938,0.0228254164096235,-0.0083143636168186,43.21475625823444,0.6039417939342114,-0.1801929873441603,0.4665582709745339,-0.2716405941151253,0.0006035003017499,0.060313630880579,-0.0318901370413997,0.0229992959399201,0.0,0.0,0.0042301184433164,23,1.0,0.5877852522924732,-0.8090169943749473,2008-12,23,4.45259185646139,2008-12-05,0.1070478723404249,False,False,4.929232341095884,4.90850884176395,0.0042130667193035,0.1173188545805166,-0.001032802197148,4.927959149751721,33.29139880840935,2008-11,technical_calendar,71b2c2126ea942b716c673a87e9a9f022cacdfda25e55f1073d19b0bbf396612,True,technical_calendar
2009-01-20,30.63,30.89,30.53,30.7,27865305,854151168,-0.83,5266,0.0,1.0,0.9736758642562638,101.95734468937816,4.544367353502812,0.1480249952281046,4.534005603836845,4.5724921025961525,4.519203104314035,7.6575,7.7225,7.6325,7.675,30.43,30.7,37518985235.0,1233000000.0,28786,13163,0.0,0.0,0.0,0.0,30.7,0.0,False,0.0651465798045602,2009-01-21,YUANTA_ETF_NAV_HISTORY,0.0041401273885348,-0.0345988977342313,-0.0343032159264935,0.04750830564784,-0.0255887261264602,-0.0327874719442927,39.34640522875818,-0.8466558633636061,-0.1432065217391307,0.3784083852299648,-0.9042176545323564,0.0047801147227533,0.0634316523945448,-0.0353138246957472,0.089069541397897,0.0,0.0,0.0095238095238094,14,0.6451612903225806,0.9510565162951536,0.3090169943749474,2009-01,15,4.499959854934381,2009-01-21,0.0075657894736842,False,False,4.499959854934381,4.66722809954214,-0.0364968651447935,0.5119052250809569,-0.0215066516227923,4.590762951564631,31.013430836395735,2008-12,technical_calendar,71b2c2126ea942b716c673a87e9a9f022cacdfda25e55f1073d19b0bbf396612,False,technical_calendar
2009-02-27,32.8,33.05,32.65,33.05,11184488,367402187,0.25,2071,0.0,1.0,1.007621951219512,109.7618971330276,4.892226092288857,0.1480249952281046,4.855219843481831,4.892226092288857,4.833016094197616,8.2,8.2625,8.1625,8.2625,32.92,33.05,41559034357.0,1262500000.0,21398,15605,0.0,0.0,0.0,0.0,33.05,0.0,False,0.0605143721633888,2009-03-02,YUANTA_ETF_NAV_HISTORY,0.0018326206475256,-0.0036452004860269,0.0684039087947876,0.0718954248366001,0.0161877468825031,0.015165583410708,54.77707006369413,0.706772736438364,-0.0528443546058337,0.2475863476996665,1.0213519912167348,0.00336494340777,0.0609756097560975,-0.0161657559198542,-0.0112547152309689,0.0,0.0,0.0392237819983485,20,0.9642857142857144,-0.9510565162951536,0.3090169943749472,2009-02,20,4.496999355029819,2009-02-02,0.0796576695194204,False,False,4.855219843481831,4.855219843481831,0.0,0.2211239598164266,-0.001467188604942,4.872342051191616,32.915671057333256,2009-01,technical_calendar,71b2c2126ea942b716c673a87e9a9f022cacdfda25e55f1073d19b0bbf396612,True,technical_calendar
2009-03-31,36.78,37.24,36.61,36.64,16999866,626537864,0.35,2757,0.0,1.0,1.0096445301736017,121.68459639800706,5.423635825157755,0.1480249952281046,5.44435932448969,5.5124508222946185,5.419195075300912,9.195,9.31,9.1525,9.16,36.79,36.64,51224295165.0,1392500000.0,13200,8030,0.0,0.0,0.0,0.0,36.64,0.0,False,0.0545851528384279,2009-04-01,YUANTA_ETF_NAV_HISTORY,-0.0391845379931163,-0.0076565490839484,0.136548700281867,0.1401193842287149,0.0294451378645186,0.0897625184554944,66.8667466986796,0.5844891092415743,-0.04750656167979,0.2726602588290713,0.8467258590547546,-0.0127856365614797,0.0551116009920088,-0.0311602828933548,-0.3565254237288136,0.0,0.0,-0.0309565217391304,22,1.0,0.9510565162951536,0.3090169943749474,2009-03,22,4.664267599637577,2009-03-04,0.1672484925420505,False,False,5.44435932448969,5.371827076827919,0.0134119979511959,0.3426966824131861,-0.0020204989433717,5.387789184848008,36.39783386951301,2009-02,technical_calendar,71b2c2126ea942b716c673a87e9a9f022cacdfda25e55f1073d19b0bbf396612,True,technical_calendar
2009-04-30,42.15,42.15,42.15,42.15,37282829,1571471228,2.75,2829,0.0,1.0,1.0697969543147208,139.9837810637554,6.239253548864613,0.1480249952281047,6.239253548864613,6.239253548864613,6.239253548864613,10.5375,10.5375,10.5375,10.5375,42.04,42.15,52399791929.0,1246500000.0,10318,7595,0.0,0.0,0.0,0.0,42.15,0.0,False,0.0474495848161328,2009-05-04,YUANTA_ETF_NAV_HISTORY,0.0089628681177977,-0.0307503075030748,0.0565835344596408,0.2432944146418429,-0.0079190220196653,0.0948245918721781,50.882352941176485,-0.3545578973631367,-0.0436893203883496,0.2893302854868288,-1.0922308022596194,0.000253871541,0.0507614213197969,0.0701382581491574,-0.054828352679674,0.0,0.0,0.0004016064257028,22,1.0,-0.587785252292473,-0.8090169943749475,2009-04,22,5.490247073010404,2009-04-01,0.1364249123753032,False,False,6.239253548864613,5.832184811987325,0.0674688681439762,0.2719057528844627,-0.0022916343886373,5.847929053531933,39.50636204730388,2009-03,technical_calendar,71b2c2126ea942b716c673a87e9a9f022cacdfda25e55f1073d19b0bbf396612,True,technical_calendar
2009-05-27,46.1,48.14,46.1,48.0,29646748,1393469812,2.4,4505,0.0,1.0,1.0526315789473684,159.41213501922326,7.105199770949026,0.1480249952281047,6.823952280015628,7.125923270280961,6.823952280015628,11.525,12.035,11.525,12.0,47.45,48.0,56891960729.0,1199000000.0,10239,7585,0.0,0.0,0.0,0.0,48.0,0.0,False,0.0416666666666666,2009-06-01,YUANTA_ETF_NAV_HISTORY,-0.0028427727968508,-0.0108459869848156,0.1538461538461539,0.4281240212965873,0.0190285707900823,0.1448752604842291,44.26934097421209,0.4047022720423877,-0.0172413793103447,0.4021747790678534,-0.7599445549128242,-0.0039318479685451,0.043859649122807,-0.1540604423434071,0.0259215839520645,0.0,0.0,-0.0294236195082627,18,0.8709677419354839,0.5877852522924732,-0.8090169943749473,2009-05,18,6.498297290513797,2009-05-15,0.050113895216401,False,False,6.823952280015628,6.749939782401576,0.0109052334822623,0.2922154007048719,-0.0115882797964924,6.705531920030525,45.29999754228928,2009-04,technical_calendar,71b2c2126ea942b716c673a87e9a9f022cacdfda25e55f1073d19b0bbf396612,True,technical_calendar
2009-06-30,44.88,44.89,44.08,44.46,7966972,354968737,0.18,1543,0.0,1.0,1.0040650406504066,147.65549006155564,6.58119128784154,0.1480249952281048,6.643361785837344,6.644842035789625,6.52494178965486,11.22,11.2225,11.02,11.115,44.5,44.46,52372686464.0,1177000000.0,10525,7573,0.0,0.0,0.0,0.0,44.46,0.0,False,0.0449842555105713,2009-07-01,YUANTA_ETF_NAV_HISTORY,-0.0071748878923765,0.0086560364464696,-0.074608150470219,0.1477449455676527,-0.0074864392343204,0.0186804085764247,48.88010540184462,-0.2295018309103764,-0.0774999999999993,0.2584271237023341,-0.9118403957402632,0.0056779468544174,0.04516711833785,-0.1152548093148835,-0.0114518889035145,0.0,0.0,0.0129533678756477,23,1.0,0.9510565162951536,0.3090169943749474,2009-06,23,6.328068546001478,2009-06-19,0.0498245614035093,False,False,6.643361785837344,6.55454678870048,0.0134591533740049,0.3288632059061691,-0.0007988548595986,6.582059311783834,44.46586403627953,2009-05,technical_calendar,71b2c2126ea942b716c673a87e9a9f022cacdfda25e55f1073d19b0bbf396612,True,technical_calendar
2009-07-31,49.11,49.58,48.95,49.02,13207439,652064633,0.17,1629,0.0,1.0,1.0034800409416582,162.79964288838192,7.2561852660817,0.1480249952281048,7.269507515652229,7.339079263409439,7.245823516415733,12.2775,12.395,12.2375,12.255,49.49,49.02,65699520214.0,1327500000.0,6442,6077,0.0,0.0,0.0,0.0,49.02,0.0,False,0.0407996736026111,2009-08-03,YUANTA_ETF_NAV_HISTORY,-0.0101317122593718,0.0070088641517211,0.0642701525054465,0.0528017241379319,0.0290384757170092,0.0628576401731908,64.39499304589705,1.0243444447572068,-0.017102615694165,0.196377909022021,-0.7737317652169761,-0.0018389865140988,0.0409416581371545,-0.0684025334271639,-0.1178696158323632,0.0,0.0,-0.0103819058212829,23,1.0,-0.9510565162951536,0.3090169943749472,2009-07,23,6.5841517877461015,2009-07-01,0.1040917266187053,False,False,7.269507515652229,7.231021016892923,0.0053083015623613,0.2057371245281211,-0.0001513664855601,7.266076198315746,49.086819338307066,2009-06,technical_calendar,71b2c2126ea942b716c673a87e9a9f022cacdfda25e55f1073d19b0bbf396612,True,technical_calendar
2009-08-18,48.2,48.58,47.53,48.02,20950047,1005713418,-0.64,2544,0.0,1.0,0.9868475133579944,159.47855674214813,7.108160270853597,0.1480249952281049,7.134804769994656,7.191054268181335,7.035628023191825,12.05,12.145,11.8825,12.005,47.96,48.02,55652077913.0,1160500000.0,6491,6037,0.0,0.0,0.0,0.0,48.02,0.0,False,0.041649312786339,2009-08-19,YUANTA_ETF_NAV_HISTORY,-0.0193470374848849,0.0082884376295071,0.0165030290369752,0.0589771490750825,-0.0014569781042867,0.0450207958995214,48.59967051070844,-0.1480648699733986,-0.0209255533199195,0.1583459925692562,2.93905780472608,0.0006169031462059,0.0411015207562679,-0.0482958887360538,-0.0003324468085106,0.0,0.0,-0.0426341834792538,11,0.5806451612903226,0.9510565162951536,0.3090169943749474,2009-08,20,7.051910772666917,2009-08-27,0.0117548278757348,False,False,7.051910772666917,7.202896267799583,-0.0211845928682772,0.5297386630755959,-0.01325230919797,7.143611329057445,48.259493729753,2009-07,technical_calendar,71b2c2126ea942b716c673a87e9a9f022cacdfda25e55f1073d19b0bbf396612,False,technical_calendar
2009-09-30,52.95,53.85,52.95,53.3,11654453,622532750,0.45,1850,0.0,1.0,1.0085146641438032,177.01389159426256,7.889732245657984,0.1480249952281047,7.837923497328148,7.971145993033442,7.837923497328148,13.2375,13.4625,13.2375,13.325,53.61,53.3,52913290451.0,987000000.0,6930,4734,0.0,0.0,0.0,0.0,53.3,0.0,False,0.0375234521575985,2009-10-01,YUANTA_ETF_NAV_HISTORY,0.0202702702702703,-0.0018885741265345,0.052788844621513,0.1567082512584805,0.0113380854422808,0.0679644348646093,56.06060606060592,0.6896677940687957,-0.0084427767354596,0.1614258593473764,-0.740209442667681,-0.0039577836411609,0.0378429517502365,-0.0481961668545659,-0.0316606929510154,0.0,0.0,-0.0144278606965173,22,1.0,0.5877852522924732,-0.8090169943749473,2009-09,22,7.171811018801682,2009-09-01,0.0928792569659435,False,False,7.837923497328148,7.823120997805337,0.0018903597311689,0.2400604493998276,0.0001459656331962,7.863384302898776,53.12200342098575,2009-08,technical_calendar,71b2c2126ea942b716c673a87e9a9f022cacdfda25e55f1073d19b0bbf396612,True,technical_calendar
2009-10-30,51.75,52.0,51.55,51.65,12799020,662065068,0.1,1916,0.0,1.0,1.0019398642095054,174.7553970952862,7.789068299372582,0.1508048073450645,7.804148780107089,7.841849981943355,7.7739878186380755,12.9375,13.0,12.8875,12.9125,51.32,51.65,48861084133.0,952000000.0,6149,1986,0.0,0.0,0.0,0.0,51.65,0.0,False,0.0193610842207163,2009-11-02,YUANTA_ETF_NAV_HISTORY,-0.0190294957183633,-0.0220097743506348,-0.0210983202726767,0.0929880357413293,-0.0250620756132824,0.0162617075163853,42.493433872744255,-1.8509649912551305,-0.0433866098839543,0.1650755384125599,3.174094565040753,0.0042859925969218,0.0193986420950533,0.3828494260634707,,0.0,0.0,0.0234972677595628,22,0.967741935483871,-0.9510565162951536,0.3090169943749472,2009-10,22,7.793515998759716,2009-10-06,0.0013643112234664,False,True,7.804148780107089,7.773987818638074,0.0038722216825097,0.509069259034746,-0.0004243146661274,7.809543350825749,51.78577187500606,2009-09,technical_calendar,71b2c2126ea942b716c673a87e9a9f022cacdfda25e55f1073d19b0bbf396612,False,technical_calendar
2009-11-02,50.8,51.4,50.6,51.35,13105691,668419482,-0.3,2145,0.0,1.0,0.9941916747337852,173.74036090693025,7.743826857169062,0.1508048073450645,7.660884213129275,7.751367097536314,7.630723251660263,12.7,12.85,12.65,12.8375,51.35,51.35,49117130275.0,956500000.0,6861,2131,0.0,0.0,0.0,0.0,51.35,0.0,False,0.0194741966893865,2009-11-03,YUANTA_ETF_NAV_HISTORY,0.0019398642095054,-0.0300469483568069,-0.0015189174261253,0.0930609275372493,-0.0230982456071536,0.0167640584943349,40.9140369967356,-1.6905277890014527,-0.0415309098061346,0.1536364668942533,0.6793516509806677,0.0064302416212003,0.0193610842207163,0.2961635750421585,1.5692108667529108,0.0,0.0,0.0325379609544469,1,0.0666666666666666,0.0,1.0,2009-11,21,7.660884213129275,2009-11-02,0.0,True,True,7.660884213129275,7.789068299372582,-0.0165938409812115,0.7784808347275719,-0.0195309011479986,7.67660882929534,50.90427131895128,2009-10,technical_calendar,71b2c2126ea942b716c673a87e9a9f022cacdfda25e55f1073d19b0bbf396612,False,technical_calendar
2009-12-31,55.7,56.45,55.7,56.45,5817282,326366699,0.75,1507,0.0,1.0,1.013464991023339,190.9959761089818,8.512931374628895,0.1508048073450645,8.399827769120098,8.512931374628895,8.399827769120098,13.925,14.1125,13.925,14.1125,56.48,56.45,53624879526.0,949500000.0,3419,2536,0.0,0.0,0.0,0.0,56.45,0.0,False,0.0177147918511957,2010-01-04,YUANTA_ETF_NAV_HISTORY,0.0036036036036035,0.0210815765352889,0.0430711610486895,0.0528016584354618,0.0296700249560959,0.042948530577598,79.34782608695696,1.8869625133766776,0.0,0.12545380658426,1.2755044278429402,-0.003934191702432,0.0179533213644524,-0.0584366304072856,-0.0339824360442917,0.0,0.0,0.0058170280274987,23,1.0,-0.587785252292473,-0.8090169943749475,2009-12,23,7.947413347084899,2009-12-01,0.0569259962049342,False,False,8.399827769120098,8.399827769120096,2.2204460492503126e-16,0.1041056422703531,-0.0022583903029165,8.422783479778596,55.85222134534464,2009-11,technical_calendar,71b2c2126ea942b716c673a87e9a9f022cacdfda25e55f1073d19b0bbf396612,True,technical_calendar
2010-01-22,55.2,55.2,54.35,54.4,29477562,1612081382,-1.55,3929,0.0,1.0,0.972296693476318,184.05989548854933,8.203781519571512,0.1508048073450645,8.324425365447565,8.324425365447565,8.19624127920426,13.8,13.8,13.5875,13.6,54.62,54.4,48586235220.0,889500000.0,4268,2182,0.0,0.0,0.0,0.0,54.4,0.0,False,0.0183823529411764,2010-01-25,YUANTA_ETF_NAV_HISTORY,-0.007978723404255,-0.0261096605744123,0.0256645279560039,0.0647002854424365,-0.0126615785061984,0.0286187032724603,45.68965517241379,-0.7968196103242383,-0.0336787564766837,0.1351895847683258,0.2361160104157647,-0.0024959885897664,0.0178731009830205,0.0204367301231802,-0.0577001219016659,0.0,0.0,-0.0185589519650655,15,0.7096774193548387,-0.9510565162951536,0.3090169943749472,2010-01,20,7.985114548921168,2010-01-29,0.0424929178470256,False,False,7.985114548921168,8.437528970956363,-0.0551103627105188,0.5450133151343803,-0.0111739527192805,8.385492073943569,55.60493873883131,2009-12,technical_calendar,71b2c2126ea942b716c673a87e9a9f022cacdfda25e55f1073d19b0bbf396612,False,technical_calendar
2010-02-05,51.25,51.3,50.5,50.75,24216962,1231585083,-1.8,5321,0.0,1.0,0.9657469077069458,171.71028853021838,7.653343972762028,0.1508048073450646,7.728746376434561,7.736286616801814,7.615642770925763,12.8125,12.825,12.625,12.6875,50.61,50.75,44841621579.0,886000000.0,6674,2439,0.0,0.0,0.0,0.0,50.75,0.0,False,0.0197044334975369,2010-02-06,YUANTA_ETF_NAV_HISTORY,-0.0037914691943127,-0.027752081406105,-0.0844947735191634,-0.0241411327762299,-0.0470577568229212,-0.0367519017505265,21.925133689839512,-1.1991901019566564,-0.0924006908462864,0.1982732567327424,-1.215119427056902,-0.0009505703422053,0.0190294957183634,0.1279850746268656,0.0372154115586689,0.0,0.0,0.0445632798573976,5,0.1785714285714285,-0.9510565162951536,0.3090169943749472,2010-02,14,7.660884213129282,2010-02-06,0.0088582677165354,False,False,7.660884213129282,7.924792625983144,-0.0338687427385237,0.7798077768850817,-0.0208549030049515,7.800039445972303,51.72275064232278,2010-01,technical_calendar,71b2c2126ea942b716c673a87e9a9f022cacdfda25e55f1073d19b0bbf396612,False,technical_calendar
2010-03-31,54.35,54.45,54.2,54.25,10909581,592799089,-0.2,1245,0.0,1.0,0.9963269054178144,183.5523773943713,8.181160798469751,0.1508048073450645,8.196241279204258,8.211321759938764,8.173620558102499,13.5875,13.6125,13.55,13.5625,54.1,54.25,47986045001.0,887000000.0,6441,3872,0.0,0.0,0.0,0.0,54.25,0.0,False,0.0184331797235023,2010-04-01,YUANTA_ETF_NAV_HISTORY,-0.0009174311926605,0.020618556701031,0.0341880341880338,-0.0135869565217389,0.0158108297187631,0.0056330224397451,56.84210526315785,1.3996916465381608,-0.059585492227979,0.1317186136869078,-0.8553544951470381,-0.0009174311926605,0.0183654729109274,-0.0723329937418134,0.0395310796074155,0.0,0.0,-0.0072747621712366,23,1.0,0.5877852522924732,-0.8090169943749473,2010-03,23,7.766447578270827,2010-03-01,0.0553398058252423,False,False,8.196241279204258,8.211321759938766,-0.0018382358117511,0.2045487476848827,0.000123517027444,8.253397740937524,54.72900954710606,2010-02,technical_calendar,71b2c2126ea942b716c673a87e9a9f022cacdfda25e55f1073d19b0bbf396612,True,technical_calendar
2010-04-30,55.4,55.7,54.7,54.8,5323236,294390784,-0.2,1128,0.0,1.0,0.9963636363636365,185.41327707302395,8.264103442509537,0.1508048073450645,8.354586326916575,8.399827769120096,8.249022961775031,13.85,13.925,13.675,13.7,54.89,54.8,51565973556.0,939500000.0,5705,3846,0.0,0.0,0.0,0.0,54.8,0.0,False,0.0182481751824817,2010-05-03,YUANTA_ETF_NAV_HISTORY,-0.004524886877828,0.0101010101010103,0.013824884792627,0.0387157695939563,9.09173561234322e-05,0.0254020041948264,48.55072463768117,0.0088739144678258,-0.0161001788908763,0.1626488505483544,-1.358361960383342,0.000363768643143,0.0181818181818181,-0.0809492847854356,0.0041483017889552,0.0,0.0,0.048494983277592,21,1.0,-0.9510565162951536,0.3090169943749472,2010-04,21,8.128379115898978,2010-04-20,0.0278293135435991,False,False,8.354586326916575,8.29426440397855,0.007246408520767,0.330995331048926,-0.0002319127015684,8.333802787151864,55.26218251174743,2010-03,technical_calendar,71b2c2126ea942b716c673a87e9a9f022cacdfda25e55f1073d19b0bbf396612,True,technical_calendar
2010-05-05,53.4,53.45,52.85,53.0,20067366,1064924964,-1.5,3590,0.0,1.0,0.9724770642201837,179.32305994288816,7.992654789288423,0.1508048073450645,8.052976712226448,8.060516952593701,7.970034068186663,13.35,13.3625,13.2125,13.25,52.92,53.0,49693552859.0,939000000.0,6312,3534,0.0,0.0,0.0,0.0,53.0,0.0,False,0.0188679245283018,2010-05-06,YUANTA_ETF_NAV_HISTORY,0.0009182736455466,-0.0241718889883615,-0.0144665461121152,0.0283018867924529,-0.0080538745051642,0.0148818298909081,44.35483870967751,-0.7667368414465435,-0.025044722719141,0.1575616457932337,0.65661620858311,0.0,0.018348623853211,0.0598802395209581,-0.0439867785405543,0.0,0.0,-0.0058262711864406,3,0.1612903225806451,0.5877852522924732,-0.8090169943749473,2010-05,21,7.437693098258586,2010-05-27,0.0827250608272505,False,False,7.437693098258586,8.21886200030602,-0.0998710233730547,0.6837346507679805,-0.0137516871850924,8.147145422773526,54.02444103875025,2010-04,technical_calendar,71b2c2126ea942b716c673a87e9a9f022cacdfda25e55f1073d19b0bbf396612,False,technical_calendar
2010-06-07,48.85,48.85,48.3,48.74,15955142,773811848,-1.31,3896,0.0,1.0,0.973826173826174,164.90954606823337,7.350226309998447,0.1508048073450645,7.366814838806404,7.366814838806404,7.283872194766618,12.2125,12.2125,12.075,12.185,48.65,48.74,46535175344.0,956500000.0,10281,4672,0.0,0.0,0.0,0.0,48.74,0.0,False,0.0205170291341813,2010-06-08,YUANTA_ETF_NAV_HISTORY,-0.002988047808765,0.0036093843994384,-0.0365736284889318,-0.0671015843429638,-0.0153452685421994,-0.0588419650552376,38.00259403372254,-0.5949589249029129,-0.1046511627906974,0.2120200742907092,-1.223803245227087,0.0001998401278975,0.0199800199800199,-0.0031036623215394,0.0731862537123462,0.0,0.0,0.0079872204472843,5,0.2333333333333333,0.0,1.0,2010-06,21,7.265775617885213,2010-06-10,0.0139061851390616,False,False,7.265775617885213,7.547780607620481,-0.038078508574504,0.6326018413125245,-0.0193670842794726,7.440023578717537,49.335453621804135,2010-05,technical_calendar,71b2c2126ea942b716c673a87e9a9f022cacdfda25e55f1073d19b0bbf396612,False,technical_calendar
2010-07-30,53.9,54.05,53.5,53.9,7817682,420410866,-0.2,1326,0.0,1.0,0.9963031423290204,182.3681685079561,8.128379115898984,0.1508048073450646,8.128379115898984,8.150999837000743,8.068057192960957,13.475,13.5125,13.375,13.475,54.07,53.9,53823707828.0,995500000.0,6109,4995,0.0,0.0,0.0,0.0,53.9,0.0,False,0.0185528756957328,2010-08-02,YUANTA_ETF_NAV_HISTORY,0.0009250693802038,0.0217186024551463,0.0998170359829238,0.0207547169811326,0.0285757742837045,0.0552048319669205,70.58823529411767,1.283996000545551,0.0,0.1327699832767149,0.2034758614867285,-0.0049659738826558,0.0184842883548983,-0.0838414634146341,-0.0525214081826831,0.0,0.0,-0.0059731209556993,22,0.967741935483871,-0.9510565162951536,0.3090169943749472,2010-07,22,7.404516040642672,2010-07-02,0.0977596741344197,False,False,8.128379115898984,8.158540077367997,-0.0037037079374844,0.153066080827438,-0.0008139118029312,8.192661959128127,54.32626521236857,2010-06,technical_calendar,71b2c2126ea942b716c673a87e9a9f022cacdfda25e55f1073d19b0bbf396612,True,technical_calendar
2010-08-26,53.9,53.95,53.6,53.6,9343642,502592295,-0.35,1245,0.0,1.0,0.9935125115848008,181.35313231960023,8.083137673695468,0.1508048073450647,8.128379115898987,8.13591935626624,8.083137673695468,13.475,13.4875,13.4,13.4,53.8,53.6,48450163356.0,900500000.0,5292,4378,0.0,0.0,0.0,0.0,53.6,0.0,False,0.0186567164179104,2010-08-27,YUANTA_ETF_NAV_HISTORY,-0.0181983621474065,-0.0128087831655987,-0.0018501387604059,0.0826811157936997,-0.0163187163825321,0.0283437851438164,38.54166666666696,-1.9902407460691247,-0.0279279279279274,0.1274248677934447,2.1135009527188573,0.0001853911753801,0.0185356811862835,-0.0732948761452324,0.0762691280058294,0.0,0.0,-0.0384204909284952,19,0.8387096774193549,-0.587785252292473,-0.8090169943749475,2010-08,22,8.083137673695468,2010-08-27,0.005597014925373,False,False,8.083137673695468,8.135919356266243,-0.0065086236273876,0.6049811952877554,-0.0057280453553217,8.12989690680484,53.91006460558236,2010-07,technical_calendar,71b2c2126ea942b716c673a87e9a9f022cacdfda25e55f1073d19b0bbf396612,False,technical_calendar
2010-09-30,57.7,57.8,57.5,57.7,6992312,403020952,-0.1,988,0.0,1.0,0.9982698961937716,195.22529356046527,8.701437383810237,0.1508048073450647,8.701437383810237,8.716517864544743,8.671276422341224,14.425,14.45,14.375,14.425,57.78,57.7,50787314121.0,879000000.0,5711,3370,0.0,0.0,0.0,0.0,57.7,0.0,False,0.0173310225303292,2010-10-01,YUANTA_ETF_NAV_HISTORY,0.0069686411149825,0.0078465562336527,0.0844277673545967,0.1245136186770436,0.0289732520361385,0.0567854585345788,79.04761904761862,1.2150535111803156,0.0,0.1244937896651645,0.5938354860091533,0.0005193006750907,0.0173010380622837,-0.0250914793518034,-0.0421892816419612,0.0,0.0,-0.0028360748723765,21,1.0,-0.587785252292473,-0.8090169943749475,2010-09,21,8.068057192960966,2010-09-01,0.078504672897196,False,False,8.701437383810237,8.716517864544743,-0.0017316021642778,0.133078526985997,-0.0027129640063279,8.736366825441104,57.93162021321341,2010-08,technical_calendar,71b2c2126ea942b716c673a87e9a9f022cacdfda25e55f1073d19b0bbf396612,True,technical_calendar
2010-10-29,56.2,56.35,55.9,56.0,7155507,401298561,-0.5,1028,0.0,1.0,0.991150442477876,196.9037520941519,8.776248396081415,0.1567187213585967,8.807592140353135,8.831099948556925,8.760576523945556,14.05,14.0875,13.975,14.0,56.0,56.0,50313461218.0,898500000.0,5702,1344,0.0,0.0,0.0,0.0,56.0,0.0,False,0.0392857142857142,2010-11-01,YUANTA_ETF_NAV_HISTORY,0.0080285459411242,0.0346376436036968,0.0176028817072755,0.0656204405537173,0.0235244858024215,0.0463228016782397,57.60085492920102,1.7474990935273549,0.0,0.1522205203597763,-1.3604772234678864,0.0010630758327427,0.0389380530973451,0.1272834413671184,,0.0,0.0,0.0107770845150312,21,0.935483870967742,-0.9510565162951536,0.3090169943749472,2010-10,21,8.414908249854614,2010-10-20,0.0466652610865134,False,False,8.807592140353135,8.854607756760714,-0.0053238812527498,0.1470262451629009,-0.0030360112171148,8.871904664268783,56.61036912092009,2010-09,technical_calendar,71b2c2126ea942b716c673a87e9a9f022cacdfda25e55f1073d19b0bbf396612,True,technical_calendar
2010-11-30,57.05,57.5,56.95,57.1,8006464,458479034,0.2,993,0.0,1.0,1.0035149384885764,200.77150436742983,8.94863898957587,0.1567187213585966,8.940803053507938,9.011326478119308,8.92513118137208,14.2625,14.375,14.2375,14.275,56.71,57.1,52597664230.0,927500000.0,5907,2247,0.0,0.0,0.0,0.0,57.1,0.0,False,0.0385288966725043,2010-12-01,YUANTA_ETF_NAV_HISTORY,0.0017605633802817,-0.0078465562336529,0.0017605633802817,0.0839848313294151,-0.0013163668275559,0.0231423025140613,40.90909090909064,-0.1684967868926071,-0.0138648180242637,0.1113509102900942,0.2385531536077919,-0.0010533707865169,0.0386643233743409,0.0453652437935345,0.0461837627613028,0.0,0.0,0.0027085590465871,22,1.0,0.9510565162951536,0.3090169943749474,2010-11,22,8.791920268217273,2010-11-16,0.0169340463458107,False,False,8.940803053507938,8.917295245304151,0.0026327351757991,0.4276291016926362,-0.000300064128069,8.959192985722801,57.16734355701375,2010-10,technical_calendar,71b2c2126ea942b716c673a87e9a9f022cacdfda25e55f1073d19b0bbf396612,True,technical_calendar
2010-12-31,60.8,61.4,60.75,61.4,13970805,853433428,0.6,1726,0.0,1.0,1.0098684210526316,215.89089961751645,9.622529491417833,0.1567187213585966,9.528498258602674,9.622529491417833,9.520662322534744,15.2,15.35,15.1875,15.35,61.33,61.4,51363464628.0,837500000.0,6195,2674,0.0,0.0,0.0,0.0,61.4,0.0,False,0.0358306188925081,2011-01-03,YUANTA_ETF_NAV_HISTORY,0.0049586776859502,0.0057899090157147,0.0402053036783571,0.0903246544519438,0.016424959251055,0.0578454518346673,74.19354838709634,1.822670256334052,0.0,0.0727164297738256,-1.0623652024779826,-0.0001644466370663,0.0361842105263157,0.0188865166694038,0.0101449275362319,0.0,0.0,-0.0266976204294834,23,1.0,-0.9510565162951536,0.3090169943749472,2010-12,23,8.948638989575867,2010-12-01,0.0647985989492119,False,False,9.528498258602674,9.528498258602673,2.2204460492503126e-16,0.1397554060939917,-9.910247823378854e-05,9.57519177763898,61.09794474222046,2010-11,technical_calendar,71b2c2126ea942b716c673a87e9a9f022cacdfda25e55f1073d19b0bbf396612,True,technical_calendar
2011-01-28,62.5,63.0,62.45,63.0,11849231,743247153,0.55,1615,0.0,1.0,1.0088070456365092,221.51672110592088,9.87327944559159,0.1567187213585966,9.794920084912292,9.87327944559159,9.787084148844365,15.625,15.75,15.6125,15.75,63.12,63.0,49044465966.0,777000000.0,4768,2464,0.0,0.0,0.0,0.0,63.0,0.0,False,0.0349206349206349,2011-02-08,YUANTA_ETF_NAV_HISTORY,0.007258064516129,0.0129764801297649,0.0271381578947376,0.0946538124452236,0.02217857435142,0.0523063961244123,75.45454545454562,1.959912597026451,0.0,0.1272226580126842,1.0178323259730393,-0.0028740220341689,0.0352281825460368,0.076891447368421,-0.0491551459293394,0.0,0.0,-0.0431610942249239,20,0.9032258064516128,-0.9510565162951536,0.3090169943749472,2011-01,20,9.35610766510822,2011-01-11,0.0469011725293133,False,False,9.794920084912292,9.787084148844365,0.0008003201707688,0.1102389445372301,-0.0011148203331238,9.825060284927131,62.69232035428542,2010-12,technical_calendar,71b2c2126ea942b716c673a87e9a9f022cacdfda25e55f1073d19b0bbf396612,True,technical_calendar
2011-02-23,59.45,59.7,58.8,59.0,28150332,1669981084,-0.85,3513,0.0,1.0,0.985797827903091,207.45216738491,9.246404560157202,0.1567187213585966,9.316927984768572,9.35610766510822,9.215060815885485,14.8625,14.925,14.7,14.75,58.73,59.0,48453762695.0,825000000.0,7891,3142,0.0,0.0,0.0,0.0,59.0,0.0,False,0.0372881355932203,2011-02-24,YUANTA_ETF_NAV_HISTORY,-0.0131904369332235,0.0016736401673638,-0.0164338537387022,0.0435919790758498,-0.0188926683332653,-0.0034688497294298,40.697674418604485,-1.0150664447860274,-0.0500000000000002,0.1843131395627266,1.7489922342071589,0.0041946308724831,0.0367585630743525,0.0280425473131649,0.4148841354723707,0.0,0.0,0.0171211160431199,12,0.8214285714285714,0.5877852522924732,-0.8090169943749473,2011-02,14,9.246404560157202,2011-02-24,0.0076271186440679,False,False,9.246404560157202,9.37961547331201,-0.0143039880982626,0.5534577890698927,-0.005990829764187,9.37020973441124,59.789983310103416,2011-01,technical_calendar,71b2c2126ea942b716c673a87e9a9f022cacdfda25e55f1073d19b0bbf396612,False,technical_calendar
2011-03-31,59.5,59.7,59.1,59.55,8065305,479324432,-0.05,932,0.0,1.0,0.9991610738255032,209.38604352154897,9.332599856904428,0.1567187213585966,9.3247639208365,9.35610766510822,9.26207643229306,14.875,14.925,14.775,14.8875,59.91,59.55,59911285992.0,1000000000.0,6728,4227,0.0,0.0,0.0,0.0,59.55,0.0,False,0.0369437447523089,2011-04-01,YUANTA_ETF_NAV_HISTORY,0.0059071729957806,0.0188034188034189,0.0025231286795628,-0.0140612076095947,0.010512037978976,-0.008649367930805,51.020408163265365,0.6116171316818994,-0.053968253968254,0.1292967186720731,-0.4867737164846722,0.0001678133915086,0.0369127516778523,-0.1710108073744437,0.0347424684159378,0.0,0.0,-0.0094105993065873,23,1.0,-0.587785252292473,-0.8090169943749475,2011-03,23,8.901623373168288,2011-03-17,0.0475352112676057,False,False,9.3247639208365,9.34043579297236,-0.00167926151972,0.1972805562456079,6.157551820546508e-05,9.38771600761855,59.90168836394478,2011-02,technical_calendar,71b2c2126ea942b716c673a87e9a9f022cacdfda25e55f1073d19b0bbf396612,True,technical_calendar
2011-04-29,62.0,62.4,61.65,62.0,50487944,3134706959,-0.15,2559,0.0,1.0,0.997586484312148,218.00058267566808,9.71656072423299,0.1567187213585966,9.71656072423299,9.779248212776428,9.66170917175748,15.5,15.6,15.4125,15.5,62.37,62.0,55724058421.0,893500000.0,7912,3609,0.0,0.0,0.0,0.0,62.0,0.0,False,0.0354838709677419,2011-05-03,YUANTA_ETF_NAV_HISTORY,0.0,0.0072933549432738,0.0489451476793247,0.0188524590163932,0.0243942640514256,0.0345975640207527,58.01526717557245,1.6335401532974765,-0.0134920634920638,0.1619754415484818,1.1662723923200815,-0.0044850232260131,0.0353982300884955,0.0761995637949837,0.1096305269533615,0.0,0.0,-0.0832922621981271,19,0.9666666666666668,-0.9510565162951536,0.3090169943749472,2011-04,19,9.30125611263271,2011-04-19,0.0446503791069921,False,False,9.71656072423299,9.74006853243678,-0.0024164329116286,0.1656175064428408,-0.0004173405341751,9.784684477419349,62.43468803596529,2011-03,technical_calendar,71b2c2126ea942b716c673a87e9a9f022cacdfda25e55f1073d19b0bbf396612,True,technical_calendar
2011-05-23,60.8,60.8,60.0,60.35,38595445,2327332964,-0.75,3025,0.0,1.0,0.9877250409165302,212.19895426575107,9.457974833991305,0.1567187213585966,9.528498258602673,9.528498258602673,9.403123281515796,15.2,15.2,15.0,15.0875,60.27,60.35,59642032480.0,989500000.0,7723,3751,0.0,0.0,0.0,0.0,60.35,0.0,False,0.0364540182270091,2011-05-24,YUANTA_ETF_NAV_HISTORY,0.0008190008190007,-0.0153102336825141,-0.0097244732576988,0.0074196207749377,-0.0112868643553545,0.0133930422523527,38.74999999999975,-1.63780797701819,-0.0192616372391655,0.0945707972370231,-0.5284624186162411,0.0024610336341264,0.0360065466448445,0.0815269256987047,0.0266028198989092,0.0,0.0,0.0441572428648358,15,0.7419354838709677,0.0,1.0,2011-05,21,9.418795153651656,2011-05-25,0.0116472545757069,False,False,9.418795153651656,9.575513875010252,-0.0165020246363876,0.6468907487635608,-0.0095342747697553,9.532075394031365,60.82282519534156,2011-04,technical_calendar,71b2c2126ea942b716c673a87e9a9f022cacdfda25e55f1073d19b0bbf396612,False,technical_calendar
2011-06-16,59.9,59.9,59.3,59.4,23032377,1370265275,-1.1,3563,0.0,1.0,0.9818181818181818,208.85862275701092,9.309092048700636,0.1567187213585965,9.387451409379937,9.387451409379937,9.293420176564776,14.975,14.975,14.825,14.85,59.24,59.4,64930022427.0,1096000000.0,7361,3549,0.0,0.0,0.0,0.0,59.4,0.0,False,0.037037037037037,2011-06-17,YUANTA_ETF_NAV_HISTORY,-0.0041152263374484,-0.0241935483870967,-0.0122448979591837,0.0558464223385681,-0.0105891491884377,-0.005275056518463,51.72413793103441,-0.8274338100509251,-0.0296712109061749,0.1642423811279522,-0.6692222361860077,0.0008271298593878,0.0363636363636363,0.1762922540548734,-0.0107102593010146,0.0,0.0,0.0265654648956357,11,0.5333333333333333,-0.587785252292473,-0.8090169943749475,2011-06,21,9.011326478119305,2011-06-27,0.0417391304347827,False,False,9.011326478119305,9.481482642195092,-0.0508584172334907,0.5483529642445012,-0.0143053396443392,9.393546423127274,59.93889142084944,2011-05,technical_calendar,71b2c2126ea942b716c673a87e9a9f022cacdfda25e55f1073d19b0bbf396612,False,technical_calendar
2011-07-29,60.75,60.9,59.9,59.9,13902656,837041345,-0.95,2361,0.0,1.0,0.9843878389482332,210.61669197213743,9.38745140937994,0.1567187213585966,9.520662322534749,9.544170130738536,9.38745140937994,15.1875,15.225,14.975,14.975,60.14,59.9,96254967025.0,1600500000.0,11451,5037,0.0,0.0,0.0,0.0,59.9,0.0,False,0.0367278797996661,2011-08-01,YUANTA_ETF_NAV_HISTORY,-0.0081499592502037,0.0041254125412542,0.0339847068819034,-0.0153721682847894,0.0145048349449821,0.0070335126189498,56.34920634920665,1.0457667466672549,-0.0240577385725735,0.1498779780017361,-0.5060427392318911,-0.0019681810726586,0.0361544782251437,-0.0843129306850425,-0.0016464293064416,0.0,0.0,-0.0092821782178217,21,0.935483870967742,-0.9510565162951536,0.3090169943749472,2011-07,21,9.191553007681687,2011-07-13,0.0358056265984665,False,False,9.520662322534749,9.536334194670609,-0.0016447372128783,0.2338186794311698,-0.0012153506496384,9.57237500103456,61.07997128901715,2011-06,technical_calendar,71b2c2126ea942b716c673a87e9a9f022cacdfda25e55f1073d19b0bbf396612,True,technical_calendar
2011-08-05,55.7,55.7,54.45,54.45,93524542,5148697495,-3.4,17533,0.0,1.0,0.9412273120138288,191.45373752726016,8.533334377975587,0.1567187213585966,8.729232779673833,8.729232779673833,8.533334377975587,13.925,13.925,13.6125,13.6125,54.63,54.45,93688787474.0,1715000000.0,17770,4735,0.0,0.0,0.0,0.0,54.45,0.0,False,0.0404040404040404,2011-08-08,YUANTA_ETF_NAV_HISTORY,-0.0127986348122867,-0.0493015612161054,-0.0414250207125099,-0.0676873489121673,-0.0319611780455153,-0.0387438034838956,41.91616766467072,-1.9576619683731056,-0.0721732157177221,0.1691597916090781,1.5198248215706422,0.0032951786333681,0.038029386343993,0.4067286409915891,-0.0453514739229025,0.0,0.0,0.0346658338538412,5,0.1612903225806451,-0.9510565162951536,0.3090169943749472,2011-08,23,7.992654789288428,2011-08-09,0.0921568627450981,False,False,7.992654789288428,9.066178030594816,-0.1260278209153599,0.7885404119089987,-0.0170401917749899,8.957562425359347,57.1569391819058,2011-07,technical_calendar,71b2c2126ea942b716c673a87e9a9f022cacdfda25e55f1073d19b0bbf396612,False,technical_calendar
2011-09-23,50.5,50.85,49.93,50.35,64025634,3218883268,-1.75,18626,0.0,1.0,0.9664107485604606,177.03756996322403,7.890787620405342,0.1567187213585966,7.914295428609131,7.96914698108464,7.824965757434731,12.625,12.7125,12.4825,12.5875,50.13,50.35,86482413358.0,1725000000.0,28239,5244,0.0,0.0,0.0,0.0,50.35,0.0,False,0.0436941410129096,2011-09-26,YUANTA_ETF_NAV_HISTORY,-0.0279850746268657,-0.0141911069063388,-0.0095057034220534,-0.1116794543904514,-0.0255307210324513,-0.0726924845374586,37.344398340248944,-1.4723240114981764,-0.1507742461287695,0.2663463669750692,1.0285972132956702,0.0034668721109398,0.0422264875239923,0.027518194737522,-0.0257436075839276,0.0,0.0,0.0062724014336916,16,0.7666666666666667,-0.9510565162951536,0.3090169943749472,2011-09,21,7.875115748269482,2011-09-26,0.0049751243781095,False,True,7.875115748269482,8.165045382782885,-0.036154401820136,0.5841878222208327,-0.0103941020934334,8.121019691289478,51.8190782880836,2011-08,technical_calendar,71b2c2126ea942b716c673a87e9a9f022cacdfda25e55f1073d19b0bbf396612,False,technical_calendar
2011-10-31,52.8,52.95,52.1,52.2,16939650,888578737,-0.2,3056,0.0,1.0,0.9961832061068704,190.4054697948661,8.48661176397132,0.1625787694247379,8.584159025626162,8.608545841039874,8.470353887028846,13.2,13.2375,13.025,13.05,52.48,52.2,95674414235.0,1823000000.0,20184,2583,0.0,0.0,0.0,0.0,52.2,0.0,False,0.0373563218390804,2011-11-01,YUANTA_ETF_NAV_HISTORY,0.0028708133971291,0.0463782104815364,0.0534757371030203,-0.0723660744963166,0.0369833932002519,0.0268967931997585,71.2528377976517,1.6077402328967083,-0.0603397055399161,0.2105862545999959,2.580146451948473,-0.0036128541547824,0.0372137404580152,-0.1017162368586576,1165.0,0.0,0.0,0.0127884348067834,20,1.0,0.0,1.0,2011-10,20,7.820264195793973,2011-10-04,0.0976814607162557,False,False,8.584159025626162,8.519127517856267,0.0076045993852192,0.0960087291487627,-0.0020269271991833,8.544386741669665,52.555366065955454,2011-09,technical_calendar,71b2c2126ea942b716c673a87e9a9f022cacdfda25e55f1073d19b0bbf396612,True,technical_calendar
2011-11-21,49.9,49.9,49.12,49.23,46584537,2301241513,-1.07,15116,0.0,1.0,0.978727634194831,179.5720551341237,8.003752818779846,0.1625787694247379,8.112680594294421,8.112680594294421,7.985869154143125,12.475,12.475,12.28,12.3075,49.03,49.23,95159996845.0,1941000000.0,30930,3784,0.0,0.0,0.0,0.0,49.23,0.0,False,0.0396099939061547,2011-11-22,YUANTA_ETF_NAV_HISTORY,-0.0204479065238561,-0.0117878192534381,0.0044432058630012,-0.0079691151219972,-0.0290381716132565,-0.0142774634965213,38.27160493827166,-2.359857991898783,-0.0538381768887952,0.2264382180802804,1.436179437713858,0.0033911829243964,0.0387673956262425,0.0399673129782334,0.0773281596452328,0.0,0.0,0.0130180658873537,15,0.7,0.0,1.0,2011-11,22,7.771265178502471,2011-11-24,0.0439330543933054,False,False,7.771265178502471,8.177712102064318,-0.0509794376082834,0.72822058180528,-0.0129421639113387,8.112919532059356,49.90146967384352,2011-10,technical_calendar,71b2c2126ea942b716c673a87e9a9f022cacdfda25e55f1073d19b0bbf396612,False,technical_calendar
2011-12-09,48.0,48.63,48.0,48.24,18170218,877077245,-0.62,5042,0.0,1.0,0.9873106835857552,175.96091691387628,7.842799837049357,0.1625787694247379,7.80378093238742,7.906205557125006,7.80378093238742,12.0,12.1575,12.0,12.06,48.37,48.24,99348636098.0,2054000000.0,28090,6094,0.0,0.0,0.0,0.0,48.24,0.0,False,0.0404228855721393,2011-12-12,YUANTA_ETF_NAV_HISTORY,-0.0069105691056912,-0.0286282306163021,-0.0334322453016814,-0.0176941886478331,-0.0136964179375637,-0.0298236167339983,42.40506329113926,-0.4961719549405659,-0.0702188392007614,0.2675708724181695,-0.6737805575003165,-0.0050906129097942,0.0399099467867376,-0.0430296151068001,0.0297688341925828,0.0,0.0,0.0002440810349035,7,0.2903225806451613,-0.9510565162951536,0.3090169943749472,2011-12,22,7.6493311014339165,2011-12-20,0.0201912858661001,False,False,7.6493311014339165,7.943598674092694,-0.037748199798206,0.5817835430382647,-0.0185982499730078,7.836213122887697,48.19948601293413,2011-11,technical_calendar,71b2c2126ea942b716c673a87e9a9f022cacdfda25e55f1073d19b0bbf396612,False,technical_calendar
2012-01-31,52.0,52.4,51.75,51.95,20611434,1073539049,0.15,4022,0.0,1.0,1.002895752895753,189.4935662038945,8.445967071615135,0.1625787694247379,8.45409601008637,8.519127517856266,8.413451317730186,13.0,13.1,12.9375,12.9875,52.58,51.95,106454995874.0,2024500000.0,13923,7505,0.0,0.0,0.0,0.0,51.95,0.0,False,0.0375360923965351,2012-02-01,YUANTA_ETF_NAV_HISTORY,0.0277777777777776,0.020689655172414,0.0537021969080557,-0.0086124401913875,0.0326336144170007,0.0373173930892234,66.12641815235006,2.8071387557879874,-0.0142721217887727,0.1635970606962283,1.698159482448403,-0.0038461538461539,0.0376447876447876,-0.2268277109715867,-0.1394386671139438,0.0,0.0,-0.000245941957698,15,1.0,0.9510565162951536,0.3090169943749474,2012-01,15,8.03952014805329,2012-01-02,0.0515672396359958,False,False,8.45409601008637,8.421580256201425,0.0038535693159897,0.087843395313646,-0.0018378653377087,8.448147323742862,51.96341043566416,2011-12,technical_calendar,71b2c2126ea942b716c673a87e9a9f022cacdfda25e55f1073d19b0bbf396612,True,technical_calendar
2012-02-29,55.25,56.0,55.25,56.0,28925369,1612404203,1.25,4957,0.0,1.0,1.0228310502283104,204.2664043776341,9.10441108778532,0.1625787694247378,8.982477010716767,9.10441108778532,8.982477010716767,13.8125,14.0,13.8125,14.0,56.21,56.0,92882938055.0,1652500000.0,8260,7010,0.0,0.0,0.0,0.0,56.0,0.0,False,0.0348214285714285,2012-03-01,YUANTA_ETF_NAV_HISTORY,0.0027472527472527,0.0,0.0569498069498068,0.1439615545340578,0.0151578361841191,0.0761564996904209,64.76190476190465,0.9570941234113058,-0.0027322404371584,0.1325355296425029,-1.744107136689535,-0.0030954115076474,0.0356164383561643,-0.079222108495394,0.0313792611610326,0.0,0.0,-0.0618790803292648,20,1.0,0.5877852522924732,-0.8090169943749473,2012-02,20,8.486611763971318,2012-02-01,0.0584291187739463,False,False,8.982477010716767,8.9011876260044,0.0090909717012516,0.2381898475471076,-0.0031088701397372,8.917925750162322,54.85295393560397,2012-01,technical_calendar,71b2c2126ea942b716c673a87e9a9f022cacdfda25e55f1073d19b0bbf396612,True,technical_calendar
2012-03-30,54.5,54.9,54.2,54.9,8895286,485424630,0.2,1591,0.0,1.0,1.0036563071297988,200.2540285773592,8.925574441418112,0.1625787694247379,8.860542933648217,8.925574441418112,8.811769302820796,13.625,13.725,13.55,13.725,55.18,54.9,82874317540.0,1502000000.0,8003,6489,0.0,0.0,0.0,0.0,54.9,0.0,False,0.0355191256830601,2012-04-02,YUANTA_ETF_NAV_HISTORY,-0.0135256988277728,-0.0161870503597122,-0.0161870503597122,0.0972918756268808,-0.0065834279228148,0.0253494373387153,48.12030075187964,-0.8350035768321901,-0.0232142857142855,0.143036330450011,-0.3324804925253387,-0.0029165147648558,0.0356489945155393,0.0158791634391943,0.0073914382506929,0.0,0.0,-0.0160445317616241,23,0.967741935483871,-0.9510565162951536,0.3090169943749472,2012-03,23,8.779253548935849,2012-03-07,0.0092592592592593,False,False,8.860542933648217,8.893058687533165,-0.0036630077587371,0.4333376051989618,-0.0004917192027626,8.933130309119171,54.94647511927785,2012-02,technical_calendar,71b2c2126ea942b716c673a87e9a9f022cacdfda25e55f1073d19b0bbf396612,True,technical_calendar
2012-04-05,53.45,53.8,53.05,53.65,14638663,781567154,-0.6,2882,0.0,1.0,0.9889400921658986,195.69451062250127,8.72235097963719,0.1625787694247379,8.689835225752242,8.7467377950509,8.624803717982346,13.3625,13.45,13.2625,13.4125,53.58,53.65,80698322553.0,1506000000.0,8267,6453,0.0,0.0,0.0,0.0,53.65,0.0,False,0.0363466915191053,2012-04-06,YUANTA_ETF_NAV_HISTORY,-0.0082266910420475,-0.018099547511312,-0.0064102564102564,0.0891387271632202,-0.0138604862531241,0.0122149938427476,34.579439252336655,-1.67101339229567,-0.0312499999999998,0.1418187164197474,-0.3514216110530807,-0.0016562384983438,0.0359447004608294,0.059115229022576,-0.0048884815154293,0.0,0.0,-0.0092378752886835,3,0.1666666666666666,-0.587785252292473,-0.8090169943749475,2012-04,20,8.470353887028844,2012-04-30,0.025911708253359,False,False,8.470353887028844,8.819898241292032,-0.0404380436612478,0.7826307882145873,-0.0157582526760568,8.725411423378075,53.66882437511193,2012-03,technical_calendar,71b2c2126ea942b716c673a87e9a9f022cacdfda25e55f1073d19b0bbf396612,False,technical_calendar
2012-05-07,52.45,52.45,51.85,52.05,21312453,1110096207,-1.15,4255,0.0,1.0,0.9783834586466164,189.8583276402832,8.462224948557607,0.1625787694247379,8.527256456327503,8.527256456327503,8.429709194672661,13.1125,13.1125,12.9625,13.0125,52.06,52.05,83140688762.0,1597000000.0,10007,6271,-17454000.0,-14010000.0,1500000.0,-4944000.0,52.05,0.0,True,0.0374639769452449,2012-05-08,YUANTA_ETF_NAV_HISTORY,0.001883239171375,0.0172084130019118,-0.0083876980428704,-0.0018761726078799,0.0044843049327354,-0.0189931772081873,41.93548387096766,0.4376672070257003,-0.0499999999999998,0.1379644868495956,0.0431472481118787,-0.0018761726078798,0.0366541353383458,0.0060763888888888,-0.061527057079318,-0.4360685973891202,1.0,0.0134831460674156,4,0.2258064516129032,0.0,1.0,2012-05,22,7.967985489506407,2012-05-28,0.0701897571924095,False,False,7.967985489506407,8.649190533396057,-0.0820340374261424,0.5128312541969274,-0.0171845355763705,8.544337155690487,52.555061069310725,2012-04,technical_calendar,71b2c2126ea942b716c673a87e9a9f022cacdfda25e55f1073d19b0bbf396612,False,technical_calendar
2012-06-29,49.48,50.3,49.35,50.2,13651507,681895217,0.67,2362,0.0,1.0,1.0135271552594387,183.1102410670935,8.161454225121846,0.1625787694247379,8.044397511136033,8.17771210206432,8.023262271110818,12.37,12.575,12.3375,12.55,50.33,50.2,99067514691.0,1968500000.0,9703,7245,4944000.0,1371000.0,100000.0,3473000.0,50.2,0.0,True,0.0388446215139442,2012-07-02,YUANTA_ETF_NAV_HISTORY,0.0016177957532861,-0.0123629112662014,-0.0123629112662014,-0.0870046082949306,0.0083161141251795,-0.0274568838563993,63.212435233160726,0.5737310036984076,-0.0819277108433734,0.1988832779261472,0.1320132457574439,0.0038508309687879,0.0393700787401574,0.0240312406127967,0.0867000884694779,-0.7299165689382389,1.0,0.0774087290694482,21,0.9666666666666668,-0.9510565162951536,0.3090169943749472,2012-06,21,7.820038809329894,2012-06-12,0.0286902286902288,False,False,8.044397511136033,8.05252644960727,-0.0010099990758592,0.1898745913749369,-0.0005453372301423,8.08837698582274,49.75051179463544,2012-05,technical_calendar,71b2c2126ea942b716c673a87e9a9f022cacdfda25e55f1073d19b0bbf396612,True,technical_calendar
2012-07-25,48.82,49.21,48.51,48.86,16634274,812608519,-0.26,3469,0.0,1.0,0.9947068403908796,178.22243781948575,7.943598674092693,0.1625787694247379,7.937095523315704,8.000501243391351,7.886696104794035,12.205,12.3025,12.1275,12.215,48.83,48.86,98009183551.0,2007000000.0,11385,6684,-11165000.0,648000.0,0.0,-11813000.0,48.86,0.0,True,0.0399099467867376,2012-07-26,YUANTA_ETF_NAV_HISTORY,-0.0026395939086296,-0.0146439317953865,0.0026536027760759,-0.0562920268972146,-0.0205383848454641,-0.0197141498168954,28.409090909090608,-1.4139603543340054,-0.0792877225866919,0.1565899593899406,2.726888200154733,-0.0006103763987792,0.0396986970684039,0.0614186851211073,-0.0177567327611719,-0.6159465545975763,1.0,0.0118927125506071,18,0.8064516129032258,0.5877852522924732,-0.8090169943749473,2012-07,22,7.937095523315704,2012-07-25,0.0,True,True,7.937095523315704,7.985869154143123,-0.0061262188740727,0.6010640331304574,-0.0059347383290598,7.978308545548659,49.073495720128655,2012-06,technical_calendar,71b2c2126ea942b716c673a87e9a9f022cacdfda25e55f1073d19b0bbf396612,False,technical_calendar
2012-08-31,52.5,52.85,52.45,52.75,3002955,158160865,0.2,755,0.0,1.0,1.003805899143673,192.4116576950036,8.576030087154924,0.1625787694247379,8.53538539479874,8.592287964097398,8.527256456327503,13.125,13.2125,13.1125,13.1875,52.84,52.75,94615968284.0,1790500000.0,6566,5491,562000.0,395000.0,0.0,167000.0,52.75,0.0,True,0.0369668246445497,2012-09-03,YUANTA_ETF_NAV_HISTORY,-0.0028462998102467,-0.0140712945590992,0.0263671875000002,0.0806086777709231,-0.0026570506737519,0.0348698289330304,46.15384615384649,-0.2054385448103049,-0.0159176029962545,0.1154201059095623,-0.5947908563260007,-0.0009505703422053,0.0371075166508087,0.0159888233467866,0.0089677891654464,-0.4280417120459487,1.0,-0.0412315930388219,22,1.0,-0.9510565162951536,0.3090169943749472,2012-08,22,8.250872548305448,2012-08-03,0.0344827586206895,False,False,8.53538539479874,8.543514333269977,-0.0009519277253821,0.3686297946139175,-0.0002208463368382,8.584335876446056,52.80108778545022,2012-07,technical_calendar,71b2c2126ea942b716c673a87e9a9f022cacdfda25e55f1073d19b0bbf396612,True,technical_calendar
2012-09-28,55.25,55.35,54.8,55.15,4580522,252268059,0.05,949,0.0,1.0,1.000907441016334,201.1659321683308,8.966219133774295,0.1625787694247379,8.982477010716769,8.998734887659243,8.909316564475636,13.8125,13.8375,13.7,13.7875,55.41,55.15,91449874039.0,1650500000.0,5147,4451,2160000.0,1154000.0,0.0,1006000.0,55.15,0.0,True,0.0353581142339075,2012-10-01,YUANTA_ETF_NAV_HISTORY,0.0036429872495444,-0.0027149321266966,0.048525214081827,0.0719844357976651,0.0157618213660246,0.053003736156632,73.11827956989262,0.7065210954018092,-0.0098831985624435,0.1349434133572228,-0.9152092680888912,0.0007264802034143,0.0353901996370235,-0.0928981348637015,-0.0585995345885339,0.3123168231681693,1.0,-0.01697438951757,20,0.9333333333333332,-0.9510565162951536,0.3090169943749472,2012-09,20,8.502869640913794,2012-09-06,0.0564053537284894,False,False,8.982477010716769,8.958090195303058,0.0027186242389934,0.1788230107370767,-0.0015151618083139,8.989250154167703,55.29166068838447,2012-08,technical_calendar,71b2c2126ea942b716c673a87e9a9f022cacdfda25e55f1073d19b0bbf396612,True,technical_calendar
2012-10-11,53.7,53.7,53.2,53.3,30659151,1639203857,-1.1,4471,0.0,1.0,0.9797794117647058,194.41784559514107,8.665448410338533,0.1625787694247379,8.73047991810843,8.73047991810843,8.649190533396059,13.425,13.425,13.3,13.325,53.24,53.3,87998703760.0,1653000000.0,6365,4047,-24455850.0,-549850.0,0.0,-23906000.0,53.3,0.0,True,0.0365853658536585,2012-10-12,YUANTA_ETF_NAV_HISTORY,-0.0045745654162854,-0.0153846153846155,0.0206378986866793,0.0989898989898989,-0.0122111761768576,0.02759780124294,28.81355932203438,-1.5195315186947052,-0.0224618149146448,0.1188084069508979,-0.4612719136546592,0.0003677822728944,0.0358455882352941,0.0873713751169316,-0.0380090497737556,-0.5295970329379213,1.0,-0.0078764010905786,8,0.3548387096774194,-0.587785252292473,-0.8090169943749475,2012-10,22,8.422126967161356,2012-10-29,0.0366122420321339,False,False,8.422126967161356,8.844285056705743,-0.0489090888444966,0.7376828430347605,-0.0152786638197292,8.753734171734928,53.8430337657788,2012-09,technical_calendar,71b2c2126ea942b716c673a87e9a9f022cacdfda25e55f1073d19b0bbf396612,False,technical_calendar
2012-11-30,53.1,53.7,53.0,53.55,29758835,1591443347,0.45,5492,0.0,1.0,1.0084745762711864,202.41524008796188,9.02190236230227,0.1684762345901451,8.946088056736707,9.047173797490794,8.929240433277691,13.275,13.425,13.25,13.3875,53.64,53.55,98351751514.0,1833500000.0,8537,4069,20152000.0,17933000.0,0.0,2219000.0,53.55,0.0,True,0.034547152194211,2012-12-03,YUANTA_ETF_NAV_HISTORY,0.0123927550047664,0.0577689243027887,0.054617676266137,0.0511208494859265,0.0424437551533236,0.0273694243173507,68.93939393939412,2.330320524502777,-0.0112097669256376,0.1462659236269797,2.242153181428318,0.0020758633704471,0.0348399246704331,-0.1781172991621488,0.0902687190190452,0.6201470985473247,1.0,-0.0024483133841132,22,1.0,-0.9510565162951536,0.3090169943749472,2012-11,22,8.41538791777775,2012-11-14,0.063063063063063,False,False,8.946088056736707,8.946088056736706,2.2204460492503126e-16,0.0558305527815009,-0.0013701847785945,8.978507850225098,53.29242947568992,2012-10,technical_calendar,71b2c2126ea942b716c673a87e9a9f022cacdfda25e55f1073d19b0bbf396612,True,technical_calendar
2012-12-28,53.7,53.95,53.65,53.8,19932723,1072073599,0.35,2088,0.0,1.0,1.0065481758652943,203.3602225346844,9.064021420949809,0.1684762345901451,9.047173797490794,9.08929285613833,9.038749985761283,13.425,13.4875,13.4125,13.45,53.99,53.8,94292315176.0,1746500000.0,7204,3572,14845000.0,14152000.0,0.0,693000.0,53.8,0.0,True,0.0343866171003717,2013-01-02,YUANTA_ETF_NAV_HISTORY,-0.0009345794392522,0.0123106060606059,-0.0018674136321193,0.0061557229613011,-0.0021934941895735,0.0288091566312143,47.42268041237128,-0.2568229323358695,-0.0228519195612429,0.1141654308642158,0.0347709885796359,-0.0027985074626865,0.0346117867165575,-0.0592297476759627,0.0065887990416291,0.1138597661716279,1.0,-0.0037079292641186,21,0.9032258064516128,-0.9510565162951536,0.3090169943749472,2012-12,21,8.861849939441633,2012-12-22,0.0209125475285172,False,False,9.047173797490794,9.005054738843258,0.0046663640437648,0.3180596570721832,-0.0020203754497396,9.03181391146644,53.60883054775222,2012-11,technical_calendar,71b2c2126ea942b716c673a87e9a9f022cacdfda25e55f1073d19b0bbf396612,True,technical_calendar
2013-01-31,54.5,54.6,54.3,54.6,12643402,688778596,0.0,1555,0.0,1.0,1.0,206.3841663641965,9.198802408621924,0.1684762345901451,9.18195478516291,9.198802408621924,9.14825953824488,13.625,13.65,13.575,13.65,54.94,54.6,92929430851.0,1691500000.0,6140,3619,7329000.0,1710000.0,-60000.0,5679000.0,54.6,0.0,True,0.0338827838827838,2013-02-01,YUANTA_ETF_NAV_HISTORY,0.0018348623853212,0.0111111111111112,0.0036764705882357,0.0726915520628683,0.0092421441774492,0.0296188273156998,51.315789473684326,1.256892529618536,-0.0045578851412941,0.1025369262876167,1.7223649882620369,-0.0038314176245211,0.0338827838827838,-0.0110706942906847,-0.0806577916992952,0.680091306376081,1.0,-0.0093403385872737,22,1.0,-0.587785252292473,-0.8090169943749475,2013-01,22,9.038749985761283,2013-01-25,0.0158434296365335,False,False,9.18195478516291,9.198802408621924,-0.0018331810816609,0.1829226353124514,-0.0004644398009834,9.240503766172248,54.84752071205635,2012-12,technical_calendar,71b2c2126ea942b716c673a87e9a9f022cacdfda25e55f1073d19b0bbf396612,True,technical_calendar
2013-02-27,55.05,55.2,54.95,55.2,4605027,253713018,0.1,1056,0.0,1.0,1.001814882032668,208.65212423633065,9.299888149376018,0.1684762345901452,9.274616714187497,9.299888149376018,9.257769090728482,13.7625,13.8,13.7375,13.8,55.28,55.2,87404679344.0,1581000000.0,5033,3274,-140000.0,442000.0,0.0,-582000.0,55.2,0.0,True,0.0335144927536231,2013-03-01,YUANTA_ETF_NAV_HISTORY,-0.0107719928186712,-0.0178253119429587,0.02226345083488,0.0657640232108325,0.00341452310494,0.0186725827324836,58.33333333333378,0.242726073142897,-0.0178253119429587,0.092042542298993,-1.085218244295475,-0.0005441683294032,0.0335753176043557,-0.0271580989330746,-0.069848661233993,0.026652191565292,1.0,-0.0168067226890756,13,0.9642857142857144,0.5877852522924732,-0.8090169943749473,2013-02,13,9.215650032080942,2013-02-01,0.0063985374771484,False,False,9.274616714187497,9.283040525917002,-0.0009078529901796,0.4444917901371675,-0.0013058603156993,9.317280713708106,55.30323452666426,2013-01,technical_calendar,71b2c2126ea942b716c673a87e9a9f022cacdfda25e55f1073d19b0bbf396612,True,technical_calendar
2013-03-27,54.6,54.85,54.45,54.7,4540031,248241182,0.15,1056,0.0,1.0,1.0027497708524291,206.76215934288567,9.215650032080948,0.1684762345901453,9.198802408621932,9.24092146726947,9.173530973433412,13.65,13.7125,13.6125,13.675,54.92,54.7,82652916493.0,1505000000.0,5092,3374,-1296000.0,-2778000.0,0.0,1482000.0,54.7,0.0,True,0.0338208409506398,2013-03-28,YUANTA_ETF_NAV_HISTORY,0.0,-0.0009157509157509,-0.0206463195691198,0.0282752120640916,-0.0091726455362819,-0.0007174805745946,35.9375,-0.9394231147773948,-0.0276292335115859,0.0976448922561707,-1.592000345709211,-0.0003665017408833,0.0339138405132905,-0.0275283092541975,0.032287266143633,-0.3236153302665711,1.0,0.0046697798532355,19,0.8709677419354839,0.5877852522924732,-0.8090169943749473,2013-03,21,9.131411914785875,2013-03-22,0.0073800738007376,False,False,9.198802408621932,9.190378596892424,0.0009161704717795,0.5175405779903136,-0.0030104269792417,9.20856700232456,54.65795828548982,2013-02,technical_calendar,71b2c2126ea942b716c673a87e9a9f022cacdfda25e55f1073d19b0bbf396612,False,technical_calendar
2013-04-30,56.25,56.55,56.25,56.4,17616881,994043474,0.6,3793,0.0,1.0,1.010752688172043,213.1880399805989,9.5020596308842,0.1684762345901454,9.47678819569568,9.527331066072724,9.47678819569568,14.0625,14.1375,14.0625,14.1,56.47,56.4,83571130478.0,1480000000.0,3950,3393,8593000.0,6317000.0,50000.0,2226000.0,56.4,0.0,True,0.0328014184397163,2013-05-02,YUANTA_ETF_NAV_HISTORY,-0.0008952551477169,0.007220216606498,0.0229147571035752,0.0323774283071247,0.0196902553794142,0.0164242994626437,75.60975609756093,1.4534045277368244,-0.0053475935828867,0.1471294030527857,0.0272642524260119,-0.0035714285714286,0.0331541218637992,-0.1814054480852743,-0.0288543140028288,0.8433233055865839,1.0,-0.0087073007367716,20,1.0,0.9510565162951536,0.3090169943749474,2013-04,20,9.013478550572776,2013-04-16,0.0514018691588789,False,False,9.47678819569568,9.400973890130112,0.0080321716972644,0.1714442206870593,-0.0004791542314218,9.443452804981469,56.05213594638254,2013-03,technical_calendar,71b2c2126ea942b716c673a87e9a9f022cacdfda25e55f1073d19b0bbf396612,True,technical_calendar
2013-05-27,56.8,57.35,56.8,57.35,3285598,187924976,0.5,1116,0.0,1.0,1.0087950747581351,216.77897327814424,9.662112053744831,0.1684762345901452,9.56945012472025,9.662112053744831,9.56945012472025,14.2,14.3375,14.2,14.3375,57.6,57.35,81181485105.0,1409500000.0,4346,2828,1019000.0,-75000.0,-295000.0,1389000.0,57.35,0.0,True,0.032258064516129,2013-05-28,YUANTA_ETF_NAV_HISTORY,-0.0026315789473685,-0.0265410958904112,0.0215633423180587,0.0206463195691206,-0.0100992512624067,0.0207226752450062,49.4505494505492,-0.6735085804843326,-0.0315161839863719,0.1156797634396789,-0.9207113940308952,-0.0033309957924263,0.0325417766051011,-0.047032967032967,0.0089541547277935,-0.0020144954458733,1.0,-0.012955182072829,18,0.8709677419354839,0.0,1.0,2013-05,22,9.493635819154692,2013-05-02,0.007985803016858,False,False,9.56945012472025,9.57787393644976,-0.0008798944694397,0.5081951238272991,-0.0025445307633788,9.60130139052545,56.989054948210864,2013-04,technical_calendar,71b2c2126ea942b716c673a87e9a9f022cacdfda25e55f1073d19b0bbf396612,False,technical_calendar
2013-06-25,53.3,53.7,52.95,53.0,19437447,1034612098,-0.4,4591,0.0,1.0,0.99250936329588,200.33627870517256,8.929240433277702,0.1684762345901453,8.979783303654745,9.047173797490805,8.920816621548195,13.325,13.425,13.2375,13.25,52.75,53.0,75744555960.0,1436000000.0,8759,2992,-12790000.0,-3909000.0,0.0,-8881000.0,53.0,0.0,True,0.0349056603773584,2013-06-26,YUANTA_ETF_NAV_HISTORY,-0.0037313432835822,-0.0317316409791478,-0.0606860158311346,-0.0210815765352887,-0.0444235673064019,-0.0459458654676476,21.052631578947256,-2.0764654613893594,-0.0902896081771725,0.1396051163491609,1.0085480011391117,0.004892736168611,0.0346441947565543,0.2558762273132995,-0.0593760483059375,-0.8337111883335936,1.0,0.0200860832137732,16,0.8333333333333334,0.9510565162951536,0.3090169943749474,2013-06,19,8.979783303654745,2013-06-25,0.0,True,True,8.979783303654745,8.996630927113758,-0.00187441479435,0.77011561291676,-0.0051853388066022,8.994851593826652,53.38943866895272,2013-05,technical_calendar,71b2c2126ea942b716c673a87e9a9f022cacdfda25e55f1073d19b0bbf396612,False,technical_calendar
2013-07-31,56.95,56.95,56.55,56.6,4383656,248571828,-0.35,1140,0.0,1.0,0.9938542581211588,213.9440259379768,9.535754877802226,0.1684762345901453,9.594721559908775,9.594721559908775,9.527331066072716,14.2375,14.2375,14.1375,14.15,56.63,56.6,83642966746.0,1477000000.0,5263,3323,-1915000.0,86000.0,0.0,-2001000.0,56.6,0.0,True,0.0326855123674911,2013-08-01,YUANTA_ETF_NAV_HISTORY,0.0079646017699117,-0.001752848378615,0.0261261261261263,0.0008787346221439,0.0079200035396664,0.0093341997991376,60.0,0.5132776062904129,-0.0298126064735949,0.1799511026889436,-0.0774087117155685,-0.0003510619624362,0.0324846356453029,0.0036566589684372,-0.061425753733446,0.3202055322347481,1.0,0.0235620235620235,23,1.0,0.5877852522924732,-0.8090169943749473,2013-07,23,9.23249765553996,2013-07-01,0.0392335766423359,False,False,9.594721559908775,9.594721559908775,0.0,0.2098447608105583,-0.0002896945882158,9.639902135685082,57.21817180408987,2013-06,technical_calendar,71b2c2126ea942b716c673a87e9a9f022cacdfda25e55f1073d19b0bbf396612,True,technical_calendar
2013-08-28,54.35,54.75,54.3,54.75,9583954,522647708,0.15,3205,0.0,1.0,1.0027472527472527,206.9511558322302,9.224073843810457,0.1684762345901453,9.1566833499744,9.224073843810457,9.14825953824489,13.5875,13.6875,13.575,13.6875,54.78,54.75,83431457089.0,1523000000.0,9131,5538,-1738000.0,-783000.0,0.0,-955000.0,54.75,0.0,True,0.0337899543378995,2013-08-29,YUANTA_ETF_NAV_HISTORY,-0.0090744101633394,-0.0090744101633394,-0.0336283185840704,-0.0412642669007897,-0.0147516578698063,-0.0192497679849112,37.25490196078452,-1.0522632144361004,-0.0520833333333331,0.1216177894454847,-0.8569413631087961,-0.0003661662394726,0.0338827838827838,0.1008258350795019,0.3434439933126343,-0.2457800826851065,1.0,0.0042989417989418,19,0.9032258064516128,0.5877852522924732,-0.8090169943749473,2013-08,21,9.148259538244892,2013-08-22,0.0009208103130757,False,True,9.1566833499744,9.198802408621937,-0.0045892691836408,0.5501017929795023,-0.0013148775655609,9.232648633429983,54.800896137608895,2013-07,technical_calendar,71b2c2126ea942b716c673a87e9a9f022cacdfda25e55f1073d19b0bbf396612,False,technical_calendar
2013-09-30,57.0,57.3,56.75,57.15,16694045,952581260,-0.25,1620,0.0,1.0,0.995644599303136,216.02298732076628,9.628416806826804,0.1684762345901453,9.603145371638282,9.653688242015326,9.561026312990746,14.25,14.325,14.1875,14.2875,57.01,57.15,85465123856.0,1499000000.0,4614,2784,-13248000.0,-3323000.0,0.0,-9925000.0,57.15,0.0,True,0.0323709536307961,2013-10-01,YUANTA_ETF_NAV_HISTORY,0.0026200873362445,-0.0026064291920073,0.0342342342342338,0.0464904284412033,0.0029266588040008,0.0184829217802751,55.88235294117616,0.2991220468724422,-0.0111972437553833,0.083921418793999,-1.277119492783768,-0.0045091918140824,0.0322299651567944,0.001919795221843,-0.009319986192613,0.4353540176821676,1.0,-0.0105680317040951,20,1.0,0.0,1.0,2013-09,20,9.426245325318632,2013-09-02,0.0187667560321713,False,False,9.603145371638282,9.67053586547434,-0.0069930354909705,0.3105861316530804,7.646819964738258e-05,9.719631759127074,57.69141138969642,2013-08,technical_calendar,71b2c2126ea942b716c673a87e9a9f022cacdfda25e55f1073d19b0bbf396612,True,technical_calendar
2013-10-31,57.85,58.05,57.6,57.9,6045775,349993250,0.0,1492,0.0,1.0,1.0,223.99187404915725,9.983600131800491,0.1724283269741017,9.974978715451789,10.009464380846609,9.931871633708262,14.4625,14.5125,14.4,14.475,57.97,57.9,79249458180.0,1367000000.0,4566,1133,-863000.0,-113000.0,0.0,-750000.0,57.9,0.0,True,0.0233160621761658,2013-11-01,YUANTA_ETF_NAV_HISTORY,0.0025974025974024,0.0095095443263173,0.0368890682756748,0.0478905438011461,0.0122244675303977,0.0389793975937244,62.97041722573663,1.5711242527789195,0.0,0.1113944780684304,-1.023629775592307,-0.0036138358286009,0.0233160621761658,0.163819095477387,,0.0377428042017044,1.0,-0.0010960906101571,22,1.0,-0.587785252292473,-0.8090169943749475,2013-10,22,9.603145371638282,2013-10-01,0.038719953663481,False,False,9.974978715451789,9.983600131800491,-0.0008639309392637,0.153085284350396,-0.0004124689126074,10.029380471532685,58.16550358943674,2013-09,technical_calendar,71b2c2126ea942b716c673a87e9a9f022cacdfda25e55f1073d19b0bbf396612,True,technical_calendar
2013-11-21,56.1,56.1,55.4,55.45,35062264,1947623471,-1.0,9065,0.0,1.0,0.9822852081488044,214.51380683982327,9.561150730713942,0.1724283269741017,9.673229143247108,9.673229143247108,9.552529314365236,14.025,14.025,13.85,13.8625,55.38,55.45,80936229045.0,1461500000.0,8083,1498,-27945000.0,-19247000.0,0.0,-8698000.0,55.45,0.0,True,0.0243462578899909,2013-11-22,YUANTA_ETF_NAV_HISTORY,-0.0061619718309857,0.0125560538116591,-0.0157717827768462,0.0485335090925425,-0.0076033929591703,0.0005816078115603,31.6455696202531,-0.6699038725952545,-0.0250431778929189,0.0884224748544399,0.4562992698744305,0.00462715785727,0.0239149689991142,0.1655618163738812,0.1435257410296411,-0.5579377597907357,1.0,0.0439006836991724,15,0.7,-0.587785252292473,-0.8090169943749475,2013-11,21,9.569772147062643,2013-11-22,0.0108108108108111,False,False,9.569772147062643,9.733579057688043,-0.0169722698432825,0.5407787472678159,-0.0103537378011977,9.68148665588996,56.14788953641066,2013-10,technical_calendar,71b2c2126ea942b716c673a87e9a9f022cacdfda25e55f1073d19b0bbf396612,False,technical_calendar
2013-12-31,59.05,59.05,58.7,58.7,12256516,722130011,-0.1,2036,0.0,1.0,0.9982993197278912,227.08675313791943,10.121542793379778,0.1724283269741018,10.181892707820712,10.181892707820712,10.121542793379778,14.7625,14.7625,14.675,14.675,58.87,58.7,81911407067.0,1391500000.0,5743,2408,5027000.0,3790000.0,0.0,1237000.0,58.7,0.0,True,0.0229982964224872,2014-01-02,YUANTA_ETF_NAV_HISTORY,0.0085763293310463,0.0164217804667243,0.0234986945169719,0.0295863529240394,0.0211879124696077,0.0290631098285578,64.70588235294119,2.749743101159749,0.0,0.0780540458290061,3.163790296788917,-0.0037275499830566,0.0229591836734693,-0.1151957136478643,-0.021004942339374,0.5084216862269934,1.0,-0.0060714285714286,22,1.0,0.9510565162951536,0.3090169943749474,2013-12,22,9.837036053872504,2013-12-06,0.0350569675723053,False,False,10.181892707820712,10.138785626077189,0.0042426877387897,0.1348526333736467,-0.0001392137358771,10.188061137426027,59.08577387610009,2013-11,technical_calendar,71b2c2126ea942b716c673a87e9a9f022cacdfda25e55f1073d19b0bbf396612,True,technical_calendar
2014-01-27,58.1,58.2,57.45,57.6,21325343,1228049744,-1.05,5733,0.0,1.0,0.9820971867007672,222.8312943908716,9.931871633708266,0.1724283269741018,10.018085797195315,10.035328629892726,9.90600738466215,14.525,14.55,14.3625,14.4,57.68,57.6,77115841543.0,1337000000.0,4974,2390,-11921000.0,-4996000.0,765000.0,-7690000.0,57.6,0.0,True,0.0234375,2014-02-05,YUANTA_ETF_NAV_HISTORY,0.0025641025641025,0.0,0.0138288677614522,0.0129533678756481,0.0069101678183614,0.0215841957818647,69.38775510204079,0.9094593847959034,-0.0025510204081632,0.0796071964619663,0.2262396888245414,-0.0018720217835261,0.0230179028132992,-0.0979918185198959,-0.0039510075069142,0.8293453178510999,1.0,-0.001479837217906,18,0.8709677419354839,0.0,1.0,2014-01,18,9.914628801010858,2014-01-10,0.0104347826086952,False,False,10.018085797195315,10.112921377031071,-0.0094219112416189,0.2593793946582089,-0.0025441482433945,10.137661433575198,58.79348023308168,2013-12,technical_calendar,71b2c2126ea942b716c673a87e9a9f022cacdfda25e55f1073d19b0bbf396612,True,technical_calendar
2014-02-05,56.4,56.4,55.6,55.8,57559609,3221379831,-1.8,14073,0.0,1.0,0.96875,215.8678164411568,9.621500645154882,0.1724283269741018,9.724957641339342,9.724957641339342,9.58701497976006,14.1,14.1,13.9,13.95,55.76,55.8,75418080597.0,1352500000.0,6384,1666,-48751000.0,-33057000.0,245000.0,-15939000.0,55.8,0.0,True,0.0241935483870967,2014-02-06,YUANTA_ETF_NAV_HISTORY,-0.0179028132992326,-0.0204081632653059,-0.0120068610634647,6.661338147750939e-16,-0.0105217951470903,0.0032949646553355,48.571428571428434,-1.3195138314212322,-0.0204081632653059,0.0982371006283731,2.474814923627036,-0.001386962552011,0.0234375,-0.0721880246222719,-0.0642129992169145,-0.5590062490436848,1.0,-0.0107288198298187,1,0.1785714285714285,0.5877852522924732,-0.8090169943749473,2014-02,17,9.647364894201,2014-02-06,0.0080428954423588,False,False,9.647364894201,9.931871633708266,-0.029064132943911,0.8193197907577149,-0.0143036981068884,9.839774424388834,57.06588121026505,2014-01,technical_calendar,71b2c2126ea942b716c673a87e9a9f022cacdfda25e55f1073d19b0bbf396612,False,technical_calendar
2014-03-31,60.05,60.15,59.9,60.1,17186901,1032021422,0.2,2088,0.0,1.0,1.003338898163606,232.50279154325307,10.362942451143518,0.1724283269741018,10.354321034794811,10.371563867492222,10.328456785748696,15.0125,15.0375,14.975,15.025,60.6,60.1,74025922277.0,1221500000.0,1777,1518,13874000.0,11286000.0,0.0,2588000.0,60.1,0.0,True,0.0224625623960066,2014-04-01,YUANTA_ETF_NAV_HISTORY,0.0016722408026756,0.0239316239316234,0.0274442538593477,0.0363321799307958,0.0148242270224479,0.0278997268658205,58.252427184465816,1.4777011582338555,0.0,0.1249461549772866,1.010641250264789,-0.0051486464042518,0.0225375626043405,-0.2710915633746501,0.0447966919365954,0.840321965554982,1.0,-0.0032219089810713,21,1.0,0.0,1.0,2014-03,21,9.966357299103084,2014-03-03,0.0389273356401382,False,False,10.354321034794811,10.328456785748696,0.0025010434045888,0.1889322028034472,-0.0003994425018686,10.37595364491994,60.175458563014274,2014-02,technical_calendar,71b2c2126ea942b716c673a87e9a9f022cacdfda25e55f1073d19b0bbf396612,True,technical_calendar
2014-04-28,60.3,61.5,60.3,61.25,8482863,516757486,0.55,1696,0.0,1.0,1.0090609555189456,236.95168023334853,10.56123502716373,0.1724283269741017,10.397428116538334,10.604342108907256,10.397428116538334,15.075,15.375,15.075,15.3125,61.28,61.25,65297775549.0,1065500000.0,823,627,899000.0,487000.0,0.0,412000.0,61.25,0.0,True,0.0220408163265306,2014-04-29,YUANTA_ETF_NAV_HISTORY,-0.0170040485829959,-0.0138099106417547,0.0150501672240803,0.0367207514944489,-0.0053256861941828,0.025280108102021,53.12499999999989,-0.6396881807034005,-0.0170040485829959,0.0811566527170393,1.55493337574403,-0.0034477097356754,0.0222405271828665,0.0858652575957727,-0.0550595238095238,0.0132296108555812,1.0,-0.0503565062388592,19,0.9333333333333332,0.0,1.0,2014-04,21,10.388806700189631,2014-04-01,0.0008298755186719,False,True,10.397428116538334,10.466399447327976,-0.0066115943323129,0.5285913321921688,-0.0010084040994043,10.508129658995792,60.94201482668266,2014-03,technical_calendar,71b2c2126ea942b716c673a87e9a9f022cacdfda25e55f1073d19b0bbf396612,False,technical_calendar
2014-05-30,63.4,63.45,63.1,63.1,6715690,424930735,-0.3,887,0.0,1.0,0.995268138801262,244.1085881261109,10.88022743206582,0.1724283269741017,10.931955930158052,10.940577346506757,10.88022743206582,15.85,15.8625,15.775,15.775,63.03,63.1,61956613997.0,983000000.0,742,648,3437000.0,2277000.0,0.0,1160000.0,63.1,0.0,True,0.0213946117274168,2014-06-03,YUANTA_ETF_NAV_HISTORY,-0.0047095761381474,0.011971268954509,0.0393442622950819,0.0987868284228765,0.0216331627925714,0.0421346775519146,75.32467532467544,1.7843485993066437,-0.0047095761381474,0.0822180617105877,0.3905554108213638,-0.0025173064820642,0.0212933753943217,-0.1425598335067638,-0.0257575757575757,0.5126330038010066,1.0,-0.0030287733467945,21,0.967741935483871,-0.9510565162951536,0.3090169943749472,2014-05,21,10.543992194466323,2014-05-02,0.0367947669664758,False,False,10.931955930158052,10.931955930158052,0.0,0.1467062902263713,-0.0010572476409739,10.975006274372864,63.649670950071226,2014-04,technical_calendar,71b2c2126ea942b716c673a87e9a9f022cacdfda25e55f1073d19b0bbf396612,True,technical_calendar
2014-06-30,65.3,66.0,65.2,65.95,7584505,498698481,0.6,1177,0.0,1.0,1.0091813312930376,255.13409487982588,11.371648163942009,0.1724283269741017,11.259569751408842,11.380269580290712,11.242326918711433,16.325,16.5,16.3,16.4875,66.03,65.95,89234517378.0,1351500000.0,776,641,4470000.0,2694000.0,0.0,1776000.0,65.95,0.0,True,0.0204700530705079,2014-07-01,YUANTA_ETF_NAV_HISTORY,0.0,0.0092664092664089,0.0307570977917979,0.078382838283828,0.0179920554560319,0.0460044550559548,75.40983606557387,1.7348816756124394,0.0,0.0618495552662941,1.0405992692259574,0.0003061380682687,0.0206579954093343,0.1943521594684385,0.0093896713615022,0.263301409437594,1.0,0.1895943562610229,20,1.0,0.0,1.0,2014-06,20,10.888848848414526,2014-06-03,0.0340459224069673,False,False,11.259569751408842,11.268191167757548,-0.0007654037878456,0.1801917462564818,-0.0002330302202505,11.321893472835963,65.66144711556868,2014-05,technical_calendar,71b2c2126ea942b716c673a87e9a9f022cacdfda25e55f1073d19b0bbf396612,True,technical_calendar
2014-07-31,67.85,67.85,66.6,66.75,11131485,745106345,-1.1,2605,0.0,1.0,0.9837877671333826,258.2289739685879,11.509590825521288,0.1724283269741016,11.699261985192798,11.699261985192798,11.48372657647517,16.9625,16.9625,16.65,16.6875,66.49,66.75,89566201254.0,1347000000.0,2039,705,-6159000.0,-3085000.0,0.0,-3074000.0,66.75,0.0,True,0.0202247191011235,2014-08-01,YUANTA_ETF_NAV_HISTORY,0.0059303187546329,-0.0036710719530103,0.0195341848234409,0.1086601307189538,-0.0005891883929887,0.0457633867218103,50.0,-0.085887550187912,-0.0159535895576504,0.0959152748806608,-1.2920678916392314,-0.0001473622163278,0.0198968312453942,0.5271453590192645,0.0143061516452074,0.1489040022681971,1.0,0.0,22,1.0,-0.587785252292473,-0.8090169943749475,2014-07,22,11.371648163942012,2014-07-01,0.028809704321455,False,False,11.699261985192798,11.699261985192802,-3.33066907387547e-16,0.2748721648321271,-0.0006839973702021,11.749718769186172,68.14262467993996,2014-06,technical_calendar,71b2c2126ea942b716c673a87e9a9f022cacdfda25e55f1073d19b0bbf396612,True,technical_calendar
2014-08-01,65.95,66.3,65.9,66.25,12831792,848041295,-0.5,3119,0.0,1.0,0.99250936329588,256.2946745381116,11.423376662034238,0.1724283269741017,11.371648163942009,11.431998078382945,11.363026747593304,16.4875,16.575,16.475,16.5625,66.16,66.25,89908378586.0,1359000000.0,2401,666,-4895000.0,-6288000.0,0.0,1393000.0,66.25,0.0,True,0.020377358490566,2014-08-04,YUANTA_ETF_NAV_HISTORY,-0.0162122328666175,-0.0241228070175441,-0.0052160953800297,0.0844841592201459,-0.0165383623706214,0.027436795320737,35.45454545454537,-2.24334614188138,-0.0319071791153009,0.109002990050204,2.614135441128463,0.0039103624605205,0.0202247191011235,0.7901668129938542,0.0158501440922189,-0.553295449798477,1.0,0.0,1,0.032258064516129,-0.9510565162951536,0.3090169943749472,2014-08,21,11.25956975140884,2014-08-06,0.0099540581929558,False,False,11.25956975140884,11.509590825521288,-0.0219622609979736,0.8754986744061934,-0.0121501220250562,11.42744698666201,66.27360589294811,2014-07,technical_calendar,71b2c2126ea942b716c673a87e9a9f022cacdfda25e55f1073d19b0bbf396612,False,technical_calendar
2014-09-15,67.15,67.75,67.15,67.75,13125698,886657069,0.0,2641,0.0,1.0,1.0,262.0975728295407,11.682019152495396,0.1724283269741018,11.578562156310936,11.682019152495396,11.578562156310936,16.7875,16.9375,16.7875,16.9375,67.71,67.75,63781576126.0,942000000.0,3242,1270,-6695000.0,-7394000.0,0.0,699000.0,67.75,0.0,True,0.0199261992619926,2014-09-16,YUANTA_ETF_NAV_HISTORY,-0.0095029239766081,-0.0181159420289854,0.0096870342771988,0.0503875968992251,-0.0118865310289504,0.0051680225513712,40.38461538461564,-1.0771108013007948,-0.0293696275071632,0.1120256042894302,2.3863935857502843,0.0020706996006507,0.0199261992619926,0.4413928396272681,-0.0447257383966245,-0.47980916296597,1.0,0.0161812297734627,10,0.5,0.0,1.0,2014-09,21,11.259569751408849,2014-09-30,0.0283307810107196,False,False,11.259569751408849,11.682019152495396,-0.0368324234774247,0.7103618056371142,-0.0123460219807865,11.596372742890074,67.25329269495153,2014-08,technical_calendar,71b2c2126ea942b716c673a87e9a9f022cacdfda25e55f1073d19b0bbf396612,False,technical_calendar
2014-10-13,64.15,64.55,63.8,64.0,19670686,1262058555,-2.0,4439,0.0,1.0,0.9696969696969696,247.59032710096832,11.035412926342516,0.1724283269741018,11.06127717538863,11.13024850617827,11.000927260947694,16.0375,16.1375,15.95,16.0,64.09,64.0,67165825502.0,1048000000.0,6514,1481,-7166000.0,-1452000.0,-140000.0,-5574000.0,64.0,0.0,True,0.02109375,2014-10-14,YUANTA_ETF_NAV_HISTORY,0.004566210045662,0.0076335877862596,-0.0350877192982455,-0.0427846265409711,-0.008227206130959,-0.0198626322628545,31.481481481481453,-0.607352333050586,-0.0544412607449854,0.1127631051135307,-0.3113212058077877,0.0018214936247724,0.0204545454545454,-0.028886872353297,-0.0570491803278688,-0.2244017792991843,1.0,-0.0014306151645206,8,0.4193548387096774,0.0,1.0,2014-10,22,10.97506301190158,2014-10-16,0.0078554595443831,False,False,10.97506301190158,11.38026958029072,-0.03625541702301,0.6272391135506008,-0.0167679534389955,11.24699189115498,65.22705455956923,2014-09,technical_calendar,71b2c2126ea942b716c673a87e9a9f022cacdfda25e55f1073d19b0bbf396612,False,technical_calendar
2014-11-28,67.55,67.7,67.35,67.5,9382047,633454608,0.0,1578,0.0,1.0,1.0,267.5499656333694,11.925039171618886,0.1766672469869464,11.933872533968234,11.960372621016276,11.898539084570844,16.8875,16.925,16.8375,16.875,67.62,67.5,74590260894.0,1103000000.0,2919,2160,3947148.0,2511148.0,0.0,1436000.0,67.5,0.0,True,0.0229629629629629,2014-12-01,YUANTA_ETF_NAV_HISTORY,0.0097232610321615,0.0135135135135135,0.0416666666666663,0.0059548698723956,0.0243569314819027,0.036774947922249,68.54838709677414,2.199507390792259,-0.0013083421844448,0.118124568720944,0.6317560800092423,0.0016322896572191,0.0229629629629629,-0.2079385403329064,0.0315533980582525,0.7150619860548695,1.0,0.0013617793917386,20,0.9333333333333332,-0.9510565162951536,0.3090169943749472,2014-11,20,11.483371054151522,2014-11-07,0.0392307692307691,False,False,11.933872533968234,11.925039171618886,0.0007404665277236,0.1102172963343963,-0.0005073063614795,11.978586012927488,67.80309433254801,2014-10,technical_calendar,71b2c2126ea942b716c673a87e9a9f022cacdfda25e55f1073d19b0bbf396612,True,technical_calendar
2014-12-31,66.8,67.0,66.6,66.85,7418884,495610278,0.0,1207,0.0,1.0,1.0,264.97355855690006,11.810205461077375,0.1766672469869465,11.80137209872803,11.83670554812542,11.76603864933064,16.7,16.75,16.65,16.7125,67.2,66.85,75735829719.0,1127000000.0,4038,1909,3006300.0,1629300.0,50000.0,1327000.0,66.85,0.0,True,0.0231862378459237,2015-01-05,YUANTA_ETF_NAV_HISTORY,-0.0052083333333335,0.0082956259426845,4.440892098500626e-16,0.0362090457229038,0.0159960484820851,0.0244840180952221,62.90322580645165,1.0368734764940986,-0.0096296296296292,0.1370965451912332,-0.1792632590153826,-0.0017918470957145,0.0231862378459237,-0.0988083416087388,-0.0068241469816272,0.426495767020775,1.0,0.0,24,1.0,0.5877852522924732,-0.8090169943749473,2014-12,24,11.297870444815237,2014-12-18,0.0445660672400309,False,False,11.80137209872803,11.810205461077375,-0.0007482230053518,0.2029976887529479,-0.0003952146008657,11.864566511751798,67.15770304966851,2014-11,technical_calendar,71b2c2126ea942b716c673a87e9a9f022cacdfda25e55f1073d19b0bbf396612,True,technical_calendar
2015-01-06,65.75,65.75,64.75,64.9,19501826,1272547315,-1.65,4903,0.0,1.0,0.975206611570248,257.2443373274917,11.465704329452835,0.1766672469869466,11.61587148939174,11.61587148939174,11.439204242404792,16.4375,16.4375,16.1875,16.225,64.85,64.9,73642161229.0,1135500000.0,4771,1747,-12640000.0,-6065000.0,-384000.0,-6191000.0,64.9,0.0,True,0.0238828967642526,2015-01-07,YUANTA_ETF_NAV_HISTORY,-0.0044876589379206,0.00150489089541,-0.0044876589379202,0.0331218609569128,0.0118595104150827,0.0186220366748328,61.60000000000007,0.79070751499604,-0.0140740740740735,0.1367096929013161,-0.6255419458070193,-0.0041897351488852,0.0232907588279489,0.0591534931157573,-0.0383631713554987,0.0495583272920885,1.0,0.0,2,0.1935483870967742,0.9510565162951536,0.3090169943749474,2015-01,20,11.43037088005544,2015-01-07,0.0162287480680067,False,False,11.43037088005544,11.757205286981293,-0.0281923433342658,0.56320936039039,-0.0139558850690655,11.65223404335288,65.95582510103769,2014-12,technical_calendar,71b2c2126ea942b716c673a87e9a9f022cacdfda25e55f1073d19b0bbf396612,False,technical_calendar
2015-02-26,70.55,70.65,70.05,70.3,8688633,610954509,-0.5,1552,0.0,1.0,0.9929378531073446,278.6483345781611,12.41970746318234,0.1766672469869465,12.463874274929076,12.481540999627772,12.375540651435603,17.6375,17.6625,17.5125,17.575,70.12,70.3,74148365462.0,1057500000.0,2012,1581,3182000.0,4197000.0,0.0,-1015000.0,70.3,0.0,True,0.0220483641536273,2015-03-02,YUANTA_ETF_NAV_HISTORY,0.0078291814946618,0.0373626373626372,0.0606741573033704,0.0598802395209583,0.0289575990989352,0.0572950370849718,63.199999999999775,2.4817824377393523,0.0,0.1117185179021372,0.7273999851509628,-0.0028169014084507,0.0218926553672316,-0.280297661233168,-0.0721769499417928,0.6801003581288506,1.0,-0.0139860139860139,13,0.9285714285714286,-0.587785252292473,-0.8090169943749475,2015-02,13,12.048706244509756,2015-02-02,0.0344574780058646,False,False,12.463874274929076,12.508041086675814,-0.0035373224008511,0.1241628162046138,-0.0022569602885976,12.542241981707134,70.993589335967,2015-01,technical_calendar,71b2c2126ea942b716c673a87e9a9f022cacdfda25e55f1073d19b0bbf396612,True,technical_calendar
2015-03-11,68.35,69.15,68.3,69.05,10039248,689232863,0.1,1081,0.0,1.0,1.001450326323423,273.69370558495064,12.19887340444866,0.1766672469869465,12.075206331557798,12.216540129147358,12.066372969208452,17.0875,17.2875,17.075,17.2625,69.0,69.05,71591625106.0,1037500000.0,2992,1623,-4915000.0,-5791000.0,0.0,876000.0,69.05,0.0,True,0.0224475018102824,2015-03-12,YUANTA_ETF_NAV_HISTORY,-0.0021707670043412,-0.0135908440629467,0.0139705882352942,0.0275707898658723,-0.0057678442682046,0.0239465379617598,54.54545454545465,-0.5659684799734566,-0.0261299435028244,0.0995663515743133,-0.3092057114053476,-0.0001450116009279,0.0224800580130529,0.2618941751889729,0.0158730158730158,-0.1435680025868108,1.0,-0.0193853427895981,8,0.3548387096774194,0.5877852522924732,-0.8090169943749473,2015-03,22,12.075206331557798,2015-03-11,0.0,True,True,12.075206331557798,12.181206679749966,-0.0087400410693522,0.6221568029058625,-0.0132432442126822,12.081056233833875,68.38311254562379,2015-02,technical_calendar,71b2c2126ea942b716c673a87e9a9f022cacdfda25e55f1073d19b0bbf396612,False,technical_calendar
2015-04-20,68.7,69.15,68.55,68.95,9571501,657845763,-0.1,1586,0.0,1.0,0.998551774076756,273.2973352654938,12.181206679749966,0.1766672469869465,12.137039868003228,12.216540129147354,12.110539780955186,17.175,17.2875,17.1375,17.2375,69.02,68.95,68159376156.0,987500000.0,3280,1386,-1955250.0,-6949250.0,0.0,4994000.0,68.95,0.0,True,0.0224800580130529,2015-04-21,YUANTA_ETF_NAV_HISTORY,-0.0093256814921089,-0.0086145010768127,-0.0121602288984263,0.050190114068441,-0.0071533843775837,0.0015108478878347,47.368421052631454,-0.7407090416090021,-0.0247175141242934,0.1241803374308283,0.3598059526175839,0.0007246376811593,0.0224475018102824,0.1079986500168748,0.1176948051948052,-0.6170707090499699,1.0,0.0,12,0.6666666666666666,0.0,1.0,2015-04,20,12.137039868003228,2015-04-01,0.0,False,True,12.137039868003228,12.19887340444866,-0.0050816806269975,0.5924699499871543,-0.0092781237744307,12.146645259285537,68.75436996073766,2015-03,technical_calendar,71b2c2126ea942b716c673a87e9a9f022cacdfda25e55f1073d19b0bbf396612,False,technical_calendar
2015-05-29,71.7,71.7,71.05,71.1,4900148,349371690,-0.4,1635,0.0,1.0,0.9944055944055944,281.8192971338159,12.5610412607719,0.1766672469869465,12.667041608964068,12.667041608964068,12.552207898422552,17.925,17.925,17.7625,17.775,71.22,71.1,71039689249.0,997500000.0,4238,1559,34140.0,-453860.0,0.0,488000.0,71.1,0.0,True,0.0218002812939521,2015-06-01,YUANTA_ETF_NAV_HISTORY,0.004919184820801,0.0192444761225942,-0.0041782729805011,0.0214285714285715,0.0093167701863354,0.0190870975021677,58.62068965517253,1.3863282520899538,-0.0171821305841923,0.1089478725733442,-0.622931233902811,0.0014005602240896,0.0216783216783216,-0.1379593512625744,0.1666666666666667,0.4559472096030772,1.0,0.0,20,0.935483870967742,-0.9510565162951536,0.3090169943749472,2015-05,20,12.375540651435609,2015-05-18,0.0235546038543894,False,False,12.667041608964068,12.631708159566678,0.0027932979056126,0.1617940058713217,-0.0012310906778576,12.679247784436592,71.76909133232506,2015-04,technical_calendar,71b2c2126ea942b716c673a87e9a9f022cacdfda25e55f1073d19b0bbf396612,True,technical_calendar
2015-06-30,68.8,69.4,68.8,69.4,4093490,282871294,0.6,1284,0.0,1.0,1.0087209302325582,275.08100170304965,12.260706940894094,0.1766672469869465,12.154706592701924,12.260706940894094,12.154706592701924,17.2,17.35,17.2,17.35,69.74,69.4,123958826789.0,1777500000.0,5004,1736,-63000.0,142000.0,0.0,-205000.0,69.4,0.0,True,0.0223342939481268,2015-07-01,YUANTA_ETF_NAV_HISTORY,-0.0234208658623136,-0.0079307858687815,-0.0323488045007027,-0.0036205648081097,-0.0053850880046261,-0.017610661589719,49.1379310344828,-0.4796504563287455,-0.0542955326460476,0.1387556948390588,0.3509754506274134,-0.0017411491584445,0.0225290697674418,-0.045290199809705,-0.0855503390714658,-0.5997670557622686,1.0,0.594170403587444,21,1.0,0.9510565162951536,0.3090169943749474,2015-06,21,12.04870624450976,2015-06-17,0.008797653958944,False,False,12.154706592701924,12.154706592701928,-3.33066907387547e-16,0.5029031304340499,-0.0004950256902599,12.209434645641789,69.10978041415855,2015-05,technical_calendar,71b2c2126ea942b716c673a87e9a9f022cacdfda25e55f1073d19b0bbf396612,False,technical_calendar
2015-07-23,67.5,67.85,66.85,67.15,20981081,1410059672,-0.65,3456,0.0,1.0,0.9904129793510326,266.1626695152707,11.863205635173465,0.1766672469869465,11.925039171618897,11.986872708064324,11.810205461077375,16.875,16.9625,16.7125,16.7875,66.82,67.15,119034236753.0,1781500000.0,6446,2065,-13537000.0,-9380000.0,-561000.0,-3596000.0,67.15,0.0,True,0.0230826507818317,2015-07-24,YUANTA_ETF_NAV_HISTORY,-0.0123816460305902,-0.0065934065934063,-0.0251617541337167,-0.0609418282548471,-0.0163220892274209,-0.0285721108497603,34.482758620689694,-1.1334617063100785,-0.0680412371134016,0.1762457934851815,0.3914439928185969,-0.0019137347269249,0.0228613569321533,0.0011802394199966,0.1634446397188049,-0.6598331152630856,1.0,0.0,16,0.7419354838709677,-0.587785252292473,-0.8090169943749475,2015-07,22,11.589371402343698,2015-07-30,0.0289634146341464,False,False,11.589371402343698,11.97803934571498,-0.0329864989963064,0.5455442740677031,-0.0089910408846542,11.930181136774651,67.5291053675396,2015-06,technical_calendar,71b2c2126ea942b716c673a87e9a9f022cacdfda25e55f1073d19b0bbf396612,False,technical_calendar
2015-08-21,60.6,60.75,59.8,59.8,28076492,1689327220,-1.6,6417,0.0,1.0,0.973941368078176,237.0294510351928,10.564701369819412,0.1766672469869467,10.70603516740897,10.732535254457012,10.564701369819412,15.15,15.1875,14.95,14.95,59.68,59.8,77939649473.0,1306000000.0,9941,2184,-19224000.0,-16106000.0,0.0,-3118000.0,59.8,0.0,True,0.0259197324414715,2015-08-24,YUANTA_ETF_NAV_HISTORY,-0.0032467532467536,-0.0338316286388671,-0.0856291883842141,-0.1352112676056333,-0.0482464638635923,-0.0912118408880664,9.401709401709468,-2.0331984820811897,-0.1412587412587407,0.1222533890427997,0.6713792665212064,-0.0029230269568041,0.0252442996742671,0.0224387040280209,0.1995649809679174,-0.6962989581486508,1.0,-0.1778407302486623,15,0.6774193548387096,-0.9510565162951536,0.3090169943749472,2015-08,21,10.158366701749436,2015-08-25,0.0539130434782608,False,False,10.158366701749436,10.847368964998529,-0.065624887349792,0.7552478059227853,-0.0126629770478971,10.764429389625052,60.93053224755575,2015-07,technical_calendar,71b2c2126ea942b716c673a87e9a9f022cacdfda25e55f1073d19b0bbf396612,False,technical_calendar
2015-09-30,61.45,62.6,61.45,62.4,8574123,533541019,0.15,2087,0.0,1.0,1.002409638554217,247.3350793410709,11.024036211985482,0.1766672469869468,10.856202327347884,11.059369661382872,10.856202327347884,15.3625,15.65,15.3625,15.6,62.54,62.4,79707561567.0,1274500000.0,5060,2943,-3107000.0,1074000.0,-34000.0,-4147000.0,62.4,0.0,True,0.0248397435897435,2015-10-01,YUANTA_ETF_NAV_HISTORY,0.0040322580645162,-0.0400925212027755,0.0072815533980588,-0.1119828815977163,-0.0102158444965612,-0.0334976516710003,54.95049504950506,-0.5767335443678203,-0.1119828815977163,0.2237112414309126,-0.8260873208285792,0.003384912959381,0.0248995983935742,0.1193106495802032,0.0207527259936686,-0.2549238329377974,1.0,-0.0324449594438006,20,1.0,0.5877852522924732,-0.8090169943749473,2015-09,20,10.794368790902446,2015-09-02,0.005728314238953,False,False,10.856202327347884,10.997536124937438,-0.0129346993327729,0.3342049565709003,-0.0004433537287517,11.047624714016312,62.53351938422731,2015-08,technical_calendar,71b2c2126ea942b716c673a87e9a9f022cacdfda25e55f1073d19b0bbf396612,True,technical_calendar
2015-10-30,63.3,63.45,62.8,63.2,5991825,378136344,-0.1,2399,0.0,1.0,0.9984202211690364,258.26765434898675,11.511314858826012,0.1821410578928166,11.529528964615292,11.556850123299215,11.438458435668885,15.825,15.8625,15.7,15.8,62.95,63.2,77368356623.0,1229000000.0,4788,750,-2416000.0,-481000.0,-80000.0,-1855000.0,63.2,0.0,True,0.0316455696202531,2015-11-02,YUANTA_ETF_NAV_HISTORY,-0.007058823529412,-0.003644727739311,0.0458536912351785,0.0001727254111143,0.0010351965951236,0.0271230600133249,55.06677854695468,0.0718668266601307,-0.0193648334624324,0.1298775317361951,-0.2932525586408845,0.002375296912114,0.0315955766192733,0.076993166287016,,-0.3446703329289597,1.0,0.0207641196013288,21,0.967741935483871,-0.9510565162951536,0.3090169943749472,2015-10,21,11.059369661382874,2015-10-01,0.0425123056401777,False,False,11.529528964615292,11.52952896461529,2.2204460492503126e-16,0.3034964845000346,-0.0004867711511404,11.58153767868747,63.58554085868319,2015-09,technical_calendar,71b2c2126ea942b716c673a87e9a9f022cacdfda25e55f1073d19b0bbf396612,True,technical_calendar
2015-11-25,61.85,62.1,61.5,61.95,5964136,368131013,0.0,1793,0.0,1.0,1.0,253.15951245126155,11.28363853645999,0.1821410578928166,11.265424430670707,11.31095969514391,11.20167506040822,15.4625,15.525,15.375,15.4875,61.99,61.95,78724856843.0,1270000000.0,6078,2304,-1920000.0,-213000.0,0.0,-1707000.0,61.95,0.0,True,0.0322841000807102,2015-11-26,YUANTA_ETF_NAV_HISTORY,-0.0103833865814696,-0.0064153969526865,-0.0350467289719624,0.0618361145934553,-0.0162763001190949,-0.005526621013365,29.06976744186035,-0.8623270213281427,-0.0549199084668193,0.1785827784160708,-0.6883930261466987,-0.0001613944480309,0.0322841000807102,0.0083306109114669,0.084125475285171,-0.4063045862861518,1.0,0.0,18,0.8333333333333334,0.5877852522924732,-0.8090169943749473,2015-11,21,11.092390425672532,2015-11-30,0.0155993431855501,False,False,11.092390425672532,11.28363853645999,-0.0170944333593,0.5367664359954152,-0.0054490324027704,11.27843244142494,61.92141723510736,2015-10,technical_calendar,71b2c2126ea942b716c673a87e9a9f022cacdfda25e55f1073d19b0bbf396612,False,technical_calendar
2015-12-31,60.55,60.95,60.5,60.75,3894479,236577519,0.2,988,0.0,1.0,1.0033030553261768,248.2556962294453,11.06506926698861,0.1821410578928166,11.028641055410048,11.101497478567174,11.019534002515403,15.1375,15.2375,15.125,15.1875,61.22,60.75,80836172413.0,1320500000.0,5637,3140,1642049.0,720049.0,-297000.0,1219000.0,60.75,0.0,True,0.0329218106995884,2016-01-04,YUANTA_ETF_NAV_HISTORY,-0.0073770491803279,-0.0057471264367817,-0.0280898876404497,-0.0230662743999933,-0.0061143255775781,-0.0290454291931109,50.0,-0.4635046987208153,-0.0762776506483602,0.1331406291157527,-0.3401611761682079,-0.0026354801515401,0.0330305532617671,-0.039447731755424,-0.0054627249357326,0.1127716122870661,1.0,0.0196911196911195,23,1.0,-0.587785252292473,-0.8090169943749475,2015-12,23,10.791857680149384,2015-12-14,0.0219409282700424,False,False,11.028641055410048,11.028641055410043,4.440892098500625e-16,0.3115680600722607,-0.0005274666408457,11.077939475835278,60.8206606681413,2015-11,technical_calendar,71b2c2126ea942b716c673a87e9a9f022cacdfda25e55f1073d19b0bbf396612,True,technical_calendar
2016-01-14,56.5,56.7,55.85,56.7,15487360,871255829,-0.45,5765,0.0,1.0,0.9921259842519686,231.70531648081564,10.3273979825227,0.1821410578928166,10.290969770944136,10.3273979825227,10.172578083313809,14.125,14.175,13.9625,14.175,56.63,56.7,78710104126.0,1390000000.0,9428,4464,-11576900.0,-7200900.0,-240000.0,-4136000.0,56.7,0.0,True,0.0352733686067019,2016-01-15,YUANTA_ETF_NAV_HISTORY,0.011504424778761,-0.0222412318220701,-0.0386879730866277,-0.1065849829900712,-0.0419914508423435,-0.0715073747434897,23.40425531914886,-1.4640050999071406,-0.1281464530892451,0.1513010384259775,-0.0956229271342134,-0.0013978682509173,0.0349956255468066,0.3721687638786084,0.3052412150089338,-0.1298906049340537,1.0,0.0369265199552406,9,0.4516129032258064,-0.587785252292473,-0.8090169943749475,2016-01,21,10.181685136208449,2016-01-18,0.0107334525939173,False,False,10.181685136208449,10.40936145857447,-0.0221150100797662,0.6404821903281402,-0.0159576059417546,10.295794151937232,56.52648705925456,2015-12,technical_calendar,71b2c2126ea942b716c673a87e9a9f022cacdfda25e55f1073d19b0bbf396612,False,technical_calendar
2016-02-26,61.35,61.7,60.9,61.25,14513092,888888205,0.15,2460,0.0,1.0,1.0024549918166938,250.29895298853532,11.156139795935015,0.1821410578928165,11.174353901724295,11.238103271986782,11.092390425672528,15.3375,15.425,15.225,15.3125,61.5,61.25,82191666084.0,1336500000.0,5126,4226,10595100.0,6465100.0,-300000.0,4430000.0,61.25,0.0,True,0.0326530612244898,2016-03-01,YUANTA_ETF_NAV_HISTORY,0.0132669983416255,0.0032840722495899,0.0930232558139538,-0.0137207425343018,0.0337534895524915,0.0241367750586658,76.69172932330844,1.2582369152309325,-0.0270700636942675,0.1584283798447571,1.3404428831018131,-0.0032626427406198,0.0327332242225859,-0.0793140407288317,-0.036995006808897,0.8621723080884164,1.0,-0.0242841609278724,13,0.896551724137931,-0.9510565162951536,0.3090169943749472,2016-02,13,10.618823675151209,2016-02-15,0.0523156089193821,False,False,11.174353901724295,11.128818637251094,0.0040833049793705,0.1409707321628494,-0.0040307058408957,11.139472183923695,61.15849063794764,2016-01,technical_calendar,71b2c2126ea942b716c673a87e9a9f022cacdfda25e55f1073d19b0bbf396612,True,technical_calendar
2016-03-31,65.1,65.4,64.45,64.65,16046959,1040188630,-0.05,4899,0.0,1.0,0.9992272024729522,264.1930989503479,11.775419392770592,0.1821410578928165,11.857382868822356,11.912025186190204,11.738991181192027,16.275,16.35,16.1125,16.1625,64.91,64.65,75520638774.0,1163500000.0,3208,2896,2077000.0,4622000.0,250000.0,-2795000.0,64.65,0.0,True,0.0309358081979891,2016-04-01,YUANTA_ETF_NAV_HISTORY,0.0164964650432051,0.0054390054390056,0.0376904570970324,0.0503246753246748,0.0141463223480544,0.0685531042265925,63.06306306306291,1.4824618197870516,0.0,0.1076752028145829,1.1492903985436544,-0.0012349490583513,0.0309119010819165,-0.0905397562391178,-0.1435340022296544,0.7756214003233948,1.0,-0.0432829726418946,23,1.0,-0.587785252292473,-0.8090169943749475,2016-03,23,11.15613979593502,2016-03-01,0.062857142857142,False,False,11.857382868822356,11.78452644566523,0.0061633477076685,0.1158667261077689,-0.0006623527708086,11.835607133934232,64.98044576472738,2016-02,technical_calendar,71b2c2126ea942b716c673a87e9a9f022cacdfda25e55f1073d19b0bbf396612,True,technical_calendar
2016-04-06,63.3,63.3,62.35,62.4,8957175,560162916,-1.5,3518,0.0,1.0,0.976525821596244,254.9984435344425,11.365602012511754,0.1821410578928165,11.529528964615288,11.529528964615288,11.356494959617113,15.825,15.825,15.5875,15.6,62.52,62.4,71183750062.0,1138500000.0,3622,2908,-1450000.0,26000.0,-480000.0,-996000.0,62.4,0.0,True,0.032051282051282,2016-04-07,YUANTA_ETF_NAV_HISTORY,-0.0116009280742459,-0.0023419203747068,0.0126782884310612,0.047540983606557,-0.0003519887363606,0.0535716739258871,49.10714285714269,-0.0390717604086728,-0.0123647604327665,0.1132963837437128,-1.257311679416535,-0.0007818608287725,0.0312989045383411,-0.0245183887915937,-0.1475022169671889,-0.1173092607282112,1.0,-0.0587019429516328,2,0.2,0.5877852522924732,-0.8090169943749473,2016-04,19,11.256317377776062,2016-04-08,0.0242718446601943,False,False,11.256317377776062,11.638813599350978,-0.0334159969198441,0.6940241783309673,-0.0136346366338768,11.538605549706784,63.34983272413429,2016-03,technical_calendar,71b2c2126ea942b716c673a87e9a9f022cacdfda25e55f1073d19b0bbf396612,False,technical_calendar
2016-05-31,63.05,63.35,62.8,63.15,8678987,547637441,0.0,2005,0.0,1.0,1.0,258.06332867307776,11.502207805931372,0.1821410578928166,11.48399370014209,11.538636017509935,11.438458435668885,15.7625,15.8375,15.7,15.7875,63.34,63.15,76102480000.0,1201500000.0,3481,2226,5415000.0,4786000.0,0.0,629000.0,63.15,0.0,True,0.0316706254948535,2016-06-01,YUANTA_ETF_NAV_HISTORY,0.0087859424920127,0.0185483870967742,0.0251623376623379,0.0128307939053728,0.0422942025995465,0.009740303002039,72.66187050359743,2.2436082809856583,-0.0239567233384848,0.1641784748057914,1.4190717937774788,-0.0023696682464454,0.0316706254948535,-0.1336621454993835,-0.0886800163465467,0.9050902613692442,1.0,0.0,21,1.0,0.9510565162951536,0.3090169943749474,2016-05,21,10.7736435743601,2016-05-16,0.0659340659340663,False,False,11.48399370014209,11.502207805931372,-0.0015847863855715,0.1008892140120794,-0.0006151036173968,11.552610606459128,63.42672399134423,2016-04,technical_calendar,71b2c2126ea942b716c673a87e9a9f022cacdfda25e55f1073d19b0bbf396612,True,technical_calendar
2016-06-27,63.2,63.75,63.0,63.75,4931264,313187141,0.65,1620,0.0,1.0,1.0103011093502376,260.515236783986,11.611492440667067,0.1821410578928167,11.51131485882602,11.611492440667067,11.474886647247454,15.8,15.9375,15.75,15.9375,63.68,63.75,78483700751.0,1232500000.0,2546,2159,1267000.0,1694000.0,0.0,-427000.0,63.75,0.0,True,0.0313725490196078,2016-06-28,YUANTA_ETF_NAV_HISTORY,-0.0262345679012343,-0.0148321623731456,0.0152855993563962,-0.0156006240249597,-0.0140239853119258,0.0071693646000989,45.16129032258084,-1.287251098182678,-0.0329501915708809,0.1612673913916963,1.5627111271379748,-0.0030020540369726,0.0316957210776545,0.1399378054198135,-0.0077874484654145,-0.2741191278148331,1.0,-0.0798805524449421,18,0.9,0.0,1.0,2016-06,21,11.465779594352808,2016-06-01,0.0039714058776814,False,True,11.493100753036735,11.493100753036735,0.0,0.6510839128766243,-0.0018772792997578,11.528902958260607,63.29656306841559,2016-05,technical_calendar,71b2c2126ea942b716c673a87e9a9f022cacdfda25e55f1073d19b0bbf396612,False,technical_calendar
2016-07-29,68.85,69.2,68.55,68.55,19390373,1335212572,-0.5,3355,0.0,1.0,0.99275887038378,283.5788858337499,12.639468346804138,0.1843831998075002,12.694783306746388,12.759317426679017,12.639468346804138,17.2125,17.3,17.1375,17.1375,68.49,68.55,53970201697.0,788000000.0,1150,257,9337000.0,13847000.0,-80000.0,-4430000.0,68.55,0.0,True,0.0415754923413566,2016-08-01,YUANTA_ETF_NAV_HISTORY,0.0028694404591103,0.0050323508267435,0.0803709428129828,0.1506172839506185,0.0297583971714789,0.0878671940859867,88.88888888888908,1.2753048792456474,0.0,0.1276326303580839,-0.4117406581348729,-0.0056163594470046,0.0412744388124547,-0.0327433628318584,-0.6172344689378757,0.3648129923021664,1.0,-0.2916274694261523,20,0.935483870967742,-0.9510565162951536,0.3090169943749472,2016-07,20,11.921132239084852,2016-07-07,0.0648974486773183,False,False,12.694783306746388,12.731659946707886,-0.0029006546806371,0.1226857280079861,-0.0027741888613193,12.759870808762482,69.20300126087434,2016-06,technical_calendar,71b2c2126ea942b716c673a87e9a9f022cacdfda25e55f1073d19b0bbf396612,True,technical_calendar
2016-08-31,69.85,70.05,69.3,69.4,5206081,362946724,-0.6,1043,0.0,1.0,0.9914285714285715,287.0951812817249,12.796194066640512,0.1843831998075001,12.879166506553885,12.916043146515385,12.77775574665976,17.4625,17.5125,17.325,17.35,69.67,69.4,58556126434.0,840500000.0,996,513,-118000.0,253000.0,0.0,-371000.0,69.4,0.0,True,0.0410662824207492,2016-09-01,YUANTA_ETF_NAV_HISTORY,-0.0007137758743753,0.00864553314121,0.0101010101010097,0.1098151045314046,0.0033324972229187,0.0441114039981074,43.74999999999966,0.4281987616465294,-0.0084985835694054,0.0993102796724766,-1.1122619440392698,-0.0004283878337855,0.0407142857142857,0.045589692765114,0.0239520958083832,0.4634389650619246,1.0,0.021884498480243,23,1.0,0.5877852522924732,-0.8090169943749473,2016-08,23,12.630249186813764,2016-08-03,0.0197080291970799,False,False,12.879166506553885,12.906823986525009,-0.002145156346388,0.289223016058266,-0.0015350365349403,12.951461872486306,70.24209302153288,2016-07,technical_calendar,71b2c2126ea942b716c673a87e9a9f022cacdfda25e55f1073d19b0bbf396612,True,technical_calendar
2016-09-10,69.15,69.6,69.0,69.4,8825756,612259307,-1.0,1835,0.0,1.0,0.9857954545454546,287.09518128172493,12.796194066640512,0.1843831998075001,12.75009826668864,12.833070706602012,12.722440786717511,17.2875,17.4,17.25,17.35,69.79,69.4,54195440117.0,776500000.0,1146,501,-731000.0,-3960000.0,0.0,3229000.0,69.4,0.0,True,0.0410662824207492,2016-09-12,YUANTA_ETF_NAV_HISTORY,-0.0167597765363126,0.0180766449746927,0.0028490028490029,0.1249663518937527,0.0060735977134693,0.0358640041173876,61.97183098591565,0.5395873827504909,-0.0201809324982601,0.1316350972410794,-0.2852355692658602,-0.0028328611898015,0.0404829545454545,0.0066730219256434,-0.0158730158730159,-0.4405038721896369,1.0,-0.0571944611679711,8,0.3333333333333333,-2.4492935982947064e-16,1.0,2016-09,19,12.63024918681376,2016-09-14,0.0094890510948908,False,False,12.63024918681376,12.980577266448014,-0.0273595178958174,0.5272830366470649,-0.0140194226831258,12.863866089165288,69.76701837583593,2016-08,technical_calendar,71b2c2126ea942b716c673a87e9a9f022cacdfda25e55f1073d19b0bbf396612,False,technical_calendar
2016-10-31,72.25,72.7,71.7,72.6,5464146,394236445,0.0,717,0.0,1.0,1.0,300.3329994388073,13.386220306024512,0.1843831998075001,13.321686186091888,13.404658626005263,13.220275426197762,18.0625,18.175,17.925,18.15,72.64,72.6,42963747265.0,591500000.0,458,429,-2302000.0,-282000.0,0.0,-2020000.0,72.6,0.0,True,0.0117079889807162,2016-11-01,YUANTA_ETF_NAV_HISTORY,0.0,0.0,0.0097357440890122,0.0476190476190474,0.0075287097109948,0.026559517356774,60.21505376344067,0.8576941104007648,-0.0108991825613079,0.094743845149381,-0.1940120103106554,-0.0030211480362537,0.0117079889807162,-0.075107296137339,-0.3317901234567901,-0.3569559748839601,1.0,-0.0603653693407466,20,1.0,0.0,1.0,2016-10,20,13.128083826294011,2016-10-03,0.014747191011236,False,False,13.321686186091888,13.386220306024512,-0.0048325948382088,0.2625081606832233,-0.0005984373399558,13.445102947901862,72.91934927877827,2016-09,technical_calendar,71b2c2126ea942b716c673a87e9a9f022cacdfda25e55f1073d19b0bbf396612,True,technical_calendar
2016-11-02,71.95,72.0,71.6,71.75,5502479,394615232,-0.85,1116,0.0,1.0,0.988292011019284,296.8167039908323,13.22949458618814,0.1843831998075002,13.26637122614964,13.275590386140015,13.201837106217011,17.9875,18.0,17.9,17.9375,71.59,71.75,42344713252.0,591500000.0,629,423,-1651000.0,-1561000.0,0.0,-90000.0,71.75,0.0,True,0.0118466898954703,2016-11-03,YUANTA_ETF_NAV_HISTORY,0.0,-0.0108991825613079,0.0160951714485653,0.0559999999999998,0.0055749852834239,0.0248326647766707,54.79452054794524,0.7005365330545376,-0.0108991825613079,0.077775018742858,-0.7234475011123225,0.0005512679162071,0.0117079889807162,0.0390804597701148,-0.3244094488188976,-0.122509246237163,1.0,-0.0444264943457188,2,0.0666666666666666,0.5877852522924732,-0.8090169943749473,2016-11,22,12.869947346563512,2016-11-15,0.0308022922636106,False,False,12.869947346563512,13.386220306024512,-0.0393309120624235,0.623979251731865,-0.0130262640877827,13.27904355387746,72.01872821244588,2016-10,technical_calendar,71b2c2126ea942b716c673a87e9a9f022cacdfda25e55f1073d19b0bbf396612,False,technical_calendar
2016-12-23,70.6,70.85,70.35,70.55,5125956,361673215,-0.25,1671,0.0,1.0,0.9964689265536724,291.8525221819264,13.00823474641914,0.1843831998075002,13.017453906409512,13.063549706361387,12.971358106457638,17.65,17.7125,17.5875,17.6375,70.43,70.55,41869506458.0,594500000.0,767,364,-2575000.0,-3769000.0,50000.0,1144000.0,70.55,0.0,True,0.0120481927710843,2016-12-26,YUANTA_ETF_NAV_HISTORY,-0.0125523012552305,-0.0301369863013698,-0.0084033613445375,-0.0028169014084505,-0.0174172507112621,-0.0133435529387171,45.99999999999998,-1.7965732932836034,-0.0354223433242506,0.1015086613475926,0.9547073350899612,0.0008481764206955,0.0120056497175141,0.8298969072164948,-0.0104712041884816,-0.446743129941505,1.0,-0.0246103363412633,17,0.7419354838709677,-0.9510565162951536,0.3090169943749472,2016-12,22,13.017453906409512,2016-12-23,0.0,True,True,13.017453906409512,13.054330546371013,-0.0028288562004777,0.6408899666496778,-0.007709703103927,13.01884287264216,70.6075330411561,2016-11,technical_calendar,71b2c2126ea942b716c673a87e9a9f022cacdfda25e55f1073d19b0bbf396612,False,technical_calendar
2017-01-24,73.0,73.3,72.9,73.3,4575104,334830127,0.55,1858,0.0,1.0,1.0075601374570446,303.2287721606692,13.515288545889767,0.1843831998075002,13.45997358594752,13.515288545889767,13.44153526596677,18.25,18.325,18.225,18.325,73.18,73.3,43395816967.0,593000000.0,296,115,1427000.0,344000.0,1683000.0,-600000.0,73.3,0.0,True,0.0115961800818553,2017-02-02,YUANTA_ETF_NAV_HISTORY,0.0083160083160083,0.0104166666666665,0.031183557760454,0.0020661157024799,0.0094352712640488,0.0140903969240424,59.55056179775288,1.1273213267056852,-0.0054682159945318,0.0889304713585083,2.16681759853386,-0.0043793622553714,0.0116838487972508,-0.1580381471389645,-0.2271386430678466,0.3146642070218902,1.0,-0.0025231286795626,16,0.7741935483870968,0.9510565162951536,0.3090169943749474,2017-01,16,13.220275426197768,2017-01-03,0.0181311018131102,False,False,13.45997358594752,13.413877785995645,0.0034305350967892,0.2925637107826973,-0.0057860741568873,13.403170642246977,72.69192993852019,2016-12,technical_calendar,71b2c2126ea942b716c673a87e9a9f022cacdfda25e55f1073d19b0bbf396612,True,technical_calendar
2017-02-24,73.05,73.3,72.85,73.15,1844790,134857020,0.05,615,0.0,1.0,1.000683994528044,309.7780616162807,13.807198631243548,0.1887518609876083,13.788323445144783,13.835511410391687,13.750573072947263,18.2625,18.325,18.2125,18.2875,73.2,73.15,41395646284.0,565500000.0,552,92,-193000.0,48000.0,0.0,-241000.0,73.15,0.0,True,0.0348598769651401,2017-03-01,YUANTA_ETF_NAV_HISTORY,-0.0027285129604367,-0.0034083162917519,0.0400554004547293,0.0422282181437021,0.0094353348334403,0.0292785139156188,70.09391292032846,0.6825403582823836,-0.0108254397834914,0.0752007811791083,-1.155363983599202,-0.0032724297791111,0.0348837209302325,0.1046277665995976,0.0232558139534884,0.2448078022947623,1.0,0.0,18,0.8571428571428571,-0.9510565162951536,0.3090169943749472,2017-02,18,13.450754425957149,2017-02-03,0.0250966606405509,False,False,13.788323445144783,13.797761038194164,-0.0006842285590243,0.2665117299353201,-0.0034131625644456,13.819501051702082,73.2151777439129,2017-01,technical_calendar,71b2c2126ea942b716c673a87e9a9f022cacdfda25e55f1073d19b0bbf396612,True,technical_calendar
2017-03-31,73.95,74.1,73.7,73.7,2008887,148377572,-0.2,614,0.0,1.0,0.9972936400541272,312.10721997429783,13.911012154786732,0.1887518609876083,13.958200120033634,13.986512899181774,13.911012154786732,18.4875,18.525,18.425,18.425,73.57,73.7,41601857219.0,565500000.0,443,126,-344000.0,-118000.0,0.0,-226000.0,73.7,0.0,True,0.0345997286295793,2017-04-05,YUANTA_ETF_NAV_HISTORY,-0.0013513513513511,-0.0060524546065902,0.0186078566505858,0.0685161125219007,0.0069834781127575,0.0236719741565949,70.21276595744696,0.5588611766103744,-0.0133511348464619,0.0965808733000781,-1.0525148257599626,-0.0009463295930781,0.0345060893098782,0.181547619047619,0.0,0.7256614612795662,1.0,0.0,23,1.0,-0.9510565162951536,0.3090169943749472,2017-03,23,13.58069639805842,2017-03-10,0.0277970813064627,False,False,13.958200120033634,13.948762526984256,0.0006763612026525,0.2034074628746398,-0.0005323541436735,14.011045515757614,74.22997284608203,2017-02,technical_calendar,71b2c2126ea942b716c673a87e9a9f022cacdfda25e55f1073d19b0bbf396612,True,technical_calendar
2017-04-19,73.1,73.25,72.65,72.8,9185446,669532623,-0.8,3402,0.0,1.0,0.9891304347826088,308.2958699339062,13.741135479897888,0.1887518609876083,13.797761038194167,13.826073817342312,13.712822700749747,18.275,18.3125,18.1625,18.2,72.83,72.8,41366925608.0,568000000.0,958,144,-6969000.0,-7146000.0,0.0,177000.0,72.8,0.0,True,0.0350274725274725,2017-04-20,YUANTA_ETF_NAV_HISTORY,0.0,-0.0040595399188094,-0.0054054054054051,0.0406606733786358,-0.0068481597679047,0.0099748558903651,42.3076923076924,-1.484840378503552,-0.0173564753004006,0.0903641301083233,0.2908443910552352,-0.0004074426184978,0.0346467391304347,0.2846715328467153,0.0526315789473683,-0.2425752282237427,1.0,0.0,11,0.6333333333333333,0.5877852522924732,-0.8090169943749473,2017-04,18,13.693947514650985,2017-04-20,0.0075809786354237,False,False,13.693947514650985,13.892136968687971,-0.0143690464046335,0.6301999596506271,-0.0103362914410385,13.818029769166714,73.20738294640644,2017-03,technical_calendar,71b2c2126ea942b716c673a87e9a9f022cacdfda25e55f1073d19b0bbf396612,False,technical_calendar
2017-05-31,76.95,77.5,76.4,76.5,2701301,207172841,-0.45,765,0.0,1.0,0.9941520467836256,323.9647534332943,14.439517365552035,0.1887518609876083,14.52445570299646,14.628269226539643,14.420642179453276,19.2375,19.375,19.1,19.125,76.27,76.5,43204607836.0,566500000.0,214,122,-1278000.0,-1760000.0,90000.0,392000.0,76.5,0.0,True,0.0333333333333333,2017-06-01,YUANTA_ETF_NAV_HISTORY,-0.0006493506493505,0.0145023071852341,0.0328859060402684,0.0519480519480519,0.0121670503123971,0.0344016399870055,69.84126984127002,1.5621412244022137,-0.0006493506493505,0.0652017312253693,0.0612685845669062,-0.0014274591227614,0.0331384015594541,-0.2862745098039215,-0.0161290322580645,-0.3610953707374383,1.0,0.0,20,1.0,0.5877852522924732,-0.8090169943749473,2017-05,20,14.15638957407062,2017-05-02,0.0260000000000004,False,False,14.52445570299646,14.52445570299646,0.0,0.1862892729351792,-0.0007308302676377,14.586413892397683,77.27825207167253,2017-04,technical_calendar,71b2c2126ea942b716c673a87e9a9f022cacdfda25e55f1073d19b0bbf396612,True,technical_calendar
2017-06-30,80.1,80.4,79.8,80.4,3070653,245991027,-0.25,854,0.0,1.0,0.9969001859888408,340.4806036083249,15.175649623403704,0.1887518609876082,15.11902406510742,15.175649623403704,15.06239850681114,20.025,20.1,19.95,20.1,80.49,80.4,58593995765.0,728000000.0,294,109,-637000.0,230000.0,-970000.0,103000.0,80.4,0.0,True,0.0317164179104477,2017-07-03,YUANTA_ETF_NAV_HISTORY,0.0012414649286158,0.0112852664576801,0.0446891191709841,0.0943012211668925,0.0245823540621228,0.0560890440855519,69.06474820143872,1.3540161948957352,-0.0092137592137592,0.1151539631169404,-0.8377663108367122,-0.0025970813752163,0.0316181029138251,0.653179190751445,0.0,-0.083376831750458,1.0,0.0753323485967503,23,1.0,-0.9510565162951536,0.3090169943749472,2017-06,23,14.439517365552035,2017-06-01,0.0470588235294113,False,False,15.11902406510742,15.222837588650608,-0.0068429504969045,0.1267364826109459,-0.001067430013092,15.282629929063404,80.96677748817919,2017-05,technical_calendar,71b2c2126ea942b716c673a87e9a9f022cacdfda25e55f1073d19b0bbf396612,True,technical_calendar
2017-07-31,81.45,81.5,81.05,81.35,2806599,228312297,0.0,879,0.7,1.0,0.9993909866017052,347.4680786823764,15.487090194033264,0.1903760318873173,15.506127797221994,15.51564659881636,15.429977384467067,20.3625,20.375,20.2625,20.3375,81.72,81.35,45802812067.0,560500000.0,324,1,609000.0,915000.0,0.0,-306000.0,81.35,0.0,True,0.0295021511985248,2017-08-01,YUANTA_ETF_NAV_HISTORY,-0.010843373493976,0.0,0.0211442786069653,0.0852610707204228,0.0053266393191697,0.0396462754450577,65.48672566371684,0.4572555325263557,-0.010843373493976,0.0988933051776809,0.9656425457241056,-0.0031568722680913,0.0207064555420219,0.4744897959183674,-1.0,-0.1392675074364986,1.0,-0.2300824175824175,21,1.0,0.0,1.0,2017-07,21,15.100148879008664,2017-07-10,0.0268857559926245,False,False,15.506127797221994,15.496527787082645,0.0006193024607245,0.3130766215433355,-0.0005378592908475,15.565636052133954,81.76258270446135,2017-06,technical_calendar,71b2c2126ea942b716c673a87e9a9f022cacdfda25e55f1073d19b0bbf396612,True,technical_calendar
2017-08-11,80.85,81.35,80.75,81.25,2747290,222731207,-0.35,1267,0.0,1.0,0.9957107843137256,347.04095135762867,15.468052590844538,0.1903760318873174,15.391902178089609,15.487090194033268,15.37286457490088,20.2125,20.3375,20.1875,20.3125,81.47,81.25,45662052025.0,560500000.0,517,68,-1275898.0,-60898.0,0.0,-1215000.0,81.25,0.0,True,0.0295384615384615,2017-08-14,YUANTA_ETF_NAV_HISTORY,-0.0066950699939136,-0.0072992700729926,0.0012427153105223,0.0786651533227382,-0.0037662236934881,0.0289557081908369,51.67606021382653,-0.635901027202455,-0.0162748643761301,0.0882702437176971,-0.0428588244668268,0.0003677822728944,0.0294117647058823,0.4154302670623144,3.166666666666667,-0.4515628619050714,1.0,0.0,9,0.3548387096774194,-0.9510565162951536,0.3090169943749472,2017-08,23,15.391902178089609,2017-08-11,0.0,True,True,15.391902178089609,15.534684202005096,-0.0092336759469454,0.6134954376851697,-0.0118344100980462,15.428683561068022,81.04320385351966,2017-07,technical_calendar,71b2c2126ea942b716c673a87e9a9f022cacdfda25e55f1073d19b0bbf396612,False,technical_calendar
2017-09-25,81.55,81.55,80.75,80.95,7071046,572821645,-0.65,3080,0.0,1.0,0.9920343137254904,345.7595693833851,15.41093978127834,0.1903760318873173,15.525165400410728,15.525165400410728,15.372864574900875,20.3875,20.3875,20.1875,20.2375,80.76,80.95,43246130548.0,535500000.0,723,151,-5825000.0,-4389000.0,0.0,-1436000.0,80.95,0.0,True,0.0296479308214947,2017-09-26,YUANTA_ETF_NAV_HISTORY,-0.0133010882708586,-0.0091074681238615,-0.0133010882708588,0.0236585969965787,-0.0118971937153757,-0.0024075255457394,38.93805309734506,-2.7949769607824293,-0.0186410102224896,0.082787324128645,1.370967083519257,-0.0001225340031859,0.0294117647058823,0.2613908872901678,0.1120000000000001,-0.6095487769244134,1.0,0.0,17,0.8333333333333334,0.0,1.0,2017-09,22,15.315751765334682,2017-09-29,0.0136730888750775,False,False,15.315751765334682,15.534684202005096,-0.014193388531669,0.7516335006703538,-0.0042837392983725,15.54562139547856,81.65745047506789,2017-08,technical_calendar,71b2c2126ea942b716c673a87e9a9f022cacdfda25e55f1073d19b0bbf396612,False,technical_calendar
2017-10-31,85.0,85.35,84.8,85.2,2131434,181429580,0.25,552,0.0,1.0,1.0029429075927017,363.9124806851688,16.22003791679944,0.1903760318873174,16.181962710421978,16.248594321582537,16.143887504044514,21.25,21.3375,21.2,21.3,85.34,85.2,41605580798.0,487500000.0,179,224,905000.0,1730000.0,0.0,-825000.0,85.2,0.0,True,0.028169014084507,2017-11-01,YUANTA_ETF_NAV_HISTORY,0.0077105575326217,0.0053254437869822,0.0565920398009953,0.03345498783455,0.0173348103350199,0.0290732889158087,79.38144329896848,1.0412944883368962,0.0,0.0736247061373346,-0.1759145654552661,-0.003635937133474,0.0282519128899352,-0.0904522613065326,-0.0259740259740259,0.6441349473137518,1.0,-0.0534208059981256,19,1.0,0.9510565162951536,0.3090169943749474,2017-10,19,15.468052590844536,2017-10-02,0.0461538461538462,False,False,16.181962710421978,16.17244390882761,0.0005884083723755,0.1935791836138618,-0.0008946799311489,16.238771124621497,85.29840108356258,2017-09,technical_calendar,71b2c2126ea942b716c673a87e9a9f022cacdfda25e55f1073d19b0bbf396612,True,technical_calendar
2017-11-28,83.95,84.0,83.5,83.6,2007123,167971263,-0.55,1014,0.0,1.0,0.9934640522875816,357.07844348920315,15.91543626577973,0.1903760318873173,15.982067876940294,15.991586678534658,15.896398662591,20.9875,21.0,20.875,20.9,83.63,83.6,39221371409.0,469000000.0,377,201,-1339100.0,-596100.0,0.0,-743000.0,83.6,0.0,True,0.0287081339712918,2017-11-29,YUANTA_ETF_NAV_HISTORY,-0.0117439812096299,0.0017857142857145,-0.0094173042966448,0.0144665461121156,-0.005289754425367,0.0086904405154333,40.33613445378148,-0.8189068483550261,-0.0134818288393903,0.0853425869471617,-0.1324443154728474,0.0004755677089527,0.0285204991087344,-0.0806451612903226,-0.0145631067961164,-0.4352006107260645,1.0,0.0,20,0.9333333333333332,0.9510565162951536,0.3090169943749474,2017-11,22,15.80121064664734,2017-11-30,0.0114457831325303,False,False,15.80121064664734,16.02014308331776,-0.0137603128402173,0.5544756896466128,-0.0016153472871093,16.074257307846686,84.43424914624214,2017-10,technical_calendar,71b2c2126ea942b716c673a87e9a9f022cacdfda25e55f1073d19b0bbf396612,False,technical_calendar
2017-12-29,81.75,82.2,81.75,82.15,4690296,384768069,0.45,1612,0.0,1.0,1.0055079559363524,350.8850972803593,15.63939101954312,0.1903760318873173,15.563240606788192,15.648909821137485,15.563240606788192,20.4375,20.55,20.4375,20.5375,82.3,82.15,40781754222.0,495500000.0,1134,257,3428000.0,2802000.0,0.0,626000.0,82.15,0.0,True,0.0292148508825319,2018-01-02,YUANTA_ETF_NAV_HISTORY,0.0098887515451173,0.0086419753086421,-0.0066869300911854,0.0024539877300613,0.0044567388965728,-0.0186087948828318,57.01754385964892,0.5992195989271818,-0.042203985932005,0.1057493356198794,-0.2624571841423723,0.0020851220409665,0.02937576499388,-0.0814132104454685,0.048,0.2917782511141211,1.0,0.0,21,0.935483870967742,-0.9510565162951536,0.3090169943749472,2017-12,21,15.344308170117776,2017-12-27,0.0142679900744417,False,False,15.563240606788192,15.553721805193826,0.0006118079114054,0.1801502955283415,-0.0013877743755628,15.609812477892516,81.99463095822847,2017-11,technical_calendar,71b2c2126ea942b716c673a87e9a9f022cacdfda25e55f1073d19b0bbf396612,True,technical_calendar
2018-01-31,84.4,85.0,84.15,84.65,4251739,359040915,0.1,1176,0.0,1.0,1.0011827321111768,370.8612256577104,16.52975223799169,0.1952717334671198,16.48093430462491,16.59809734470518,16.432116371258132,21.1,21.25,21.0375,21.1625,84.6,84.65,41114891647.0,486000000.0,533,7,-533000.0,-1222000.0,-285000.0,974000.0,84.65,0.0,True,0.054341405788541,2018-02-01,YUANTA_ETF_NAV_HISTORY,-0.0116890707188777,-0.0178450278095303,0.0499307995692313,0.0220893817845426,0.01359342376148,0.0366331382334936,68.76350389723417,0.6693882645066395,-0.0178450278095303,0.1036664029834528,-0.1796088462883762,0.0022522522522521,0.0544056771141336,1.5165876777251186,0.2307692307692308,-0.2565310200168698,1.0,0.0156739811912225,22,1.0,0.5877852522924732,-0.8090169943749473,2018-01,22,15.639391019543115,2018-01-02,0.0538092106035454,False,False,16.48093430462491,16.510225064644978,-0.0017756737426778,0.2943256950242482,-0.0005413921310366,16.583795422784604,84.92675887253806,2017-12,technical_calendar,71b2c2126ea942b716c673a87e9a9f022cacdfda25e55f1073d19b0bbf396612,True,technical_calendar
2018-02-05,83.2,83.75,82.9,83.6,7075902,588994369,-1.3,2875,0.0,1.0,0.984687868080094,366.2610568810937,16.32471691785121,0.1952717334671197,16.246608224464364,16.354007677871277,16.188026704424228,20.8,20.9375,20.725,20.9,83.63,83.6,40684220223.0,486500000.0,933,60,-5359000.0,-3784000.0,-815000.0,-760000.0,83.6,0.0,True,0.055023923444976,2018-02-06,YUANTA_ETF_NAV_HISTORY,-0.0041055718475073,-0.0047624613843201,0.0398004134790688,0.031792471906066,0.0114339427135807,0.0395362968833532,66.43507644451111,0.6248953181914578,-0.0137793360263647,0.1046889992777674,-1.1527881354537648,-0.0035211267605633,0.0541813898704357,0.5917525773195875,,-0.5513383991131856,1.0,0.027455121436114,3,0.1785714285714285,0.0,1.0,2018-02,13,15.348358250515613,2018-02-09,0.0585241730279897,False,False,15.348358250515613,16.578570171358468,-0.0771023938821408,0.5675744017245014,-0.0118844396717059,16.46462285443663,84.31646793983616,2018-01,technical_calendar,71b2c2126ea942b716c673a87e9a9f022cacdfda25e55f1073d19b0bbf396612,False,technical_calendar
2018-03-02,80.85,81.2,80.45,81.15,6262361,505982082,-0.6,2846,0.0,1.0,0.9926605504587156,355.5273297356551,15.846301170856773,0.1952717334671198,15.787719650816634,15.856064757530127,15.709610957429788,20.2125,20.3,20.1125,20.2875,81.1,81.15,41724621937.0,514500000.0,1337,206,-2388000.0,-2827000.0,0.0,439000.0,81.15,0.0,True,0.0357362908194701,2018-03-05,YUANTA_ETF_NAV_HISTORY,-0.0072859744990892,0.0030674846625766,-0.0503705620748565,-0.0035379754154469,-0.0119219493321544,0.0036318642260979,39.49275362318837,-0.4590709771484055,-0.0503705620748565,0.2271233759391577,-0.5050949897047446,-0.0002445884798825,0.0354740061162079,-0.1958285052143684,0.3103448275862068,-0.3367693164710811,1.0,0.0,2,0.064516129032258,-0.9510565162951536,0.3090169943749472,2018-03,23,15.787719650816634,2018-03-02,0.0,True,True,15.787719650816634,15.96346421093704,-0.0110702237542468,0.664294205497346,-0.0148885590207229,15.806189546674467,80.94458560914012,2018-02,technical_calendar,71b2c2126ea942b716c673a87e9a9f022cacdfda25e55f1073d19b0bbf396612,False,technical_calendar
2018-04-23,80.25,80.45,79.9,79.95,10624780,850769704,-0.8,5274,0.0,1.0,0.990092879256966,350.26999399095024,15.61197509069622,0.1952717334671197,15.670556610736355,15.70961095742978,15.602211504022865,20.0625,20.1125,19.975,19.9875,79.78,79.95,41247636361.0,517000000.0,1505,279,-9326257.0,-5184257.0,-1050000.0,-3092000.0,79.95,0.0,True,0.0362726704190118,2018-04-24,YUANTA_ETF_NAV_HISTORY,-0.0229885057471265,-0.0212121212121213,-0.0369707811568278,-0.0215408929331528,-0.019071914480078,-0.0256301115214481,41.81818181818162,-2.410824055028165,-0.0619868243124731,0.1523631669954181,2.6321662075777392,0.0038538040775732,0.0359133126934984,0.2312925170068027,-0.1198630136986301,-0.8169475304996887,1.0,0.0,13,0.7666666666666667,0.0,1.0,2018-04,18,15.47528487726924,2018-04-25,0.0126182965299681,False,False,15.47528487726924,15.76819247746992,-0.0187505493453759,0.7875902266093308,-0.0090967232169605,15.703531053162974,80.418864391385,2018-03,technical_calendar,71b2c2126ea942b716c673a87e9a9f022cacdfda25e55f1073d19b0bbf396612,False,technical_calendar
2018-05-31,80.8,80.95,80.55,80.75,1605922,129628697,0.35,733,0.0,1.0,1.0043532338308456,353.7748844874201,15.76819247746992,0.1952717334671197,15.777956064143275,15.807246824163345,15.729138130776496,20.2,20.2375,20.1375,20.1875,80.71,80.75,48630643646.0,602500000.0,1133,313,-243000.0,247000.0,0.0,-490000.0,80.75,0.0,True,0.0359133126934984,2018-06-01,YUANTA_ETF_NAV_HISTORY,-0.0177153329260841,-0.011677934849416,0.0125944584382873,-0.0092421441774492,-0.0078667283664969,-0.016904594503714,48.44720496894407,-0.5967545512287045,-0.0535609181871691,0.126616876860083,0.1691002367444763,-0.0009940357852882,0.0360696517412935,0.0530649588289111,-0.0123076923076923,-0.2453940460217432,1.0,0.0,22,1.0,-0.587785252292473,-0.8090169943749475,2018-05,22,15.338594663842256,2018-05-04,0.0286441756842774,False,False,15.777956064143275,15.69984737075643,0.0049627893421288,0.4215726328537658,-0.000470887316129,15.770918533353427,80.76396031998647,2018-04,technical_calendar,71b2c2126ea942b716c673a87e9a9f022cacdfda25e55f1073d19b0bbf396612,True,technical_calendar
2018-06-19,81.1,81.2,80.6,80.6,4994238,403588078,-1.35,2728,0.0,1.0,0.9835265405735204,353.117717519332,15.73890171744985,0.1952717334671197,15.836537584183407,15.856064757530122,15.73890171744985,20.275,20.3,20.15,20.15,80.8,80.6,64722082878.0,801000000.0,1123,288,-4111000.0,-1031000.0,-600000.0,-2480000.0,80.6,0.0,True,0.0359801488833746,2018-06-20,YUANTA_ETF_NAV_HISTORY,0.0024464831804282,-0.0072683222289522,0.0123533045089561,-0.0220763723150357,-0.0014317482560086,0.0043302422484579,48.46625766871163,-0.1538125785653642,-0.022659511031604,0.1320057107078178,0.2018836877726174,-0.0072683222289521,0.0353874313605857,0.1307339449541285,-0.056782334384858,-0.3837268734648983,1.0,-0.0204996796925047,12,0.6333333333333333,0.9510565162951536,0.3090169943749474,2018-06,20,15.631502264042934,2018-06-28,0.0131168019987506,False,False,15.631502264042934,16.002518557630463,-0.023457865747115,0.5118939023465637,-0.010748694629614,15.910590657555108,81.47923089049736,2018-05,technical_calendar,71b2c2126ea942b716c673a87e9a9f022cacdfda25e55f1073d19b0bbf396612,False,technical_calendar
2018-07-31,85.35,85.7,85.05,85.55,2739663,234041326,0.0,1056,0.0,1.0,1.0,377.9072784328429,16.843803690586114,0.1968884125141568,16.804426008083283,16.87333695246324,16.745359484329036,21.3375,21.425,21.2625,21.3875,85.87,85.55,71832065524.0,836500000.0,478,47,1518000.0,631000.0,-265000.0,1152000.0,85.55,0.0,True,0.0338983050847457,2018-08-01,YUANTA_ETF_NAV_HISTORY,-0.0017502917152859,0.011827321111768,0.0642600755678994,0.0925684499655254,0.0344738506930113,0.0501534198710824,76.40690865550224,1.6005548617241814,-0.0017502917152859,0.108000708215698,-0.9398521957987812,-0.0027975288495163,0.0420806545879602,-0.1404805914972273,2.0,0.6342662386508214,1.0,0.0449718925671456,22,1.0,0.9510565162951536,0.3090169943749474,2018-07,22,15.836537584183406,2018-07-06,0.0611174266315981,False,False,16.804426008083283,16.843803690586114,-0.0023405510977528,0.1479922726111748,-0.0007135795089704,16.91594752771985,85.91641992391781,2018-06,technical_calendar,71b2c2126ea942b716c673a87e9a9f022cacdfda25e55f1073d19b0bbf396612,True,technical_calendar
2018-08-31,87.0,87.0,86.45,86.95,4245610,368332289,-0.6,2097,0.0,1.0,0.993146773272416,384.0916172967351,17.119447468105935,0.1968884125141568,17.129291888731643,17.129291888731643,17.021003261848858,21.75,21.75,21.6125,21.7375,87.33,86.95,63796139057.0,730500000.0,463,148,154000.0,103000.0,0.0,51000.0,86.95,0.0,True,0.0333525014376078,2018-09-03,YUANTA_ETF_NAV_HISTORY,0.0034383954154726,0.029394473838918,0.0318208603417793,0.0597219372669231,0.0275520084504559,0.0526858182289129,61.93548387096765,2.1258766929713264,0.0,0.1155527715978145,1.769328855495298,-0.0045480386583286,0.0331239291833238,-0.4877479579929988,1.5517241379310347,0.4259070764551715,1.0,-0.0311671087533156,23,1.0,-0.9510565162951536,0.3090169943749472,2018-08,23,16.39096034180356,2018-08-16,0.0450450450450448,False,False,17.129291888731643,17.23758051561443,-0.0063019400772771,0.1049947954737756,-0.0008652239461328,17.308785961444666,87.9116538166009,2018-07,technical_calendar,71b2c2126ea942b716c673a87e9a9f022cacdfda25e55f1073d19b0bbf396612,True,technical_calendar
2018-09-28,87.35,87.65,86.6,86.9,13202371,1151404227,-0.45,4328,0.0,1.0,0.994848311390956,383.8707480515961,17.109603047480228,0.1968884125141568,17.198202833111598,17.257269356865844,17.050536523725977,21.8375,21.9125,21.65,21.725,87.38,86.9,50416485239.0,577000000.0,885,217,9003000.0,6660000.0,-70000.0,2413000.0,86.9,0.0,True,0.0333716915995397,2018-10-01,YUANTA_ETF_NAV_HISTORY,0.0051783659378594,0.0139291932675564,0.0011461318051573,0.0819801173142391,0.0109953703703704,0.0288947186506354,56.02836879432627,1.3875638123349832,-0.0022844089091947,0.1076784200154284,2.6995451197695317,-0.0033089913281607,0.0331997710360618,-0.4935064935064935,-0.2321428571428571,0.8344953222362733,1.0,-0.0881889763779527,19,0.9333333333333332,-0.9510565162951536,0.3090169943749472,2018-09,19,16.853648111211818,2018-09-18,0.0204439252336452,False,False,17.198202833111598,17.198202833111594,2.2204460492503126e-16,0.1880601995913345,-0.0016499606054162,17.255699122383966,87.6420247491367,2018-08,technical_calendar,71b2c2126ea942b716c673a87e9a9f022cacdfda25e55f1073d19b0bbf396612,True,technical_calendar
2018-10-11,80.15,80.15,77.35,77.4,68551624,5389808235,-5.85,29625,0.0,1.0,0.9297297297297298,341.9055914751845,15.239163128595736,0.1968884125141567,15.780606263009664,15.780606263009664,15.229318707970023,20.0375,20.0375,19.3375,19.35,77.71,77.4,48957313753.0,630000000.0,3880,508,-50235000.0,-48003000.0,250000.0,-2482000.0,77.4,0.0,True,0.0374677002583979,2018-10-12,YUANTA_ETF_NAV_HISTORY,0.0030120481927713,-0.0325392213829167,-0.0319767441860464,0.0113161100938348,-0.0291545189504371,-0.0249779704937878,37.125748502994085,-1.9666149235190655,-0.0491147915476868,0.1345625366397522,0.6383486541875532,0.0020462205103515,0.0348348348348348,3.1613351877607787,-0.3259911894273127,-0.7882266420215347,1.0,0.0130095403295751,8,0.3548387096774194,-0.587785252292473,-0.8090169943749475,2018-10,22,14.865075144818835,2018-10-25,0.0615894039735098,False,False,14.865075144818835,16.390960341803556,-0.0977154726055745,0.7450501959757279,-0.0152258527816819,16.224000738425485,82.40200899206775,2018-09,technical_calendar,71b2c2126ea942b716c673a87e9a9f022cacdfda25e55f1073d19b0bbf396612,False,technical_calendar
2018-11-21,75.3,76.05,74.85,76.0,15125043,1143349727,0.0,3739,0.0,1.0,1.0,335.7212526112924,14.963519351075922,0.1968884125141568,14.825697462316011,14.97336377170163,14.73709767668464,18.825,19.0125,18.7125,19.0,75.77,76.0,63725652692.0,841000000.0,2995,1269,-7956970.0,-1502970.0,-1100000.0,-5354000.0,76.0,0.0,True,0.0381578947368421,2018-11-22,YUANTA_ETF_NAV_HISTORY,-0.0091264667535851,-0.0142671854734107,-0.0225080385852087,-0.1037735849056601,-0.0165631469979292,-0.0739706554297605,38.68613138686155,-1.2143206931209494,-0.1319246145059962,0.1506289744056255,-0.275811174109389,0.0027708140915687,0.0381578947368421,0.0593250444049733,-0.0604515659140567,-0.7750614107184327,1.0,0.0151515151515151,15,0.7,0.5877852522924732,-0.8090169943749473,2018-11,22,14.825697462316011,2018-11-21,0.0,True,True,14.825697462316011,14.963519351075922,-0.0092532054804832,0.5778584020463343,-0.0108264961072904,14.876402623801004,75.55753248166064,2018-10,technical_calendar,71b2c2126ea942b716c673a87e9a9f022cacdfda25e55f1073d19b0bbf396612,False,technical_calendar
2018-12-28,75.1,75.5,74.85,75.5,4629875,348222242,0.45,2008,0.0,1.0,1.0059960026648902,333.51256015990225,14.86507514481884,0.1968884125141568,14.786319779813178,14.865075144818842,14.737097676684638,18.775,18.875,18.7125,18.875,75.69,75.5,70887469451.0,936500000.0,3130,1403,1456600.0,88600.0,0.0,1368000.0,75.5,0.0,True,0.03841059602649,2019-01-02,YUANTA_ETF_NAV_HISTORY,0.0203942895989122,-0.0019946808510641,-0.0221498371335504,-0.1160188457008244,-0.0065523859951024,-0.0267571539725079,53.40909090909084,-0.3964474452193396,-0.1006590772917914,0.1995909428679323,0.2575881671210223,0.0029399973272752,0.0386409060626249,0.0139293812763201,0.063975628332064,0.0239824638892838,1.0,0.026893523600439,21,0.9032258064516128,-0.9510565162951536,0.3090169943749472,2018-12,21,14.569742526047609,2018-12-26,0.0148648648648646,False,False,14.786319779813178,14.776475359187469,0.0006660006906181,0.1788393731214869,-0.0015035222668076,14.8280466692531,75.31193166681113,2018-11,technical_calendar,71b2c2126ea942b716c673a87e9a9f022cacdfda25e55f1073d19b0bbf396612,True,technical_calendar
2019-01-30,74.5,74.65,74.2,74.35,5255229,390864071,-0.15,1833,0.0,1.0,0.997986577181208,338.633714115897,15.093331431021523,0.2030037852188503,15.123781998804352,15.15423256658718,15.062880863238698,18.625,18.6625,18.55,18.5875,74.35,74.35,71817941147.0,966000000.0,2379,253,-2286000.0,-80000.0,-20000.0,-2186000.0,74.35,0.0,True,0.0403496973772696,2019-02-11,YUANTA_ETF_NAV_HISTORY,-0.0086493679308052,0.0060769750168803,0.0174036694376,-0.0183517310857659,0.0194176747408254,0.011593864972184,65.70244552510948,1.0919273279566653,-0.0258214706082582,0.1670634926759348,-1.1232502266687303,0.0005372011818427,0.0402684563758389,-0.092065868263473,2.816901408450704,-0.328296140766869,1.0,0.0052110474205315,21,0.967741935483871,0.5877852522924732,-0.8090169943749473,2019-01,21,14.333476431030617,2019-01-04,0.0551370472876209,False,False,15.123781998804352,15.123781998804354,-1.1102230246251563e-16,0.2010184120913964,-0.00063432571476,15.18976259519124,74.82502150792786,2018-12,technical_calendar,71b2c2126ea942b716c673a87e9a9f022cacdfda25e55f1073d19b0bbf396612,True,technical_calendar
2019-02-27,77.7,77.7,77.35,77.65,12907489,1000792293,-0.05,3460,0.0,1.0,0.9993564993564994,353.6638587908462,15.763243922243737,0.2030037852188504,15.77339411150468,15.77339411150468,15.70234278667808,19.425,19.425,19.3375,19.4125,77.91,77.65,73739561199.0,946500000.0,1680,591,8949000.0,9697000.0,0.0,-748000.0,77.65,0.0,True,0.0386349001931745,2019-03-04,YUANTA_ETF_NAV_HISTORY,0.0025806451612904,0.0291390728476823,0.0548172395659922,0.0597006527121315,0.0302679453937904,0.051806346480451,71.42857142857127,1.988274395151378,0.0,0.0964627222211064,0.9059774895815964,-0.0034628703347441,0.0386100386100386,-0.185533114138093,0.4948717948717949,0.7840319445620844,1.0,-0.025231719876416,13,0.9642857142857144,0.5877852522924732,-0.8090169943749473,2019-02,13,15.286185026979435,2019-02-15,0.0318725099601595,False,False,15.77339411150468,15.77339411150468,0.0,0.1606266776540712,-0.0010149672597206,15.836179718480658,78.00928293730234,2019-01,technical_calendar,71b2c2126ea942b716c673a87e9a9f022cacdfda25e55f1073d19b0bbf396612,True,technical_calendar
2019-03-29,78.7,79.15,78.25,79.15,5680484,448318722,0.65,1629,0.0,1.0,1.0082802547770702,360.4957427340049,16.06774960007202,0.2030037852188505,15.976397896723537,16.06774960007202,15.885046193375052,19.675,19.7875,19.5625,19.7875,79.59,79.15,68844354732.0,865000000.0,1442,547,2554350.0,919350.0,0.0,1635000.0,79.15,0.0,True,0.0379027163613392,2019-04-01,YUANTA_ETF_NAV_HISTORY,0.0,-0.0082122552116233,0.0102960102960105,0.0784572607683107,0.0106862366422044,0.0444441506167592,72.32142857142881,0.8772882523350437,-0.0107120352867043,0.1035174829887603,-1.3376497951504074,-0.0025412960609911,0.0382165605095541,0.1088625261688764,0.1308793456032719,0.3700849555780938,1.0,-0.006318207926479,20,0.935483870967742,-0.9510565162951536,0.3090169943749472,2019-03,20,15.397837108849805,2019-03-11,0.0375741595253795,False,False,15.976397896723537,15.935797139679762,0.002544530634995,0.2006391743925795,-0.0014964328617275,15.991527963485094,78.77453095884516,2019-02,technical_calendar,71b2c2126ea942b716c673a87e9a9f022cacdfda25e55f1073d19b0bbf396612,True,technical_calendar
2019-04-30,82.8,82.9,82.4,82.8,3247891,268471136,0.0,1525,0.0,1.0,1.0,377.1199936623576,16.808713416120817,0.2030037852188504,16.808713416120817,16.829013794642705,16.727511902033278,20.7,20.725,20.6,20.7,82.87,82.8,66918011787.0,807500000.0,829,587,33000.0,498000.0,0.0,-465000.0,82.8,0.0,True,0.036231884057971,2019-05-02,YUANTA_ETF_NAV_HISTORY,0.0042449969678592,0.0012091898428052,0.0547770700636942,0.1240523479544939,0.0127511237501145,0.0577199385724753,65.9090909090908,0.8609181616546054,-0.0071942446043165,0.0792623624419669,-1.0061338164599312,-0.0006035003017501,0.036231884057971,-0.0672748004561003,0.0017064846416381,0.3355516852379713,1.0,-0.0006038647342995,20,1.0,0.9510565162951536,0.3090169943749474,2019-04,20,16.240302817508038,2019-04-01,0.0349999999999999,False,False,16.808713416120817,16.808713416120817,0.0,0.2334914071172538,-0.0016728923789858,16.864520843380784,83.07490830872837,2019-03,technical_calendar,71b2c2126ea942b716c673a87e9a9f022cacdfda25e55f1073d19b0bbf396612,True,technical_calendar
2019-05-23,77.85,77.85,76.85,76.95,25682577,1979998024,-1.45,13162,0.0,1.0,0.9815051020408164,350.4756462840388,15.621141272590544,0.2030037852188504,15.803844679287508,15.803844679287508,15.600840894068655,19.4625,19.4625,19.2125,19.2375,76.81,76.95,59337307507.0,772500000.0,2313,404,-19692000.0,-15651000.0,0.0,-4041000.0,76.95,0.0,True,0.0389863547758284,2019-05-24,YUANTA_ETF_NAV_HISTORY,0.0,-0.0169278996865205,-0.0559903672486452,0.0268500327439429,-0.0346610847749802,-0.0180053233129794,22.61904761904775,-1.444820407376651,-0.0638805970149254,0.1224034553802291,-0.2462368575034317,0.0024293568597366,0.0382653061224489,0.3096264367816093,0.0761421319796953,-0.7319572445174466,1.0,0.0238726790450929,16,0.7419354838709677,-0.587785252292473,-0.8090169943749475,2019-05,22,15.529789569242062,2019-05-29,0.0176470588235291,False,False,15.529789569242062,15.915496761157875,-0.0245331865238718,0.5999281365479967,-0.0083760563971155,15.86165813147718,78.13479002067548,2019-04,technical_calendar,71b2c2126ea942b716c673a87e9a9f022cacdfda25e55f1073d19b0bbf396612,False,technical_calendar
2019-06-28,81.45,81.55,80.85,80.9,3940686,319369533,-0.6,1867,0.0,1.0,0.992638036809816,368.4662740010236,16.423006224205018,0.2030037852188506,16.534658306075386,16.55495868459727,16.412856034944074,20.3625,20.3875,20.2125,20.225,81.14,80.9,138022743672.0,1701000000.0,1163,367,1081000.0,793000.0,0.0,288000.0,80.9,0.0,True,0.0370828182941903,2019-07-01,YUANTA_ETF_NAV_HISTORY,0.0143123833229621,0.0080395794681511,0.0618892508143329,0.0296904611497164,0.0261898766053894,0.0140704872307999,75.33333333333354,1.7194487233540503,-0.0268656716417903,0.1342613460155957,1.3268361941687528,-0.0002453385672227,0.0368098159509202,-0.1728571428571428,-0.0208333333333333,0.687041493280484,1.0,-0.0023460410557184,19,0.9333333333333332,-0.9510565162951536,0.3090169943749472,2019-06,19,15.773394111504684,2019-06-06,0.0482625482625489,False,False,16.534658306075386,16.544808495336326,-0.0006136851987627,0.1042771663776231,-0.0015288601805872,16.602130788224123,81.78237056183954,2019-05,technical_calendar,71b2c2126ea942b716c673a87e9a9f022cacdfda25e55f1073d19b0bbf396612,True,technical_calendar
2019-07-31,83.15,83.15,82.45,82.8,3119262,258060696,-0.4,1492,0.0,1.0,0.9951923076923076,380.30052372938974,16.950473649750762,0.2047158653351541,17.02212420261807,17.02212420261807,16.878823096883462,20.7875,20.7875,20.6125,20.7,83.25,82.8,125832107633.0,1511500000.0,627,30,104000.0,247000.0,-20000.0,-123000.0,82.8,0.0,True,0.036231884057971,2019-08-01,YUANTA_ETF_NAV_HISTORY,-0.0029958058717796,-0.0047846889952154,0.0176068738264152,0.0194615643619442,0.0101168119450072,0.0397754218632215,67.30755091537394,0.8420445300377137,-0.0071599045346062,0.0890183304321759,-1.3044622960835233,-0.001320369703517,0.0360576923076923,0.0542763157894736,0.3636363636363635,0.1339173859326266,1.0,-0.0082020997375328,23,1.0,0.5877852522924732,-0.8090169943749473,2019-07,23,16.59555944164104,2019-07-09,0.025703548137504,False,False,17.02212420261807,17.03235999588483,-0.0006011421882262,0.2290889563277002,-0.0005348272717464,17.10836932609649,83.57129183948312,2019-06,technical_calendar,71b2c2126ea942b716c673a87e9a9f022cacdfda25e55f1073d19b0bbf396612,True,technical_calendar
2019-08-01,82.2,82.55,82.1,82.3,5042943,414858242,-0.5,2632,0.0,1.0,0.9939613526570048,378.0040229822316,16.84811571708319,0.2047158653351541,16.827644130549675,16.899294683416976,16.807172544016158,20.55,20.6375,20.525,20.575,82.45,82.3,123844219681.0,1502000000.0,639,24,-1133100.0,-327100.0,-5000.0,-801000.0,82.3,0.0,True,0.0364520048602673,2019-08-02,YUANTA_ETF_NAV_HISTORY,-0.0048076923076924,-0.0089766606822263,0.0245191810185525,0.0041889747806624,0.0040526923531194,0.0347020621563609,56.94215089276498,0.3605922797233588,-0.0119331742243438,0.0797743044006459,-0.8471283259456741,-0.0054054054054054,0.036231884057971,0.0346534653465346,0.3636363636363635,0.0333412198141739,1.0,-0.0082020997375328,1,0.032258064516129,-0.587785252292473,-0.8090169943749475,2019-08,21,16.100902808609877,2019-08-06,0.0451366815003178,False,False,16.100902808609877,16.950473649750762,-0.0514204318869268,0.6680372846115339,-0.0120941514386164,16.830440265832323,82.21365861545748,2019-07,technical_calendar,71b2c2126ea942b716c673a87e9a9f022cacdfda25e55f1073d19b0bbf396612,False,technical_calendar
2019-09-27,84.9,85.2,84.5,84.6,8884695,752473986,0.3,1964,0.0,1.0,1.0035587188612098,388.567926419159,17.318962207354037,0.2047158653351541,17.380376966954586,17.44179172655513,17.298490620820523,21.225,21.3,21.125,21.15,84.81,84.6,66237875267.0,781000000.0,539,186,862000.0,1224000.0,0.0,-362000.0,84.6,0.0,True,0.0354609929078014,2019-10-01,YUANTA_ETF_NAV_HISTORY,0.0023781212841855,-0.0017761989342806,0.0485074626865671,0.0310608108601777,0.0101857399640503,0.0263727410483889,63.265306122448976,0.6860641654287708,-0.007651559741024,0.0988912801956816,-0.692960129747027,-0.0047225501770956,0.0355871886120996,-0.0337477797513321,0.0055555555555555,-0.0379233628513132,1.0,-0.337855023314964,19,0.9,-0.9510565162951536,0.3090169943749472,2019-09,19,16.674107231548305,2019-09-04,0.0423572744014733,False,False,17.380376966954586,17.257547447753492,0.0070922283094918,0.2476928600460697,-0.0016265298205665,17.31564784984583,84.58380996263881,2019-08,technical_calendar,71b2c2126ea942b716c673a87e9a9f022cacdfda25e55f1073d19b0bbf396612,True,technical_calendar
2019-10-31,89.9,90.6,89.9,90.1,9458164,854001219,0.25,2116,0.0,1.0,1.0027824151363385,413.82943463789854,18.44489946669738,0.204715865335154,18.40395629363035,18.547257399364955,18.40395629363035,22.475,22.65,22.475,22.525,90.04,90.1,63118612944.0,701000000.0,546,159,1118000.0,4811000.0,0.0,-3693000.0,90.1,0.0,True,0.0332963374028856,2019-11-01,YUANTA_ETF_NAV_HISTORY,0.0044717719396312,0.0158281514980211,0.0620567375886524,0.0851449275362314,0.0269451667285767,0.0712688902798888,78.6324786324784,1.5576014286914872,0.0,0.1143730937643291,0.0374877517996573,-0.0027746947835738,0.0333889816360601,0.3818770226537216,0.0810810810810811,0.300412126434967,1.0,-0.0028449502133712,21,1.0,-0.587785252292473,-0.8090169943749475,2019-10,21,17.278019034287006,2019-10-03,0.0651658767772511,False,False,18.40395629363035,18.393720500363592,0.0005563282480066,0.1055098600250051,-0.0013694914656298,18.460390436510565,90.17567058756208,2019-09,technical_calendar,71b2c2126ea942b716c673a87e9a9f022cacdfda25e55f1073d19b0bbf396612,True,technical_calendar
2019-11-29,92.85,92.85,91.45,91.5,5344208,490829372,-1.45,2592,0.0,1.0,0.984400215169446,420.2596367299413,18.73150167816659,0.204715865335154,19.007868096369048,19.007868096369048,18.72126588489984,23.2125,23.2125,22.8625,22.875,91.63,91.5,67351664579.0,735000000.0,319,170,-3173000.0,-3756000.0,44000.0,539000.0,91.5,0.0,True,0.0327868852459016,2019-12-02,YUANTA_ETF_NAV_HISTORY,-0.0026824034334763,0.004864864864865,0.0316315205327413,0.1356139279169206,0.0055986801179237,0.0562900109852642,52.81690140845059,0.6196077565145858,-0.0069444444444446,0.1264333153137485,-1.145773313614261,0.0011848341232227,0.0322754168908015,-0.086092715231788,-0.0282485875706214,0.2322727541545922,1.0,0.0636758321273516,21,0.9666666666666668,-0.9510565162951536,0.3090169943749472,2019-11,21,18.424427880163865,2019-11-01,0.0316666666666662,False,False,19.007868096369048,19.028339682902565,-0.0010764263687382,0.2334841475265406,-0.0014639470954548,19.095506098457204,93.2780957997304,2019-10,technical_calendar,71b2c2126ea942b716c673a87e9a9f022cacdfda25e55f1073d19b0bbf396612,True,technical_calendar
2019-12-31,97.1,97.2,96.95,96.95,4303947,417657710,-0.85,1852,0.0,1.0,0.9913087934560328,445.2914948739653,19.84720314424319,0.204715865335154,19.877910524043457,19.89838211057697,19.84720314424319,24.275,24.3,24.2375,24.2375,96.81,96.95,66509509165.0,687000000.0,360,171,-2420000.0,-603000.0,87000.0,-1904000.0,96.95,0.0,True,0.0309437854564208,2020-01-02,YUANTA_ETF_NAV_HISTORY,-0.0020408163265307,0.0066906845084919,0.0624660510592069,0.1533018867924527,0.0211433046202034,0.0608813559322032,80.76923076923045,0.908942652015052,-0.0040733197556009,0.1175419804334996,-0.2064612653254785,0.0027683789603198,0.0306748466257668,0.1092715231788079,0.0429447852760735,-0.3160481744076168,1.0,-0.0446927374301675,22,1.0,0.9510565162951536,0.3090169943749474,2019-12,22,18.772444851233622,2019-12-03,0.058887677208288,False,False,19.877910524043457,20.021211629778065,-0.0071832017434924,0.170527906269839,-0.0012872071917381,20.09543404547105,98.16256308504217,2019-11,technical_calendar,71b2c2126ea942b716c673a87e9a9f022cacdfda25e55f1073d19b0bbf396612,True,technical_calendar
2020-01-08,95.2,96.2,95.05,95.65,8516995,813733739,-0.45,5033,0.0,1.0,0.9953173777315296,439.32059293135416,19.581072519307494,0.2047158653351541,19.488950379906672,19.69366624524183,19.4582430001064,23.8,24.05,23.7625,23.9125,95.43,95.65,63033642047.0,660500000.0,441,169,-6030475.0,-2216000.0,18000.0,-3832475.0,95.65,0.0,True,0.0313643491897543,2020-01-09,YUANTA_ETF_NAV_HISTORY,-0.0031120331950208,-0.0173824130879343,0.0261612386545653,0.0976584808680753,-0.007692704837627,0.0323065767919008,31.858407079646117,-0.5664989750801875,-0.0213849287169042,0.1289740032687515,0.9267131916050376,0.001667708984782,0.0312174817898022,0.2238805970149253,-0.0352941176470588,-0.5423788697725027,1.0,-0.0211988304093567,5,0.2580645161290322,0.5877852522924732,-0.8090169943749473,2020-01,15,19.155789248869983,2020-01-31,0.0173921902516411,False,False,19.155789248869983,19.673194658708308,-0.026652051373214,0.7434332974907917,-0.0114455619505555,19.546554129194966,95.48138390346048,2019-12,technical_calendar,71b2c2126ea942b716c673a87e9a9f022cacdfda25e55f1073d19b0bbf396612,False,technical_calendar
2020-02-03,88.5,89.15,87.6,89.05,15823593,1401640343,-0.9,7843,0.0,1.0,0.989994441356309,422.1932163195581,18.81768375743929,0.2113159321441807,18.70145999476,18.838815350653714,18.511275655830232,22.125,22.2875,21.9,22.2625,88.83,89.05,61160104302.0,688500000.0,949,37,-7815000.0,-6458000.0,0.0,-1357000.0,89.05,0.0,True,0.0404267265581134,2020-02-04,YUANTA_ETF_NAV_HISTORY,0.0075963103635374,-0.0486680327868854,-0.0447530864197533,0.0380100614868641,-0.0411277205483699,-0.0181183686418273,31.39534883720907,-2.5039897154139408,-0.0583164300202841,0.223930349832206,1.9965112644558167,0.0012243989314335,0.0400222345747637,1.0465631929046562,-0.7894736842105263,-0.8243929275292077,1.0,0.026946107784431,1,0.1034482758620689,0.0,1.0,2020-02,19,18.70145999476,2020-02-03,0.0,True,True,18.70145999476,19.00786809636905,-0.0162514083826578,0.860017579628964,-0.0137858105049187,18.84136530211701,89.1620670099856,2020-01,technical_calendar,71b2c2126ea942b716c673a87e9a9f022cacdfda25e55f1073d19b0bbf396612,False,technical_calendar
2020-03-02,87.5,88.25,86.85,87.35,27894641,2437814508,-1.3,12628,0.0,1.0,0.985335589396503,414.13337951166096,18.45844667279419,0.2113159321441807,18.490144062615816,18.64863101172396,18.35278870672209,21.875,22.0625,21.7125,21.8375,87.24,87.35,67522634876.0,774000000.0,1828,228,-16804101.0,-15948100.0,200000.0,-1056001.0,87.35,0.0,True,0.0412135088723526,2020-03-03,YUANTA_ETF_NAV_HISTORY,-0.0089435438792619,-0.0332606324972734,-0.0069659487078639,-0.0117917081363889,-0.0269202272165962,-0.0388046763253785,35.91160220994492,-2.01773701844013,-0.0719260869516192,0.1502419597644512,2.622146594729777,0.0022611644997174,0.0406091370558375,0.5957446808510638,0.0451977401129943,-0.7843061263556861,1.0,0.0443383356070941,1,0.064516129032258,0.0,1.0,2020-03,22,15.003431182236833,2020-03-19,0.2323943661971832,False,False,15.003431182236833,18.733157384581627,-0.2220161554789017,0.8891196256544525,-0.0142899189994143,18.559702505237052,87.82916799938106,2020-02,technical_calendar,71b2c2126ea942b716c673a87e9a9f022cacdfda25e55f1073d19b0bbf396612,False,technical_calendar
2020-04-30,84.45,85.5,84.4,85.5,18785156,1597420751,1.8,8305,0.0,1.0,1.021505376344086,405.36238063247856,18.06751219832745,0.2113159321441807,17.84563046957606,18.06751219832745,17.83506467296885,21.1125,21.375,21.1,21.375,85.48,85.5,87321314609.0,1021500000.0,1637,982,8149000.0,8119000.0,0.0,30000.0,85.5,0.0,True,0.0421052631578947,2020-05-04,YUANTA_ETF_NAV_HISTORY,0.0139309509388252,0.0384615384615385,0.1034937376400793,-0.0694830461367425,0.0426333655133752,0.0001991635132443,69.26406926406912,1.5680632008994877,-0.099515868746638,0.2108333823262336,-0.2279284311191446,-0.0002388915432393,0.043010752688172,-0.2265987025023169,-0.0085146641438031,0.4450240730249479,1.0,0.0,20,1.0,-0.587785252292473,-0.8090169943749475,2020-04,20,16.165668809029825,2020-04-01,0.103921568627451,False,False,17.84563046957606,17.687143520467927,0.0089206657583793,0.0595862256627688,-0.0006385785379276,17.76423175818377,84.06480087863534,2020-03,technical_calendar,71b2c2126ea942b716c673a87e9a9f022cacdfda25e55f1073d19b0bbf396612,True,technical_calendar
2020-05-29,83.4,84.45,83.0,84.45,5320690,444529073,0.6,2851,0.0,1.0,1.007155635062612,400.3842461334833,17.845630469576065,0.2113159321441807,17.623748740824677,17.845630469576065,17.539222367967003,20.85,21.1125,20.75,21.1125,83.82,84.45,86380791148.0,1030500000.0,1436,966,-750000.0,-709000.0,46000.0,-87000.0,84.45,0.0,True,0.0426287744227353,2020-06-01,YUANTA_ETF_NAV_HISTORY,-0.0059276822762299,-0.0076923076923078,0.0017921146953405,-0.040068689181454,-0.0009531752651017,0.0309109351146992,47.34042553191499,-0.1239082102691167,-0.0703991130820397,0.1797292991446011,-0.3339054081014366,0.0,0.0429338103756708,-0.1985294117647058,0.0052029136316336,-0.0771709271839472,1.0,0.0038967364831952,20,0.935483870967742,-0.9510565162951536,0.3090169943749472,2020-05,20,17.41243280868049,2020-05-04,0.0121359223300976,False,False,17.623748740824677,17.718840910289554,-0.0053811789045164,0.3100823121445034,-0.0013111660276107,17.78410191107437,84.1588314265878,2020-04,technical_calendar,71b2c2126ea942b716c673a87e9a9f022cacdfda25e55f1073d19b0bbf396612,True,technical_calendar
2020-06-30,89.55,89.95,89.4,89.9,8035137,720381822,0.8,2697,0.0,1.0,1.0089786756453425,426.2231347235066,18.99730229976184,0.2113159321441806,18.923341723511378,19.00786809636905,18.89164433368975,22.3875,22.4875,22.35,22.475,89.88,89.9,119629032327.0,1331000000.0,1087,818,1364003.0,2713003.0,0.0,-1349000.0,89.9,0.0,True,0.0400444938820912,2020-07-01,YUANTA_ETF_NAV_HISTORY,-0.01,0.0022497187851515,0.0626118067978527,0.1746868820039546,0.0099178237461032,0.0588969328434327,53.846153846153626,0.5278968639393603,-0.0149253731343289,0.1507330154487569,-0.2903875853476568,-0.002351360429963,0.0404040404040404,-0.0841194968553459,0.0198135198135198,-0.31788122379473,1.0,-0.1042944785276073,20,1.0,0.9510565162951536,0.3090169943749474,2020-06,20,17.845630469576065,2020-06-01,0.0603907637655412,False,False,18.923341723511378,18.82824955404649,0.0050377940299575,0.291428928602684,-0.0008231762040511,18.906820749312484,89.471818605766,2020-05,technical_calendar,71b2c2126ea942b716c673a87e9a9f022cacdfda25e55f1073d19b0bbf396612,True,technical_calendar
2020-07-31,103.9,104.3,103.45,103.8,5314021,551884860,-0.25,3221,0.0,1.0,0.9975973089860644,495.6143955514482,22.090158251293385,0.2128146266983948,22.111439713963225,22.196565564642583,22.015673131948947,25.975,26.075,25.8625,25.95,103.68,103.8,118509124965.0,1143000000.0,602,137,20000.0,255000.0,-68000.0,-167000.0,103.8,0.0,True,0.0346820809248554,2020-08-03,YUANTA_ETF_NAV_HISTORY,0.0146270112140418,0.0526049570055642,0.1452234236329117,0.2564501590217194,0.0688371690945024,0.1591834461094168,83.00279361854416,1.896543504275641,0.0,0.2079945211856829,-1.2288333686900952,-0.0052581261950286,0.0345987506006727,-0.1390134529147981,1.1323529411764706,0.417028321328782,1.0,-0.0056546324488908,23,1.0,-0.9510565162951536,0.3090169943749472,2020-07,23,19.00786809636905,2020-07-01,0.1632782593954884,False,False,22.111439713963225,22.14336190796799,-0.0014426547344619,0.0301207012407582,-0.0043688400376653,22.157066277625585,104.11439580714078,2020-06,technical_calendar,71b2c2126ea942b716c673a87e9a9f022cacdfda25e55f1073d19b0bbf396612,True,technical_calendar
2020-08-31,104.1,104.25,101.8,101.8,5759933,593120338,-1.7,3452,0.0,1.0,0.9835748792270532,486.06498523253794,21.6645289978966,0.2128146266983949,22.15400263930291,22.18592483330767,21.6645289978966,26.025,26.0625,25.45,25.45,101.95,101.8,105165629772.0,1031500000.0,764,176,-2726000.0,-371000.0,25000.0,-2380000.0,101.8,0.0,True,0.0353634577603143,2020-09-01,YUANTA_ETF_NAV_HISTORY,-0.0100430416068867,0.0068093385214009,-0.0028901734104043,0.2008530248063542,-0.0046402038804604,0.0682144482115512,42.857142857143074,-0.399892872386325,-0.0198863636363635,0.2028303857000602,-0.5955826485842209,-0.0006758713913295,0.0347826086956521,-0.0708556149732619,0.3129251700680271,-0.3648839508557869,1.0,0.0,21,1.0,0.0,1.0,2020-08,21,21.73901411724104,2020-08-21,0.0190895741556533,False,False,22.15400263930291,22.02631386328387,0.0057803629154995,0.318338665349926,-0.0008283727845977,22.118115796590157,103.9313704125064,2020-07,technical_calendar,71b2c2126ea942b716c673a87e9a9f022cacdfda25e55f1073d19b0bbf396612,True,technical_calendar
2020-09-04,102.0,102.7,101.9,102.55,5916012,604970586,-0.75,3361,0.0,1.0,0.9927395934172314,489.6460141021293,21.824139967920395,0.2128146266983948,21.70709192323628,21.85606216192516,21.68581046056644,25.5,25.675,25.475,25.6375,102.37,102.55,105592101358.0,1031500000.0,796,186,-2802024.0,-215024.0,121000.0,-2708000.0,102.55,0.0,True,0.0351048269137006,2020-09-07,YUANTA_ETF_NAV_HISTORY,0.0029126213592232,-0.0119560019129604,-0.0199240986717265,0.161078394123608,-0.0048648909012088,0.0554566361933741,46.000000000000114,-0.4224906051367813,-0.0217803030303029,0.1976817258945233,-0.1702595180641672,-0.0028957528957528,0.0348499515972894,0.0471976401179941,0.1071428571428572,0.5482338564430541,1.0,-0.0009685230024213,4,0.1333333333333333,-0.9510565162951536,0.3090169943749472,2020-09,22,21.44107363986328,2020-09-25,0.012406947890819,False,False,21.44107363986328,21.98375093794419,-0.0249951752988006,0.5926277246332029,-0.012417180131321,21.821024859468466,102.53536233857488,2020-08,technical_calendar,71b2c2126ea942b716c673a87e9a9f022cacdfda25e55f1073d19b0bbf396612,False,technical_calendar
2020-10-30,103.55,103.6,102.7,103.0,6564423,677255468,-0.85,7141,0.0,1.0,0.9918151179585942,491.7946314238844,21.919906549934684,0.212814626698395,22.0369545946188,22.04759532595372,21.856062161925166,25.8875,25.9,25.675,25.75,102.84,103.0,96725513064.0,940500000.0,609,165,-5216484.0,-2008480.0,0.0,-3208004.0,103.0,0.0,True,0.0349514563106796,2020-11-02,YUANTA_ETF_NAV_HISTORY,-0.010952380952381,-0.0212064090480679,0.0151515151515153,0.0181372549019609,-0.0141680708166218,-0.0035661170901761,33.56643356643353,-1.124672780694738,-0.0303454715219422,0.1072180479756517,0.7578760044672772,0.0006745037579494,0.0346653827636013,0.1292372881355932,-0.0674157303370787,-0.7549881509124485,1.0,0.0,19,0.967741935483871,-0.9510565162951536,0.3090169943749472,2020-10,19,22.015673131948954,2020-10-05,0.0009666505558243,False,True,22.0369545946188,22.10079898262832,-0.0028929624805282,0.5602923269436353,-0.0005418743308866,22.199270502941364,104.3127103025799,2020-09,technical_calendar,71b2c2126ea942b716c673a87e9a9f022cacdfda25e55f1073d19b0bbf396612,False,technical_calendar
2020-11-30,114.8,115.15,113.3,113.3,9569902,1092174851,-1.35,7844,0.0,1.0,0.9882250327082424,540.9740945662722,24.111897204928127,0.2128146266983947,24.43111914497572,24.50560426432016,24.111897204928127,28.7,28.7875,28.325,28.325,112.7,113.3,111629025704.0,990500000.0,787,215,-5703598.0,-5664998.0,101000.0,-139600.0,113.3,0.0,True,0.0317740511915269,2020-12-01,YUANTA_ETF_NAV_HISTORY,-0.0017414018284719,0.0057017543859649,0.1131067961165035,0.1093372036768256,0.0368059323566647,0.0773519600319487,75.88932806324097,1.0332861748694613,-0.0069294066695539,0.1508568005415634,-0.3535005811716861,0.0018350227193288,0.03139991277802,-0.065190651906519,-0.1762452107279694,-0.3263463813348568,1.0,0.0393494228751312,21,1.0,0.0,1.0,2020-11,21,21.95182874393944,2020-11-02,0.1129423170140562,False,False,24.43111914497572,24.39919695097096,0.0013074745815525,0.1558662706779386,-0.0009191475413732,24.498664696501294,115.11739149030066,2020-10,technical_calendar,71b2c2126ea942b716c673a87e9a9f022cacdfda25e55f1073d19b0bbf396612,True,technical_calendar
2020-12-31,122.15,122.4,121.7,122.25,5845572,713540097,0.65,3679,0.0,1.0,1.0053453947368425,583.707705743396,26.01658811387876,0.2128146266983947,25.99530665120892,26.048510307883515,25.89954006919464,30.5375,30.6,30.425,30.5625,122.58,122.25,115894731412.0,945500000.0,487,205,852930.0,2605234.0,82000.0,-1834304.0,122.25,0.0,True,0.0294478527607361,2021-01-04,YUANTA_ETF_NAV_HISTORY,0.0141784820683901,0.0292001692763435,0.0537261698440203,0.166426858513188,0.0241509275051059,0.0847054450845559,63.15789473684204,2.236028886675314,0.0,0.1424274513180032,-0.0687834925449675,-0.004013432713572,0.0296052631578947,-0.02868068833652,-0.0047619047619047,0.5807223804452675,1.0,0.0106894708711919,23,1.0,-0.587785252292473,-0.8090169943749475,2020-12,23,24.21830451827732,2020-12-01,0.0733743409490332,False,False,25.99530665120892,25.878258606524792,0.0045128281716831,0.0605924308546947,-0.0011878698993211,25.97677453667726,122.06291898109092,2020-11,technical_calendar,71b2c2126ea942b716c673a87e9a9f022cacdfda25e55f1073d19b0bbf396612,True,technical_calendar
2021-01-29,131.6,131.85,128.2,128.2,14709917,1910423184,-2.15,18761,0.0,1.0,0.983505945531262,625.7000131147521,27.8882381779131,0.2175369592660928,28.627863839417817,28.68224807923434,27.8882381779131,32.9,32.9625,32.05,32.05,127.78,128.2,115640581017.0,905000000.0,1263,106,-4787027.0,-5099966.0,146000.0,166939.0,128.2,0.0,True,0.0518720748829953,2021-02-01,YUANTA_ETF_NAV_HISTORY,-0.0202931228861331,-0.0682346027926238,0.0957438470448586,0.2552279962379147,0.000618557916266,0.0984083165100433,54.07407891146985,0.015060212959392,-0.0682346027926238,0.2470967122026198,0.3311575669409722,0.001844593036661,0.0510164940544687,0.0699831365935919,,-0.251007802824846,1.0,0.021965317919075,20,0.935483870967742,-0.9510565162951536,0.3090169943749472,2021-01,20,26.00594738254384,2021-01-04,0.1008198785572376,False,False,28.627863839417817,28.3559426403352,0.0095438785117061,0.3692220727925686,-0.0020886426000255,28.43826291300144,130.72841970828298,2020-12,technical_calendar,71b2c2126ea942b716c673a87e9a9f022cacdfda25e55f1073d19b0bbf396612,True,technical_calendar
2021-02-26,134.65,135.2,133.3,133.4,27725975,3715513046,-4.15,37326,0.0,1.0,0.9698291530352598,651.0794208229947,29.019430366096778,0.2175369592660928,29.2913515651794,29.410996892775746,28.99767667017017,33.6625,33.8,33.325,33.35,132.51,133.4,123171995326.0,929500000.0,1015,78,-21332404.0,-18388306.0,211000.0,-3155098.0,133.4,0.0,True,0.0281109445277361,2021-03-02,YUANTA_ETF_NAV_HISTORY,0.0080615610113594,-0.0199501246882792,0.0192259441009292,0.2178624425181732,0.0145504987221307,0.1034022515054893,59.29752066115692,0.5811347099776741,-0.0213447171824975,0.2820559387055581,-0.4602338609955581,-0.0030441400304412,0.0272628135223555,-0.0882917466410748,0.0098039215686274,0.1915746082816861,1.0,-0.0054945054945054,13,0.9285714285714286,-0.9510565162951536,0.3090169943749472,2021-02,13,27.88823817791309,2021-02-01,0.0503120124804994,False,False,29.2913515651794,29.922208747051062,-0.0213086681129754,0.181927175638529,-0.0021067262614239,30.008533385277477,137.94682745643613,2021-01,technical_calendar,71b2c2126ea942b716c673a87e9a9f022cacdfda25e55f1073d19b0bbf396612,True,technical_calendar
2021-03-05,130.05,132.6,129.5,131.95,14721332,1927803083,-0.8,17078,0.0,1.0,0.9939736346516008,644.0024705966578,28.70400177516094,0.2175369592660928,28.29068155255537,28.8454007986839,28.171036224959018,32.5125,33.15,32.375,32.9875,131.82,131.95,124370410990.0,943500000.0,1176,103,-4693237.0,-4760273.0,38000.0,29036.0,131.95,0.0,True,0.0284198560060629,2021-03-08,YUANTA_ETF_NAV_HISTORY,-0.0195716395864107,-0.0271161597654817,-0.0210176991150444,0.1835648279983501,-0.0160836050993181,0.0527090471950835,46.1187214611872,-0.6590647228561387,-0.0554962646744932,0.2779753821247427,1.1063192450074766,0.0043123014071719,0.0282485875706214,0.2070815450643777,-0.146551724137931,-0.6076843900927607,1.0,0.0381215469613258,4,0.1612903225806451,-0.9510565162951536,0.3090169943749472,2021-03,22,28.29068155255537,2021-03-05,0.0,True,True,28.29068155255537,28.878031342573816,-0.0205486682273875,0.6910549096775414,-0.0170465027660238,28.53188356747969,131.1587863677881,2021-02,technical_calendar,71b2c2126ea942b716c673a87e9a9f022cacdfda25e55f1073d19b0bbf396612,False,technical_calendar
2021-04-29,141.0,142.0,140.6,140.6,9026319,1276309167,0.2,5454,0.0,1.0,1.0014245014245011,686.2201391882537,30.58569647281264,0.2175369592660927,30.67271125651908,30.89024821578517,30.58569647281264,35.25,35.5,35.15,35.15,140.66,140.6,138128947944.0,982000000.0,396,157,4830053.0,3347108.0,-14000.0,1496945.0,140.6,0.0,True,0.0266714082503556,2021-05-03,YUANTA_ETF_NAV_HISTORY,-0.0060176991150442,0.0173913043478259,0.0365448504983387,0.0384620851471315,0.0154780847678288,0.0341340686145748,61.62162162162168,1.2935532413798398,-0.0060176991150442,0.1030230571232965,-1.5842413719945252,-0.0019193857965449,0.0267094017094017,-0.3670295489891135,-0.0555555555555555,-0.1667208457864845,1.0,0.0241596638655461,19,0.9666666666666668,-0.587785252292473,-0.8090169943749475,2021-04,19,29.51976537240879,2021-04-01,0.039056742815033,False,False,30.67271125651908,30.542189080959425,0.0042643987864575,0.1821799322223213,-0.0004447853782038,30.68125041944488,141.0392538488844,2021-03,technical_calendar,71b2c2126ea942b716c673a87e9a9f022cacdfda25e55f1073d19b0bbf396612,True,technical_calendar
2021-05-11,135.75,135.8,132.6,133.25,26853369,3602198584,-5.2,37645,0.0,1.0,0.9624413145539908,650.3473225237187,28.98679982220687,0.2175369592660928,29.5306422203721,29.541519068335408,28.845400798683904,33.9375,33.95,33.15,33.3125,132.94,133.25,161383730142.0,1214000000.0,644,144,-18651482.0,-13731852.0,123000.0,-5042630.0,133.25,0.0,True,0.0281425891181988,2021-05-12,YUANTA_ETF_NAV_HISTORY,-0.0068149210903873,0.0014466546112117,0.0036245016310259,0.0799531981279251,-0.0016584943755407,0.0161467889908257,46.6019417475728,-0.1575342465738947,-0.0198230088495573,0.1351025310002117,-1.156251103206032,0.0032608695652172,0.0270855904658721,0.2684729064039408,0.0127388535031847,-0.2386095150514518,1.0,0.2103377686796315,7,0.3548387096774194,0.9510565162951536,0.3090169943749474,2021-05,21,27.23562730011482,2021-05-17,0.0842651757188499,False,False,27.23562730011482,30.11799201039055,-0.1005967909509727,0.6372383131275628,-0.011098684706038,29.934497898929493,137.60649224812138,2021-04,technical_calendar,71b2c2126ea942b716c673a87e9a9f022cacdfda25e55f1073d19b0bbf396612,False,technical_calendar
2021-06-30,138.1,139.35,138.05,138.95,9756709,1355932363,1.35,8757,0.0,1.0,1.009811046511628,678.1670578962156,30.22676049002361,0.2175369592660929,30.041854074647432,30.313775273730048,30.030977226684133,34.525,34.8375,34.5125,34.7375,139.04,138.95,192435897462.0,1384000000.0,505,145,6966780.0,6254585.0,0.0,712195.0,138.95,0.0,True,0.026988125224901,2021-07-01,YUANTA_ETF_NAV_HISTORY,0.0029154518950438,0.0203930292918057,0.0036469730123998,0.0211502782931358,0.002970278987554,0.0087360254138921,54.54545454545457,0.3706738363184669,-0.0258407079646011,0.127651164338198,0.9413152283785222,-0.0036927087104483,0.0272529069767441,-0.0770519262981574,0.0458015267175573,0.4015895465047105,1.0,0.0390003786444528,21,1.0,0.5877852522924732,-0.8090169943749473,2021-06,21,29.36748950092253,2021-06-23,0.0229629629629632,False,False,30.041854074647432,29.933085595014383,0.0036271349160032,0.2061061013027759,-0.0003133069155035,30.07332736538221,138.24468019981967,2021-05,technical_calendar,71b2c2126ea942b716c673a87e9a9f022cacdfda25e55f1073d19b0bbf396612,True,technical_calendar
2021-07-27,136.5,137.05,136.05,136.4,10677894,1457154226,-0.05,12162,0.0,1.0,0.9996335654085748,667.4258673160763,29.74801208833811,0.2180939302664084,29.76982148136475,29.88977314301128,29.67167921274487,34.125,34.2625,34.0125,34.1,135.85,136.4,181694593780.0,1337500000.0,573,26,-6571504.0,-5878686.0,144000.0,-836818.0,136.4,0.0,True,0.0249266862170087,2021-07-28,YUANTA_ETF_NAV_HISTORY,-0.0087177624409737,-0.0108506152406616,-0.002920117257897,-0.0270315795717169,-0.013989104525356,0.0026149426933916,38.61240783899643,-1.566826408784583,-0.0352654449067947,0.1150394027158677,1.0690224525127237,0.0017619851699579,0.0249175522169292,0.1155462184873949,,-0.6757587961354561,1.0,0.0151860288534548,19,0.8709677419354839,0.9510565162951536,0.3090169943749474,2021-07,22,29.628060426691583,2021-07-29,0.0047846889952154,False,True,29.628060426691583,29.758916784851426,-0.0044069112819906,0.6164057161030495,-0.0025295526031879,29.83215384328381,136.78580512003668,2021-06,technical_calendar,71b2c2126ea942b716c673a87e9a9f022cacdfda25e55f1073d19b0bbf396612,False,technical_calendar
2021-08-31,139.4,140.35,138.1,140.35,16604451,2314461154,0.85,12191,0.0,1.0,1.0060931899641576,686.7538158197311,30.60948311289043,0.2180939302664085,30.402293879137343,30.60948311289043,30.11877176979101,34.85,35.0875,34.525,35.0875,141.54,140.35,191650648274.0,1354000000.0,448,146,13198881.0,9894283.0,189000.0,3115598.0,140.35,0.0,True,0.0242251514071962,2021-09-01,YUANTA_ETF_NAV_HISTORY,0.009771986970684,0.0383327130628956,0.0116026105873825,0.021227958986308,0.0226148150863174,0.01723755952613,55.5223880597015,1.3000252877788558,-0.0137012060424902,0.1559861621458934,1.6608695639829916,-0.0058437856328391,0.0243727598566308,-0.4716024340770791,0.2952380952380953,0.8542707290490998,1.0,-0.010204081632653,22,1.0,0.9510565162951536,0.3090169943749474,2021-08,22,28.8320175812192,2021-08-20,0.05446293494705,False,False,30.402293879137343,30.424103272163983,-0.0007171029349967,0.1308894820303653,-0.0005793366981365,30.55851499016736,140.11630196603446,2021-07,technical_calendar,71b2c2126ea942b716c673a87e9a9f022cacdfda25e55f1073d19b0bbf396612,True,technical_calendar
2021-09-29,136.9,136.9,135.45,136.0,31469085,4284361418,-3.0,43917,0.0,1.0,0.9784172661870504,665.4686067081112,29.660774516231545,0.2180939302664084,29.85705905347132,29.85705905347132,29.540822854585016,34.225,34.225,33.8625,34.0,135.93,136.0,167879150130.0,1235000000.0,653,86,-26584447.0,-23721095.0,121000.0,-2984352.0,136.0,0.0,True,0.0249999999999999,2021-09-30,YUANTA_ETF_NAV_HISTORY,-0.007142857142857,-0.0106761565836299,0.0061527325370969,0.0076347708431514,-0.010059645686816,0.0055303522772667,36.90036900368983,-1.0760148146287118,-0.024903542616626,0.139558471690148,1.129682922687853,0.0009361273133146,0.0244604316546762,0.2573363431151241,-0.1829268292682927,-0.7694709515728329,1.0,0.0094455852156056,19,0.9666666666666668,0.5877852522924732,-0.8090169943749473,2021-09,20,29.726202695311464,2021-09-30,0.0044020542920031,False,True,29.726202695311464,30.31505630703077,-0.0196155944282049,0.509178454152827,-0.000354298719955,30.45583921196825,139.64551500706835,2021-08,technical_calendar,71b2c2126ea942b716c673a87e9a9f022cacdfda25e55f1073d19b0bbf396612,False,technical_calendar
2021-10-12,132.7,133.15,131.6,132.85,11588565,1533572691,-1.35,16091,0.0,1.0,0.9899403874813713,650.0551794203866,28.973778635892355,0.2180939302664084,28.9410645463524,29.03920681497228,28.701161223059348,33.175,33.2875,32.9,33.2125,133.05,132.85,175687717096.0,1320500000.0,1820,121,-5972387.0,-6349902.0,175000.0,202515.0,132.85,0.0,True,0.0255927738050432,2021-10-13,YUANTA_ETF_NAV_HISTORY,-0.0084964905799778,0.001866368047779,-0.0458585140419485,-0.0423943122977559,-0.0261778205104946,-0.0249486972246903,34.63541666666654,-1.1754139201385652,-0.058575938267275,0.1726080716770865,-0.6152881194740819,-0.0002234969827907,0.0253353204172876,0.9154175588865096,0.5952380952380953,-0.5055485736325672,1.0,0.0608870967741934,7,0.3870967741935484,0.9510565162951536,0.3090169943749474,2021-10,20,28.788398795165907,2021-10-05,0.0053030303030303,False,False,28.9410645463524,29.26820544175201,-0.0112402831994195,0.7476795248415805,-0.0147448953472136,28.984013938358256,132.89693070757815,2021-09,technical_calendar,71b2c2126ea942b716c673a87e9a9f022cacdfda25e55f1073d19b0bbf396612,False,technical_calendar
2021-11-29,137.6,138.8,137.5,138.15,11534852,1593014716,0.0,10364,0.0,1.0,1.0,675.9888824759233,30.129676466304325,0.2180939302664084,30.0097248046578,30.27143752097749,29.98791541163116,34.4,34.7,34.375,34.5375,138.06,138.15,171748548228.0,1244000000.0,627,129,-5621511.0,-2855101.0,87000.0,-2853410.0,138.15,0.0,True,0.0246109301483894,2021-11-30,YUANTA_ETF_NAV_HISTORY,-0.0163759344962618,-0.0325630252100841,0.0173048600883651,-0.0156750979693625,-0.011325210670388,-0.0012531026339251,45.29147982062783,-0.7591811083247424,-0.0325630252100841,0.1134537286417467,0.9861114676744316,-0.0018784769886568,0.0246109301483894,0.1533101045296168,0.03125,-0.8182102658346901,1.0,-0.0012043356081894,21,0.9666666666666668,0.0,1.0,2021-11,22,29.704393302284824,2021-11-01,0.0102790014684288,False,False,30.0097248046578,30.129676466304325,-0.0039891258701822,0.584348851197286,-0.0004534393021504,30.26659767172355,138.77780841838182,2021-10,technical_calendar,71b2c2126ea942b716c673a87e9a9f022cacdfda25e55f1073d19b0bbf396612,False,technical_calendar
2021-12-06,140.7,141.9,140.0,141.35,4060985,573477544,-0.4,7070,0.0,1.0,0.9971781305114638,691.6469673396435,30.82757704315684,0.2180939302664084,30.685815988483665,30.94752870480336,30.533150237297185,35.175,35.475,35.0,35.3375,141.26,141.35,176430117037.0,1249000000.0,742,113,-1562868.0,-771404.0,0.0,-791464.0,141.35,0.0,True,0.0240537672444287,2021-12-07,YUANTA_ETF_NAV_HISTORY,-0.0003526093088858,0.0260586319218241,0.0264301230992032,-0.0010570824524315,0.008519948062112,0.0256688554838009,53.80952380952382,0.8495538894407995,-0.0073529411764707,0.1199806699048828,-0.5369554821479903,0.0009179494421691,0.0239858906525573,0.1314199395770392,-0.1363636363636363,0.3225220322426613,1.0,0.0040192926045015,4,0.1935483870967742,0.0,1.0,2021-12,22,30.118771769791003,2021-12-01,0.0188269370021723,False,False,30.554959630323825,30.9148146152634,-0.0117084892649001,0.5378412031872998,-0.0117355469741965,30.70690355876489,140.79669031254318,2021-11,technical_calendar,71b2c2126ea942b716c673a87e9a9f022cacdfda25e55f1073d19b0bbf396612,False,technical_calendar
2022-01-24,142.1,144.0,141.7,144.0,13767241,1965019247,1.35,17460,0.0,1.0,1.0094637223974765,720.4200874995587,32.1100312725357,0.2229863282814979,31.686357248800853,32.1100312725357,31.597162717488253,35.525,36.0,35.425,36.0,143.88,144.0,169055620488.0,1175000000.0,1157,48,-5457715.0,-1286838.0,90000.0,-4260877.0,144.0,0.0,True,0.0246527777777777,2022-01-25,YUANTA_ETF_NAV_HISTORY,-0.0217974513749161,-0.0296074517631402,0.0224325271643883,0.0634341961356181,-0.013026560649636,0.0213287427421005,48.54881266490779,-0.8382151856508888,-0.0404605263157893,0.1535223440868376,2.8933233263500755,0.0011228858165484,0.0462670872765509,0.6466275659824048,-0.9090909090909092,-0.8404481216754316,1.0,0.0068610634648369,16,0.7741935483870968,0.0,1.0,2022-01,18,31.47452023693344,2022-01-26,0.0067304286220331,False,False,31.47452023693344,31.80899972935568,-0.0105709229600106,0.6534116136772664,-0.0050092113554725,31.80831044074837,142.6469088301843,2021-12,technical_calendar,71b2c2126ea942b716c673a87e9a9f022cacdfda25e55f1073d19b0bbf396612,False,technical_calendar
2022-02-25,139.05,139.2,137.85,138.5,24731645,3424810229,-0.3,43146,0.0,1.0,0.9978386167146972,692.9040424908951,30.883606466987462,0.2229863282814979,31.006248947542293,31.03969689678452,30.73866535360449,34.7625,34.8,34.4625,34.625,138.3,138.5,185604159479.0,1342000000.0,1848,166,-18933131.0,-13377379.0,-500000.0,-5055752.0,138.5,0.0,True,0.0256317689530685,2022-03-01,YUANTA_ETF_NAV_HISTORY,-0.0242530755711775,-0.0394463667820068,-0.0557975065175174,-0.003765287676959,-0.0307162906676627,-0.0193427475023569,41.10032362459548,-2.714076217251811,-0.0663576659840977,0.1721672025463422,2.066557209867232,0.0055784974280954,0.0255763688760806,0.159400544959128,0.323076923076923,-0.7972970074200612,1.0,0.0220673635307782,15,0.8928571428571429,-0.9510565162951536,0.3090169943749472,2022-02,15,31.006248947542293,2022-02-25,0.0,True,True,31.006248947542293,30.95050236547192,0.0017995326072697,0.759801783378689,-0.002120656262347,31.039361217347796,139.19849461875398,2022-01,technical_calendar,71b2c2126ea942b716c673a87e9a9f022cacdfda25e55f1073d19b0bbf396612,False,technical_calendar
2022-03-04,138.5,138.85,137.95,138.45,14283278,1977417838,-1.5,33012,0.0,1.0,0.9892818863879956,692.65389662718,30.872457150573386,0.2229863282814979,30.883606466987462,30.961651681885986,30.760963986432635,34.625,34.7125,34.4875,34.6125,138.09,138.45,189046333126.0,1369000000.0,1870,202,-11861520.0,-9638208.0,0.0,-2223312.0,138.45,0.0,True,0.0256410256410256,2022-03-07,YUANTA_ETF_NAV_HISTORY,0.0021482277121376,-0.0161687170474517,-0.0281249999999998,0.0357541236095273,-0.0160995500562427,-0.012455119795518,33.33333333333333,-1.1833953716976586,-0.0586221567325251,0.158261015919784,-0.8649295624742696,0.0012161968808126,0.0253662022150768,0.1567023285084958,0.5508474576271187,-0.6814543189734765,1.0,0.0390954388654656,4,0.1290322580645161,-0.9510565162951536,0.3090169943749472,2022-03,23,29.47879259881402,2022-03-09,0.0476550680786689,False,False,29.47879259881402,31.20693664299564,-0.0569692885438769,0.7303140201806205,-0.0143891184575492,30.91491709993919,138.64041503437917,2022-02,technical_calendar,71b2c2126ea942b716c673a87e9a9f022cacdfda25e55f1073d19b0bbf396612,False,technical_calendar
2022-04-06,135.25,136.35,135.0,136.25,12266186,1663822127,-0.7,18875,0.0,1.0,0.9948886454910552,681.6474786237143,30.38188722835408,0.2229863282814978,30.15890090007258,30.404185861182228,30.103154318002208,33.8125,34.0875,33.75,34.0625,136.07,136.25,214993243643.0,1580000000.0,2191,533,-9364966.0,-7762973.0,30000.0,-1631993.0,136.25,0.0,True,0.0260550458715596,2022-04-07,YUANTA_ETF_NAV_HISTORY,-0.008327299058653,-0.0090448625180897,-0.0108342361863491,-0.0286359029125011,0.0090627763041553,-0.027735805059451,58.25242718446591,0.5370794993188098,-0.0788017460844542,0.2401936899372841,-0.5342579794399425,-0.0029848573092605,0.0259218692953632,-0.072258064516129,-0.1185840707964601,-0.8005340504935727,1.0,0.0041599999999999,2,0.2,0.5877852522924732,-0.8090169943749473,2022-04,19,28.31926369175024,2022-04-27,0.0649606299212592,False,False,28.31926369175024,30.53797765815113,-0.0754288092504954,0.5381673008343203,-0.0128096169813267,30.30003909209495,135.88294549540365,2022-03,technical_calendar,71b2c2126ea942b716c673a87e9a9f022cacdfda25e55f1073d19b0bbf396612,False,technical_calendar
2022-05-06,126.45,126.85,125.95,126.65,18804033,2373840312,-2.6,37094,0.0,1.0,0.9798839458413928,633.6194727904106,28.24121847685172,0.2229863282814979,28.196621211195414,28.28581574250801,28.085128047054663,31.6125,31.7125,31.4875,31.6625,126.59,126.65,215768330898.0,1704500000.0,3155,504,-15090154.0,-13477252.0,100000.0,-1712902.0,126.65,0.0,True,0.0280300039478878,2022-05-09,YUANTA_ETF_NAV_HISTORY,0.0113458528951486,0.0213354405373369,-0.0513761467889906,-0.0868950900741789,-0.0139233263398819,-0.0510511245441864,32.33333333333309,-0.7087913143944781,-0.1089279558772838,0.173661802174132,-0.8785458482575395,0.0014721834805515,0.0274661508704061,0.0057896429720167,0.2433035714285714,-0.0046394785887356,1.0,0.0038507109004739,4,0.1935483870967742,-0.9510565162951536,0.3090169943749472,2022-05,21,27.22663068317089,2022-05-13,0.0356265356265359,False,False,27.22663068317089,28.820982930383607,-0.0569081322718798,0.5500939990725566,-0.0209019036758383,28.36594578681547,127.20934958400817,2022-04,technical_calendar,71b2c2126ea942b716c673a87e9a9f022cacdfda25e55f1073d19b0bbf396612,False,technical_calendar
2022-06-13,124.1,124.25,123.45,123.55,18437079,2280313744,-3.55,32400,0.0,1.0,0.9720692368214005,618.1104292400729,27.54996085917908,0.2229863282814979,27.672603339733897,27.706051288976123,27.527662226350927,31.025,31.0625,30.8625,30.8875,123.68,123.55,241909435860.0,1956000000.0,2602,715,-11440049.0,-13800856.0,100000.0,2260807.0,123.55,0.0,True,0.0287333063537029,2022-06-14,YUANTA_ETF_NAV_HISTORY,-0.0101246105919005,-0.0054773082942098,0.0482474226804126,-0.054315476190476,0.0086100861008611,-0.0235970449278515,56.67574931880113,0.4582293014259245,-0.0826416456153009,0.1848236080800716,-0.453024856424854,0.0020498265531376,0.0279307631785995,0.0011732499022292,-0.0612745098039215,-0.5879066809428428,1.0,0.097430104490257,8,0.4333333333333333,0.0,1.0,2022-06,21,26.245490838732312,2022-06-30,0.0543755310110449,False,False,26.245490838732312,28.3415623245784,-0.0768351639291774,0.5144050774665733,-0.0133051721137792,28.10680534281658,126.04721356429778,2022-05,technical_calendar,71b2c2126ea942b716c673a87e9a9f022cacdfda25e55f1073d19b0bbf396612,False,technical_calendar
2022-07-29,118.15,118.5,117.65,118.0,8291615,979364354,1.1,8204,0.0,1.0,1.009409751924722,599.6491387973074,26.72711787668252,0.2265009989549365,26.76109302652576,26.840368376159983,26.64784252704829,29.5375,29.625,29.4125,29.5,118.19,118.0,247024358747.0,2090000000.0,3255,372,-380036.0,-919760.0,134000.0,405724.0,118.0,0.0,True,0.0423728813559322,2022-08-01,YUANTA_ETF_NAV_HISTORY,0.0017137960582693,0.0047271164589601,0.0254106814998984,-0.0708720115986834,0.0365848228354124,-0.0169075792304895,68.03344200836052,1.2962478285920571,-0.0851883134230491,0.2583005416251076,-1.0427796134958014,-0.0017079419299742,0.0427715996578272,-0.1173361522198731,1.295774647887324,-0.1401305531935379,1.0,0.0091743119266054,21,0.935483870967742,-0.9510565162951536,0.3090169943749472,2022-07,21,24.405853630409943,2022-07-07,0.0965030533978603,False,False,26.76109302652576,26.477966777832087,0.0106361351548941,0.0937114822027519,-0.0014993387822726,26.570488567364396,117.3084829204251,2022-06,technical_calendar,71b2c2126ea942b716c673a87e9a9f022cacdfda25e55f1073d19b0bbf396612,True,technical_calendar
2022-08-30,116.55,117.2,116.2,116.75,12722112,1482741825,0.2,14210,0.0,1.0,1.0017160017160018,593.2969233439461,26.44399162798885,0.2265009989549366,26.39869142819786,26.54591707751857,26.31941607856364,29.1375,29.3,29.05,29.1875,116.52,116.75,246798361165.0,2118000000.0,3038,441,-4521214.0,-8693831.0,100000.0,4072617.0,116.75,0.0,True,0.0428265524625267,2022-08-31,YUANTA_ETF_NAV_HISTORY,-0.0255016722408026,-0.0271285475792987,-0.0093497662558437,-0.0801317771545445,-0.0226824871074589,-0.0066314941416475,41.27516778523488,-1.3621155712779067,-0.080845960557375,0.1869022140148108,2.170879054346308,-0.0011997600479903,0.0429000429000429,0.0433151432469305,-0.0480167014613778,-0.6685558290800221,1.0,0.0112198615421341,22,0.967741935483871,0.9510565162951536,0.3090169943749474,2022-08,23,26.19484052913842,2022-08-03,0.0077821011673151,False,False,26.262790828824905,26.39869142819786,-0.0051613017802252,0.6375932179563065,-0.0004219960658821,26.51949140266101,117.08333086838697,2022-07,technical_calendar,71b2c2126ea942b716c673a87e9a9f022cacdfda25e55f1073d19b0bbf396612,False,technical_calendar
2022-09-01,115.5,115.6,114.75,115.15,23181870,2670144230,-2.45,41161,0.0,1.0,0.9791666666666669,585.1660875636438,26.08159002966096,0.2265009989549366,26.160865379295185,26.18351547919068,25.99098963007898,28.875,28.9,28.6875,28.7875,115.19,115.15,244321956260.0,2121000000.0,3270,463,-17045571.0,-9609403.0,0.0,-7436168.0,115.15,0.0,True,0.0434216239687364,2022-09-02,YUANTA_ETF_NAV_HISTORY,0.0072805139186296,-0.0025445292620863,0.0116129032258063,-0.0725652935353692,-0.0149309990995329,0.004869238311288,40.239043824701305,-0.9902290697861804,-0.0696760888423329,0.1763461444697194,-0.6549049872576501,-0.0022906592008145,0.042517006802721,-0.0069721115537848,0.0615384615384615,-0.0404416613263601,1.0,0.0155428024868484,1,0.0333333333333333,-0.587785252292473,-0.8090169943749475,2022-09,21,23.397553192044963,2022-09-30,0.1181026137463694,False,False,23.397553192044963,26.636517477100547,-0.1296516593389333,0.6867155850262493,-0.0163966548526692,26.33434546529376,116.26591311649402,2022-08,technical_calendar,71b2c2126ea942b716c673a87e9a9f022cacdfda25e55f1073d19b0bbf396612,False,technical_calendar
2022-10-11,102.0,102.15,100.5,100.7,34441616,3486069852,-5.5,60659,0.0,1.0,0.948210922787194,511.7344769227873,22.80865059476213,0.2265009989549367,23.103101893403547,23.13707704324679,22.763350394971145,25.5,25.5375,25.125,25.175,100.29,100.7,211815063861.0,2112000000.0,4972,608,-26546783.0,-17802736.0,100000.0,-8844047.0,100.7,0.0,True,0.0496524329692154,2022-10-12,YUANTA_ETF_NAV_HISTORY,-0.0166666666666666,0.0265828902851621,-0.0601769911504421,-0.053737671674808,-0.0284956318894932,-0.0739795793725072,34.961439588689004,-0.771407752406711,-0.1305771592304538,0.2218054436761036,-0.4558746184075757,0.0020758633704471,0.0470809792843691,-0.0979955456570156,-0.1512385919165579,-0.6347747346496327,1.0,-0.0002373605506764,6,0.3548387096774194,0.9510565162951536,0.3090169943749474,2022-10,20,21.936621748785623,2022-10-26,0.0531750129065564,False,False,21.936621748785623,24.05440608901428,-0.0921607189548334,0.6612391140245245,-0.0206211881515203,23.681272324582565,104.55261757717038,2022-09,technical_calendar,71b2c2126ea942b716c673a87e9a9f022cacdfda25e55f1073d19b0bbf396612,False,technical_calendar
2022-11-30,115.1,116.4,114.85,116.35,9535815,1105729102,0.95,7145,0.0,1.0,1.0082322357019062,591.2642143988708,26.353391228406885,0.2265009989549367,26.07026497971321,26.364716278354635,26.01363972997448,28.775,29.1,28.7125,29.0875,116.88,116.35,268706081641.0,2299000000.0,3088,672,1168736.0,6179576.0,0.0,-5010840.0,116.35,0.0,True,0.0429737859905457,2022-12-01,YUANTA_ETF_NAV_HISTORY,0.0091823349365982,0.005226480836237,0.1586345381526099,0.0131694468832312,0.0528716755622462,0.0782359536564096,78.09278350515456,0.878411262423622,-0.0111396743787488,0.2707640084154945,-0.5404060052315821,-0.0020754064337599,0.0433275563258232,-0.0358910891089109,-0.0415430267062314,0.4886237718033391,1.0,0.0059068037628526,22,1.0,0.5877852522924732,-0.8090169943749473,2022-11,22,22.2197479974793,2022-11-04,0.1732925586136589,False,False,26.07026497971321,26.1382152793997,-0.0026030383461624,0.0926049324896085,-0.0006799145112705,26.251051815638476,115.8981723557927,2022-10,technical_calendar,71b2c2126ea942b716c673a87e9a9f022cacdfda25e55f1073d19b0bbf396612,True,technical_calendar
2022-12-30,110.6,110.75,110.2,110.2,8890361,982130895,0.7,7376,0.0,1.0,1.006392694063927,560.011314368333,24.960410084834024,0.2265009989549367,25.051010484416,25.08498563425924,24.960410084834024,27.65,27.6875,27.55,27.55,109.7,110.2,253076160575.0,2307000000.0,3109,808,-4559523.0,-3948110.0,150000.0,-761413.0,110.2,0.0,True,0.0453720508166969,2023-01-03,YUANTA_ETF_NAV_HISTORY,-0.0045454545454545,-0.0275310834813498,-0.0747782002534857,0.0209790209790208,-0.0317446281722522,0.0120537605422266,31.543624161073765,-1.5826499832230498,-0.0747782002534857,0.1695348332034834,1.7386801015830282,0.0025636330342428,0.045662100456621,0.045348449483161,-0.1485042735042735,-0.4798760647180398,1.0,0.0,22,0.967741935483871,-0.9510565162951536,0.3090169943749472,2022-12,22,24.733909085879088,2022-12-29,0.0128205128205127,False,False,25.051010484416,24.801859385565567,0.009995539831679,0.4874854075164544,-0.0005447393435701,24.912294278740944,109.98756912192404,2022-11,technical_calendar,71b2c2126ea942b716c673a87e9a9f022cacdfda25e55f1073d19b0bbf396612,True,technical_calendar
2023-01-31,120.6,120.6,118.3,118.3,22474562,2681531250,-2.4,23552,0.0,1.0,0.980115990057995,614.1235590174308,27.3722610285526,0.2313800594129552,27.9044351652024,27.9044351652024,27.3722610285526,30.15,30.15,29.575,29.575,118.35,118.3,267540485034.0,2260500000.0,1908,170,5745819.0,5440416.0,323000.0,-17597.0,118.3,0.0,True,0.0371935756551141,2023-02-01,YUANTA_ETF_NAV_HISTORY,0.0440304826418289,0.0597335625268586,0.1178603807796918,0.2750775594622539,0.0855067679102015,0.1079660331581073,92.08860759493686,2.6561813018557223,0.0,0.2184142123443828,3.2011417515814427,-0.0062572040177835,0.0364540182270091,-0.2773865414710484,-0.1388888888888888,0.6616123309903732,1.0,-0.0294117647058823,13,1.0,0.9510565162951536,0.3090169943749474,2023-01,13,24.824509485461057,2023-01-03,0.1240679370339687,False,False,27.9044351652024,27.92757317114369,-0.0008288438104005,0.0189158144597034,-0.0044402710927709,27.94286128877997,120.76607361790408,2022-12,technical_calendar,71b2c2126ea942b716c673a87e9a9f022cacdfda25e55f1073d19b0bbf396612,True,technical_calendar
2023-02-24,119.9,120.1,118.8,118.8,5828709,695430436,-0.6,9038,0.0,1.0,0.9949748743718592,616.7191784553744,27.48795105825908,0.2313800594129552,27.742469123613336,27.78874513549593,27.48795105825908,29.975,30.025,29.7,29.7,118.09,118.8,269765342733.0,2284500000.0,1654,372,-2044361.0,-1966103.0,0.0,-78258.0,118.8,0.0,True,0.037037037037037,2023-03-01,YUANTA_ETF_NAV_HISTORY,0.0148746281342966,-0.0074812967581046,0.0327857467061674,0.067588592437622,-0.0016345313273188,0.045260157743048,44.40559440559454,-0.1369953857579795,-0.0184956843403204,0.2327167742547323,-0.6031855339012777,0.0005027652086475,0.0368509212730318,0.1046195652173913,0.2271186440677965,0.168466834494867,1.0,0.004627589246364,18,0.8571428571428571,-0.9510565162951536,0.3090169943749472,2023-02,18,27.18715698102224,2023-02-22,0.0204255319148936,False,False,27.742469123613336,27.62677909390686,0.0041788610749668,0.2294817515314382,-0.0041625610266089,27.64958005138628,119.49854331240678,2023-01,technical_calendar,71b2c2126ea942b716c673a87e9a9f022cacdfda25e55f1073d19b0bbf396612,True,technical_calendar
2023-03-01,117.3,119.45,116.85,119.35,7996077,945839757,0.55,14283,0.0,1.0,1.0046296296296295,619.5743598371122,27.61521009093621,0.2313800594129552,27.14088096913965,27.638348096877504,27.03675994240382,29.325,29.8625,29.2125,29.8375,119.64,119.35,273318478119.0,2284500000.0,1682,370,-4050036.0,-2605541.0,0.0,-1444495.0,119.35,0.0,True,0.0368663594470046,2023-03-02,YUANTA_ETF_NAV_HISTORY,-0.0050251256281407,0.000421052631579,0.0275958685820156,0.0659558373257447,-0.0079746148386286,0.0388933758972536,48.28897338403052,-0.8548706933242284,-0.0234278668310726,0.2338317074415365,-0.6194872618173102,0.0060123634516047,0.037037037037037,0.0343964978111319,0.3144876325088339,-0.3507399322903236,1.0,0.0112881806108897,1,0.032258064516129,0.5877852522924732,-0.8090169943749473,2023-03,23,27.11774296319836,2023-03-16,0.0008532423208189,False,True,27.11774296319836,27.48795105825908,-0.0135595297856319,0.7021805053835213,-0.014647904046546,27.223685989020687,117.65787448620738,2023-02,technical_calendar,71b2c2126ea942b716c673a87e9a9f022cacdfda25e55f1073d19b0bbf396612,False,technical_calendar
2023-04-24,117.8,118.5,117.7,118.15,7308582,863114882,-0.45,16153,0.0,1.0,0.9962057335581788,613.3448731860481,27.33755401964067,0.2313800594129553,27.256570998846133,27.418537040435204,27.23343299290484,29.45,29.625,29.425,29.5375,118.18,118.15,270695433667.0,2290500000.0,1635,540,-5153940.0,-4242079.0,-150000.0,-761861.0,118.15,0.0,True,0.037240795598815,2023-04-25,YUANTA_ETF_NAV_HISTORY,-0.0025231286795627,-0.0169912971404891,-0.0004214075010536,0.042191517224791,-0.0164206336042461,-0.0068598104240197,34.12698412698393,-2.095150117285999,-0.0294599018003275,0.1042425618456339,-0.7208462642702526,0.0016045942065703,0.0370994940978077,0.0513654096228868,0.0407407407407407,-0.5009770404413456,1.0,0.0026229508196722,13,0.8,0.0,1.0,2023-04,17,26.851655894873456,2023-04-27,0.0150797070228352,False,False,26.851655894873456,27.441675046376496,-0.0217353538431791,0.6971009762312617,-0.0077373349234218,27.36631976232344,118.27432247945548,2023-03,technical_calendar,71b2c2126ea942b716c673a87e9a9f022cacdfda25e55f1073d19b0bbf396612,False,technical_calendar
2023-05-31,126.7,126.7,125.15,126.15,9229280,1162014425,-0.6,8924,0.0,1.0,0.9952662721893492,654.874784193144,29.188594494944315,0.2313800594129553,29.31585352762144,29.31585352762144,28.95721443553136,31.675,31.675,31.2875,31.5375,125.99,126.15,303763481154.0,2411000000.0,1073,483,3119659.0,68605.0,0.0,3051054.0,126.15,0.0,True,0.0348791121680539,2023-06-01,YUANTA_ETF_NAV_HISTORY,0.0,0.0372340425531916,0.076890399320306,0.0620025136154172,0.0509514530906678,0.0574984356532017,87.44769874476998,1.9283348845722388,0.0,0.1261036316381011,0.0719620207333923,-0.0014181044670291,0.0347140039447731,-0.2083639031548055,-0.1334488734835355,0.7955753597235681,1.0,0.0259574468085106,22,1.0,0.5877852522924732,-0.8090169943749473,2023-05,22,27.059897948345125,2023-05-15,0.0833689610944847,False,False,29.31585352762144,29.327422530592084,-0.000394555144199,0.0756391454967338,-0.0011625383828362,29.439814826925268,127.23574754721017,2023-04,technical_calendar,71b2c2126ea942b716c673a87e9a9f022cacdfda25e55f1073d19b0bbf396612,True,technical_calendar
2023-06-30,128.8,129.1,128.3,129.1,7504016,964915657,0.05,11593,0.0,1.0,1.000387446726075,670.1889388770102,29.87116567021252,0.2313800594129551,29.801751652388628,29.87116567021252,29.68606162268215,32.2,32.275,32.075,32.275,129.46,129.1,342035289045.0,2642000000.0,948,376,-1558297.0,-2842032.0,-131000.0,1414735.0,129.1,0.0,True,0.0340821068938807,2023-07-03,YUANTA_ETF_NAV_HISTORY,-0.0003872966692486,-0.0114898506319418,0.0181459566074946,0.0700663349917076,0.0009695559433777,0.0496492357745617,54.922279792745954,0.0605635864455013,-0.0216072782410919,0.1195625356242344,-0.6027124003103943,-0.0017790841584157,0.0340953118946144,-0.0065645514223194,-0.0306122448979592,0.011568266037157,1.0,-0.0005674295441648,20,1.0,-0.9510565162951536,0.3090169943749472,2023-06,20,29.00349044741394,2023-06-01,0.0275229357798161,False,False,29.801751652388628,29.859596667241867,-0.0019391124943695,0.273509801089859,-0.0006464855837773,29.989500602463107,129.61143098740158,2023-05,technical_calendar,71b2c2126ea942b716c673a87e9a9f022cacdfda25e55f1073d19b0bbf396612,True,technical_calendar
2023-07-06,129.7,129.7,127.7,127.9,18056472,2319934035,-2.9,35216,0.0,1.0,0.97782874617737,663.9594522259459,29.59350959891697,0.2313800594129552,30.00999370586029,30.00999370586029,29.547233587034384,32.425,32.425,31.925,31.975,127.88,127.9,338878351722.0,2650000000.0,891,285,-13342064.0,-11215565.0,-60000.0,-2066499.0,127.9,0.0,True,0.034401876465989,2023-07-07,YUANTA_ETF_NAV_HISTORY,-0.0015267175572519,0.0131680867544539,0.0352196280174115,0.0809917355371896,0.0078206264206186,0.0586021541636596,43.5897435897433,0.6545288863899483,-0.0083396512509478,0.1118403239758123,-0.6831681815423823,-0.0004585052728106,0.0336391437308868,-0.0735135135135135,-0.2263157894736842,-0.4729914987470192,1.0,0.0003785727806171,4,0.1935483870967742,-0.587785252292473,-0.8090169943749475,2023-07,21,29.51252657812244,2023-07-07,0.0168561348490785,False,False,29.51252657812244,30.264511771214544,-0.0251609944352778,0.5388848288347907,-0.0119179477558497,30.05549154399521,129.89663681585333,2023-06,technical_calendar,71b2c2126ea942b716c673a87e9a9f022cacdfda25e55f1073d19b0bbf396612,False,technical_calendar
2023-08-28,124.85,125.7,124.75,125.35,4490279,563092008,0.8,5969,0.0,1.0,1.006423123243677,660.2433287634052,29.4278772926206,0.2347656744524978,29.310494455394352,29.510045278678977,29.287017887949105,31.2125,31.425,31.1875,31.3375,125.23,125.35,306313536071.0,2446000000.0,1105,181,-1399813.0,-1612795.0,0.0,212982.0,125.35,0.0,True,0.0358994814519345,2023-08-29,YUANTA_ETF_NAV_HISTORY,-0.0192913385826772,0.0056519983851432,-0.0382239382239381,-0.0029787062754101,-0.0128202587829671,-0.0205625507051872,35.74007220216613,-0.8237855013778886,-0.0444427298329541,0.1397380710250201,-0.2370907435122551,0.0,0.0361300682456844,-0.1316808675445391,0.2253521126760562,-0.6968979886696418,1.0,0.0041093075816724,19,0.9032258064516128,0.0,1.0,2023-08,22,29.017037362328736,2023-08-17,0.0101132686084139,False,False,29.310494455394352,29.240064753058604,0.0024057750175927,0.5404285471346402,-0.0020688403828014,29.325532429671565,124.9140552513151,2023-07,technical_calendar,71b2c2126ea942b716c673a87e9a9f022cacdfda25e55f1073d19b0bbf396612,False,technical_calendar
2023-09-21,123.8,123.85,122.65,122.75,23194776,2852690919,-2.0,42629,0.0,1.0,0.9839679358717436,646.5486127300202,28.81748653904412,0.2347656744524979,29.063990497219244,29.07572878094187,28.79400997159887,30.95,30.9625,30.6625,30.6875,122.84,122.75,284140205997.0,2313000000.0,1200,120,-18948639.0,-19074349.0,-210000.0,335710.0,122.75,0.0,True,0.0366598778004073,2023-09-22,YUANTA_ETF_NAV_HISTORY,-0.0055799123156636,-0.0035942492012779,-0.0008009611533839,-0.0180343255764767,-0.0075774149281037,-0.0158441017238755,45.320197044335096,-0.9993874509305568,-0.0429083143047851,0.1359680545763994,0.3966055028714752,0.0014449706992052,0.0360721442885771,-0.0398481973434534,-0.0320855614973262,-0.5845372349923248,1.0,-0.0335790335790335,15,0.7,-0.587785252292473,-0.8090169943749475,2023-09,20,28.606197432036872,2023-09-27,0.0160032827246614,False,False,28.606197432036872,29.28701788794912,-0.0235209545604129,0.5085819878675167,-0.0090045079355068,29.169608892293287,124.24988857642992,2023-08,technical_calendar,71b2c2126ea942b716c673a87e9a9f022cacdfda25e55f1073d19b0bbf396612,False,technical_calendar
2023-10-04,122.1,122.2,121.35,121.9,12322148,1500309693,-1.6,23810,0.0,1.0,0.9870445344129556,642.0714940267981,28.617935715759497,0.2347656744524979,28.664888850649994,28.688365418095245,28.48881459481062,30.525,30.55,30.3375,30.475,122.02,121.9,287116176308.0,2353000000.0,1287,93,-7886792.0,-8261712.0,0.0,374920.0,121.9,0.0,True,0.0369155045118949,2023-10-05,YUANTA_ETF_NAV_HISTORY,-0.0060362173038228,-0.000404694455686,-0.0256410256410254,-0.0187385661848845,-0.0079325233457173,-0.0209657860250895,43.67346938775516,-0.6374990695018806,-0.0524984113558393,0.1254552554106445,-0.4389599661998937,-0.0009707167125061,0.0364372469635627,0.0378331900257953,-0.02803738317757,-0.4314029495441503,1.0,0.0083565459610028,3,0.1290322580645161,0.5877852522924732,-0.8090169943749473,2023-10,20,28.606197432036872,2023-10-26,0.0020517029134181,False,True,28.606197432036872,28.993560794883496,-0.0134503759968167,0.7318610055376951,-0.0155996648687205,28.687504377638565,122.19633234092385,2023-09,technical_calendar,71b2c2126ea942b716c673a87e9a9f022cacdfda25e55f1073d19b0bbf396612,False,technical_calendar
2023-11-30,131.3,131.5,130.65,131.35,11141866,1461693142,0.2,7269,0.0,1.0,1.001524971406786,691.8465196096794,30.8364713393356,0.2347656744524978,30.82473305561297,30.87168619050347,30.67213536721885,32.825,32.875,32.6625,32.8375,131.97,131.35,302148908070.0,2289500000.0,692,128,5924760.0,6954572.0,0.0,-1029812.0,131.35,0.0,True,0.0342596117244004,2023-12-01,YUANTA_ETF_NAV_HISTORY,-0.0007619047619047,-0.0015226494099733,0.077207392197125,0.0416997617156476,0.0150339570071396,0.0409280914334091,70.31249999999966,0.8350442102746708,-0.0105620520558282,0.1192307108359219,-0.8808955406559631,-0.0025098874353512,0.0343118566526877,0.0382775119617224,-0.044776119402985,0.4676398221987324,1.0,-0.0058619192357793,22,1.0,-0.587785252292473,-0.8090169943749475,2023-11,22,28.64141228320476,2023-11-01,0.0762295081967205,False,False,30.82473305561297,30.789518204445105,0.0011430749958674,0.1734091963260175,-0.0004780886011527,30.928675612980896,131.7427502342936,2023-10,technical_calendar,71b2c2126ea942b716c673a87e9a9f022cacdfda25e55f1073d19b0bbf396612,True,technical_calendar
2023-12-29,135.7,136.0,135.35,135.45,13407035,1819068025,-0.3,7710,0.0,1.0,0.9977900552486187,713.4420333546333,31.799010604590848,0.2347656744524979,31.85770202320397,31.92813172553972,31.7755340371456,33.925,34.0,33.8375,33.8625,136.2,135.45,310267261856.0,2278000000.0,468,108,4833159.0,8550384.0,0.0,-3717225.0,135.45,0.0,True,0.0332225913621262,2024-01-02,YUANTA_ETF_NAV_HISTORY,0.0,0.0237556561085969,0.0334982870194138,0.0991902834008098,0.0236591573192572,0.0541369536800961,79.37500000000018,1.9322905079315504,0.0,0.0859901941227707,0.5891648512579091,-0.002571638501102,0.0331491712707182,-0.1606837606837606,-0.0442477876106194,0.3616058884609057,1.0,-0.002831627096493,21,0.935483870967742,-0.9510565162951536,0.3090169943749472,2023-12,21,30.61344394860572,2023-12-06,0.0406441717791414,False,False,31.85770202320397,31.869440306926595,-0.0003683919732214,0.103423742169885,-0.0014129176396471,31.98356542467716,136.23612352728617,2023-11,technical_calendar,71b2c2126ea942b716c673a87e9a9f022cacdfda25e55f1073d19b0bbf396612,True,technical_calendar
2024-01-03,133.7,133.9,132.3,132.55,14783894,1963126583,-2.35,25258,0.0,1.0,0.9825796886582654,698.1671577789344,31.118190148678607,0.2347656744524979,31.388170674298976,31.43512380918948,31.05949873006548,33.425,33.475,33.075,33.1375,132.66,132.55,300676003971.0,2266500000.0,510,101,-6886430.0,-8033755.0,0.0,1147325.0,132.55,0.0,True,0.0339494530365899,2024-01-04,YUANTA_ETF_NAV_HISTORY,-0.0040605389442596,0.0104868913857678,0.0274181264280277,0.0909826122118888,0.0144764053393497,0.0441849964522997,70.23809523809555,1.1022292071160218,-0.0062615101289132,0.0869475053933768,-0.543454555018844,-0.0040605389442597,0.0333580429948109,-0.048,-0.0530973451327433,0.0916423839162519,1.0,-0.0076236114136353,2,0.0967741935483871,0.5877852522924732,-0.8090169943749473,2024-01,22,30.733313515220065,2024-01-18,0.0213077304129476,False,False,30.733313515220065,31.669889483641978,-0.0300191738683002,0.5089147684518598,-0.0118438462295794,31.45349375617331,133.97824801060327,2023-12,technical_calendar,71b2c2126ea942b716c673a87e9a9f022cacdfda25e55f1073d19b0bbf396612,False,technical_calendar
2024-02-29,143.0,143.95,142.7,143.3,7372502,1055974598,-0.05,10899,0.0,1.0,0.999651203348448,772.5562626349662,34.43380630751396,0.2402917397593437,34.36171878558616,34.58999593835753,34.28963126365835,35.75,35.9875,35.675,35.825,143.8,143.3,301625567096.0,2097500000.0,378,65,2024506.0,574494.0,0.0,1450012.0,143.3,0.0,True,0.0341939986043265,2024-03-01,YUANTA_ETF_NAV_HISTORY,-0.0041681139284472,0.0120014119308151,0.0786305492851768,0.1174734532933634,0.0361402240693891,0.0824059040240474,71.74603174603165,1.3224921883910332,-0.0041681139284472,0.1839222525841675,-1.0104577843318308,-0.0029213326841484,0.0341820718521102,-0.0646766169154229,0.0892857142857141,0.2888440478959989,1.0,-0.010370021211407,13,1.0,-0.587785252292473,-0.8090169943749475,2024-02,13,32.283195236667844,2024-02-01,0.0643840714551542,False,False,34.36171878558616,34.44582089450193,-0.0024445620694714,0.1498413787464851,-0.0015745485604895,34.56358508825744,143.84008839785113,2024-01,technical_calendar,71b2c2126ea942b716c673a87e9a9f022cacdfda25e55f1073d19b0bbf396612,True,technical_calendar
2024-03-29,156.9,158.4,156.9,157.9,8255237,1302182597,1.0,7944,0.0,1.0,1.0063734862970044,851.267507816198,37.94206570800039,0.2402917397593438,37.70177396824104,38.062211577880056,37.70177396824104,39.225,39.6,39.225,39.475,158.83,157.9,301459598080.0,1898000000.0,298,72,4321208.0,1859286.0,0.0,2461922.0,157.9,0.0,True,0.0310322989233692,2024-04-01,YUANTA_ETF_NAV_HISTORY,-0.0047573739295909,-0.0031766200762392,0.0949057920446616,0.2079218730704446,0.0220998973991499,0.113423913560124,58.53658536585365,0.8632198502131806,-0.0047573739295909,0.1801254958279445,-1.3584988821066704,-0.001463756125501,0.0312300828553218,-0.1934673366834171,-0.0519480519480519,-0.1167403206456538,1.0,-0.0340447154471544,21,0.935483870967742,-0.9510565162951536,0.3090169943749472,2024-03,21,34.4938792424538,2024-03-01,0.0929989550679206,False,False,37.70177396824104,37.70177396824104,0.0,0.1703800370287222,-0.0025939095347145,37.792126231870014,157.276010693166,2024-02,technical_calendar,71b2c2126ea942b716c673a87e9a9f022cacdfda25e55f1073d19b0bbf396612,True,technical_calendar
2024-04-30,158.6,159.35,158.25,158.25,4792141,761950562,-0.55,6586,0.0,1.0,0.996536523929471,853.1544212280766,38.02616781691614,0.2402917397593437,38.11026992583191,38.29048873065142,38.02616781691614,39.65,39.8375,39.5625,39.5625,157.93,158.25,301330804896.0,1908000000.0,500,66,2633289.0,1051601.0,0.0,1581688.0,158.25,0.0,True,0.0309636650868878,2024-05-02,YUANTA_ETF_NAV_HISTORY,0.0179487179487181,0.0555001661681624,0.0121096239643081,0.1868460388639758,0.0070710593905571,0.0586254978973037,43.348281016442456,0.3000633935720691,-0.0272588055130168,0.2858225220249993,-0.1198082483553291,-0.0009436929852153,0.0308564231738035,-0.2211267605633803,0.0476190476190476,0.4062392375972257,1.0,0.0015756302521008,20,1.0,0.9510565162951536,0.3090169943749474,2024-04,20,36.13987765980529,2024-04-22,0.0545212765957445,False,False,38.11026992583191,38.15832827378379,-0.0012602396122879,0.0881604083674205,-0.0008761975933135,38.315533225014654,159.4542253653343,2024-03,technical_calendar,71b2c2126ea942b716c673a87e9a9f022cacdfda25e55f1073d19b0bbf396612,True,technical_calendar
2024-05-31,168.25,168.9,166.0,166.0,9114336,1525397907,-1.9,18205,0.0,1.0,0.98868374032162,894.936075348251,39.88842880005106,0.2402917397593437,40.429085214509584,40.58527484535316,39.88842880005106,42.0625,42.225,41.5,41.5,165.04,166.0,318041404114.0,1927000000.0,645,76,-2602458.0,-2480035.0,0.0,-122423.0,166.0,0.0,True,0.0295180722891566,2024-06-03,YUANTA_ETF_NAV_HISTORY,-0.0172666081357918,-0.0198482194979567,0.0752481588216458,0.1425654984688671,0.0117048039407678,0.0529231315944875,66.31853785900788,0.4099335876832683,-0.0306004618937643,0.1372875063175321,0.9852982235735432,0.0022683858643743,0.0291840381179273,0.0213523131672597,0.0410958904109588,-0.3737416616306309,1.0,0.009958071278826,22,1.0,-0.9510565162951536,0.3090169943749472,2024-05,22,37.80990525113274,2024-05-02,0.0692723228471559,False,False,40.429085214509584,40.34498310559382,0.002082404441342,0.2757108092520109,-0.0007072994210426,40.5180394978234,168.62019284725687,2024-04,technical_calendar,71b2c2126ea942b716c673a87e9a9f022cacdfda25e55f1073d19b0bbf396612,True,technical_calendar
2024-06-28,185.3,187.4,184.65,186.45,4455951,830033644,1.15,7487,0.0,1.0,1.006206152185645,1005.1857304137432,44.80239487812963,0.2402917397593437,44.52605937740639,45.03067203090101,44.36986974656281,46.325,46.85,46.1625,46.6125,186.24,186.45,414292347072.0,2224500000.0,631,107,198550.0,17826.0,0.0,180724.0,186.45,0.0,True,0.0262805041566103,2024-07-01,YUANTA_ETF_NAV_HISTORY,-0.0002697599136765,-0.0234519104084319,0.0845771144278604,0.1735275490816972,0.0403391067568705,0.1091657313879537,71.67968750000009,0.9435442984137108,-0.0234519104084319,0.2373357968150216,-0.9268128665013932,0.0001619258379661,0.0264436049649217,-0.0820895522388059,0.1847826086956521,-0.0227800379887533,1.0,-0.0002247191011236,19,0.9333333333333332,-0.9510565162951536,0.3090169943749472,2024-06,19,40.22483723571416,2024-06-05,0.106929510155316,False,False,44.52605937740639,44.5260593774064,-1.1102230246251563e-16,0.1284152199371719,-0.0027946283557353,44.62380829704304,185.7067926751645,2024-05,technical_calendar,71b2c2126ea942b716c673a87e9a9f022cacdfda25e55f1073d19b0bbf396612,True,technical_calendar
2024-07-22,185.4,185.4,180.05,180.7,23474914,4268806758,-5.55,48514,0.0,1.0,0.9702013422818792,979.1353156532437,43.641295059931295,0.24151242423869,44.77640345385314,44.77640345385314,43.48431198417615,46.35,46.35,45.0125,45.175,180.38,180.7,382053612185.0,2118000000.0,930,48,-6550893.0,-8122846.0,193000.0,1378953.0,180.7,0.0,True,0.0221361372440509,2024-07-23,YUANTA_ETF_NAV_HISTORY,-0.0228226652675761,-0.0466200565709,-0.0074435212497151,0.1972891070822113,-0.0225255559052357,0.0608117431670867,50.764221892488216,-0.7465454530796429,-0.0767144173005978,0.2549491047146578,1.4331204390901775,0.0019905315257155,0.021476510067114,-0.0528511821974965,,-0.3925601713278598,1.0,-0.0189376443418013,16,0.7096774193548387,0.0,1.0,2024-07,21,43.00128713569877,2024-07-26,0.0412805391743893,False,False,43.00128713569877,44.98168901445602,-0.0450254475358821,0.5442775696331074,-0.0089839773566314,44.80228131454891,185.50714919026365,2024-06,technical_calendar,71b2c2126ea942b716c673a87e9a9f022cacdfda25e55f1073d19b0bbf396612,False,technical_calendar
2024-08-02,178.15,178.9,174.7,174.7,32816025,5798178503,-9.3,68966,0.0,1.0,0.9494565217391304,946.6239050615476,42.19222051449916,0.2415124242386901,43.02543837812264,43.20657269630166,42.19222051449916,44.5375,44.725,43.675,43.675,174.52,174.7,373988608840.0,2143000000.0,1452,101,-19502044.0,-13367444.0,-1967000.0,-4167600.0,174.7,0.0,True,0.0228963938179736,2024-08-05,YUANTA_ETF_NAV_HISTORY,0.0174177495161738,-0.0123456790123458,-0.0022405078530146,0.1616502629990182,-0.0296629243192309,0.0305102342987109,35.58209323548495,-0.815672408031869,-0.0878682028634093,0.3211829224672116,-0.0111303341151617,0.0001630700657715,0.0217391304347826,1.1140861466821883,0.8870967741935485,-0.3495036727562005,1.0,0.0106182161396886,2,0.064516129032258,-0.9510565162951536,0.3090169943749472,2024-08,22,40.2480454993777,2024-08-05,0.0690069006900688,False,False,40.2480454993777,44.43828605991897,-0.0990399528552369,0.522384952339106,-0.0232512379619091,43.63404525277536,180.66998163892063,2024-07,technical_calendar,71b2c2126ea942b716c673a87e9a9f022cacdfda25e55f1073d19b0bbf396612,False,technical_calendar
2024-09-04,171.0,173.8,170.0,171.25,34040370,5856531211,-8.8,76198,0.0,1.0,0.9511246875867814,927.9298439713224,41.35900265087567,0.24151242423869,41.29862454481599,41.974859332684325,41.0571121205773,42.75,43.45,42.5,42.8125,171.11,171.25,372598069395.0,2177500000.0,1551,231,-24525667.0,-16871657.0,25000.0,-7679010.0,171.25,0.0,True,0.0233576642335766,2024-09-05,YUANTA_ETF_NAV_HISTORY,-0.004423555432679,-0.0022166805209198,0.0749253731343282,0.0388326970683785,0.0005418096442115,-0.0165267684104495,47.95321637426902,0.0304455400345219,-0.1074492930736787,0.2296076204787647,-0.4733095488811917,0.0012790568346126,0.0222160510969175,0.0015094339622641,0.125,-0.302783131873951,1.0,-0.0084244080145718,3,0.1333333333333333,0.5877852522924732,-0.8090169943749473,2024-09,20,41.15371709027279,2024-09-09,0.003521126760563,False,True,41.15371709027279,43.48431198417615,-0.0550859756996688,0.579151606922306,-0.0182237265859472,42.91253798385697,177.68252759305636,2024-08,technical_calendar,71b2c2126ea942b716c673a87e9a9f022cacdfda25e55f1073d19b0bbf396612,False,technical_calendar
2024-10-30,192.95,194.05,191.5,191.8,14531256,2800185309,0.3,15214,0.0,1.0,1.0015665796344648,1039.2814252478806,46.32208296898074,0.2415124242386899,46.59982225685523,46.86548592351779,46.24962924170913,48.2375,48.5125,47.875,47.95,191.63,191.8,405579504870.0,2116500000.0,1300,209,6678941.0,6489767.0,277000.0,-87826.0,191.8,0.0,True,0.0208550573514077,2024-11-01,YUANTA_ETF_NAV_HISTORY,-0.0232083652129558,-0.0293968575772936,0.0116217643951397,0.0588885816975388,-0.0025522162612637,0.0464909764061365,57.74134790528227,-0.1037827017111191,-0.03331650681474,0.2178444615182305,2.040642998621488,-0.0069487658162207,0.02088772845953,0.2043996333638864,0.0049261083743843,-0.1664072622422054,1.0,-0.0226275686908334,19,0.967741935483871,0.5877852522924732,-0.8090169943749473,2024-10,19,44.4141348174951,2024-10-01,0.0492115280043496,False,False,46.59982225685523,46.24962924170912,0.0075432793629272,0.4284852212658316,-0.0008514112348768,46.44131988894179,192.29370925879667,2024-09,technical_calendar,71b2c2126ea942b716c673a87e9a9f022cacdfda25e55f1073d19b0bbf396612,True,technical_calendar
2024-11-01,186.15,190.55,185.95,190.5,21072030,3965634116,-1.3,31562,0.0,1.0,0.9932221063607924,1032.2372862863465,46.00811681747044,0.2415124242386899,44.95753777203214,46.02019243868237,44.9092352871844,46.5375,47.6375,46.4875,47.625,190.5,190.5,404154217635.0,2121500000.0,1365,202,-9288703.0,-8184489.0,44000.0,-1148214.0,190.5,0.0,True,0.0209973753280839,2024-11-04,YUANTA_ETF_NAV_HISTORY,0.0015665796344648,-0.0214285714285714,0.0153520381154046,0.0423913043478254,-0.0017435657220186,0.0473863124411251,55.38461538461531,-0.0717573052977903,-0.0318021201413427,0.2176236032832576,0.105238538815186,0.0008871262328447,0.0208550573514077,0.1711711711711712,0.0195121951219512,0.4596258575308287,1.0,-0.0116740602381508,1,0.0333333333333333,-0.9510565162951536,0.3090169943749472,2024-11,21,44.6677228629457,2024-11-29,0.0064882400648826,False,False,44.6677228629457,46.32208296898074,-0.036367644170875,0.6283657385826219,-0.0129974669249863,45.95252856682772,190.26983274952445,2024-10,technical_calendar,71b2c2126ea942b716c673a87e9a9f022cacdfda25e55f1073d19b0bbf396612,False,technical_calendar
2024-12-31,196.7,196.9,195.6,195.75,8290222,1625749078,-2.05,11738,0.0,1.0,0.9896359959555106,1060.6847705540806,47.27605704472357,0.24151242423869,47.50549384775032,47.55379633259807,47.23983018108777,49.175,49.225,48.9,48.9375,196.17,195.75,436088735742.0,2223000000.0,959,212,-2599392.0,-2314194.0,200000.0,-485198.0,195.75,0.0,True,0.020434227330779,2025-01-02,YUANTA_ETF_NAV_HISTORY,-0.0055304172951232,0.0027883396704688,0.0318205529473138,0.0773420479302831,0.0087590682493337,0.0208549272937625,58.83977900552485,0.9917943660709518,-0.0065293822199899,0.1344454041302949,0.3957926066105921,-0.0013631544403492,0.0202224469160768,-0.09284332688588,-0.0464135021097046,-0.4249124821986392,1.0,-0.0042639138240574,22,1.0,0.9510565162951536,0.3090169943749474,2024-12,22,45.52509196899306,2024-12-02,0.043501326259947,False,False,47.50549384775032,47.77115751441288,-0.0055766937935982,0.2297902718259569,-0.0004441934037029,47.98869230643786,198.700718845876,2024-11,technical_calendar,71b2c2126ea942b716c673a87e9a9f022cacdfda25e55f1073d19b0bbf396612,True,technical_calendar
2025-01-22,200.3,201.7,200.3,201.3,13730665,2759777870,2.6,18273,0.0,1.0,1.0130850528434827,1105.7606074627022,49.28514390652272,0.2448342966046831,49.04030960991803,49.38307762516459,49.04030960991803,50.075,50.425,50.075,50.325,200.15,201.3,446925629918.0,2233000000.0,1342,59,6597016.0,4452720.0,-560000.0,2704296.0,201.3,0.0,True,0.0183805265772478,2025-02-03,YUANTA_ETF_NAV_HISTORY,0.0020171457387794,0.0298211180874814,0.0212066448563312,0.0256263273824413,0.0156686069627405,0.0325387890719754,58.85672911345776,1.130744049582882,-0.0145156032391812,0.1929702891501595,-0.2118248676838503,0.0027756749936915,0.0186210367388022,-0.0538745387453875,,-0.4167386639143082,1.0,0.0083239595050619,15,0.7096774193548387,0.5877852522924732,-0.8090169943749473,2025-01,15,47.02246899927294,2025-01-14,0.0429122641492154,False,False,49.04030960991803,48.64857473535054,0.0080200931140013,0.1954956164400668,-0.0087458940770028,48.466079395393486,197.9546169287234,2024-12,technical_calendar,71b2c2126ea942b716c673a87e9a9f022cacdfda25e55f1073d19b0bbf396612,True,technical_calendar
2025-02-26,192.9,194.7,191.9,194.7,19951637,3853695188,1.05,37866,0.0,1.0,1.005422153369481,1069.5061613163844,47.66923754893182,0.2448342966046832,47.228535815043394,47.66923754893182,46.98370151843871,48.225,48.675,47.975,48.675,194.32,194.7,467814813289.0,2407500000.0,1900,92,-9973005.0,-12368881.0,1100000.0,1295876.0,194.7,0.0,True,0.0190035952747817,2025-02-27,YUANTA_ETF_NAV_HISTORY,-0.0129969418960242,-0.0202377940804451,-0.0134997452878246,0.0367760796816631,-0.0158685791967879,-0.0028290118307293,41.77545691906026,-1.591400481636842,-0.039561885089418,0.2036939313592027,1.1628774824497652,0.0031599668462496,0.0191066356829331,0.2583333333333333,-0.4025974025974026,-0.8446366421211206,1.0,0.0255754475703324,18,0.9285714285714286,0.5877852522924732,-0.8090169943749473,2025-02,19,47.081635237080576,2025-02-03,0.0031201248049923,False,True,47.228535815043394,47.41216153749691,-0.0038804860490778,0.5606400168351802,-0.0022927778197814,47.54009841133291,194.17254473989232,2025-01,technical_calendar,71b2c2126ea942b716c673a87e9a9f022cacdfda25e55f1073d19b0bbf396612,False,technical_calendar
2025-03-03,188.8,189.0,186.8,188.05,65048097,12215218709,-4.45,167213,0.0,1.0,0.9768831168831168,1032.9770602750186,46.04108947651069,0.2448342966046832,46.224715198964205,46.27368205828514,45.73504660575484,47.2,47.25,46.7,47.0125,187.92,188.05,464631988289.0,2472500000.0,2386,58,-50602984.0,-35470879.0,1000000.0,-16132105.0,188.05,0.0,True,0.0196756181866524,2025-03-04,YUANTA_ETF_NAV_HISTORY,-0.0112994350282484,-0.0206054439074028,-0.0312028183190737,0.014545012017886,-0.0192706940251932,-0.0093483709778184,35.35108958837759,-1.796143368517685,-0.045265493827591,0.204043274427029,0.3580769386717485,0.0088041085840058,0.0192207792207792,0.3526244952893673,0.1052631578947369,-0.7372869314850105,1.0,0.0265822784810125,1,0.0967741935483871,0.0,1.0,2025-03,21,42.503233890573,2025-03-31,0.0875576036866363,False,False,42.503233890573,47.130602096401525,-0.1033423515015893,0.8620624272582279,-0.0157394278388818,46.62657370368315,190.44134890532845,2025-02,technical_calendar,71b2c2126ea942b716c673a87e9a9f022cacdfda25e55f1073d19b0bbf396612,False,technical_calendar
2025-04-07,158.4,158.4,158.4,158.4,29578872,4685331802,-17.6,110835,0.0,1.0,0.9,870.1067075116347,38.78175258218182,0.2448342966046831,38.78175258218182,38.78175258218182,38.78175258218182,39.6,39.6,39.6,39.6,158.99,158.4,440556517729.0,2771000000.0,2779,439,-8251862.0,-4941377.0,0.0,-3310485.0,158.4,0.0,True,0.0233585858585858,2025-04-08,YUANTA_ETF_NAV_HISTORY,-0.001701644923426,-0.0460704607046068,-0.0700132100396302,-0.1000212634880218,-0.0319165027983663,-0.0778990969287489,41.02112676056336,-1.621872208967197,-0.1270998800709404,0.206887158494879,-0.5102732768289135,-0.001418439716312,0.0210227272727272,0.1207096027767065,3.261904761904762,-0.3554771926525233,1.0,0.0192663949610967,3,0.2333333333333333,0.0,1.0,2025-04,20,37.01894564662809,2025-04-08,0.0476190476190478,False,False,37.01894564662809,43.09083620242424,-0.1518805312927193,0.8034570325408156,-0.0202039856619087,42.44011032265605,173.34217840885725,2025-03,technical_calendar,71b2c2126ea942b716c673a87e9a9f022cacdfda25e55f1073d19b0bbf396612,False,technical_calendar
2025-05-29,181.5,181.7,179.3,179.75,9749184,1754874194,0.4,16687,0.0,1.0,1.0022302759966546,987.384347697072,44.00896481469177,0.244834296604683,44.437424833749965,44.4863916930709,43.89878938121967,45.375,45.425,44.825,44.9375,178.48,179.75,539529995199.0,3023000000.0,2694,318,-2596478.0,-4715510.0,300000.0,1819032.0,179.75,0.0,True,0.0205841446453407,2025-06-02,YUANTA_ETF_NAV_HISTORY,0.00167550963418,-0.0231481481481483,0.0688319427890342,-0.0683116883116891,0.0095551709095,0.0259074767023377,65.51724137931024,0.3627553422828232,-0.0523117569352716,0.1790581678371738,-0.8330747319734896,0.0033005146565228,0.0206300529690549,0.1697866782760122,-0.2094594594594594,-0.2965543651578772,1.0,0.0253358272402652,20,0.935483870967742,-0.587785252292473,-0.8090169943749475,2025-05,20,41.60958870796589,2025-05-06,0.0679611650485432,False,False,44.437424833749965,43.9110310960499,0.0119164497266136,0.2357245499386776,-0.0024761124075645,44.021449133007465,179.8009908884859,2025-04,technical_calendar,71b2c2126ea942b716c673a87e9a9f022cacdfda25e55f1073d19b0bbf396612,True,technical_calendar
2025-06-02,178.0,178.05,175.25,175.9,21228875,3738759521,-3.85,71584,0.0,1.0,0.9785813630041724,966.2359207783868,43.06635277276375,0.244834296604683,43.58050479563359,43.59274651046382,42.90721047997071,44.5,44.5125,43.8125,43.975,175.66,175.9,537156749081.0,3058000000.0,2611,246,-16128821.0,-15702913.0,0.0,-425908.0,175.9,0.0,True,0.0210346787947697,2025-06-03,YUANTA_ETF_NAV_HISTORY,0.0022302759966545,-0.0101872246696037,0.0661328588374847,-0.0441371975538431,0.0086414903765217,0.0290097748772768,62.499999999999886,0.365950093602554,-0.0501981505944527,0.1790286452914258,-0.6811315310443422,0.0071156432093233,0.0205841446453407,0.1572164948453609,-0.3347280334728033,-0.2663277254793837,1.0,0.0296321525885558,1,0.0666666666666666,0.0,1.0,2025-06,16,43.45808764733123,2025-06-03,0.0028169014084509,False,True,43.45808764733123,44.00896481469177,-0.0125963876856856,0.6038373271907622,-0.0139642164231479,43.615678487024105,178.14366325256842,2025-05,technical_calendar,71b2c2126ea942b716c673a87e9a9f022cacdfda25e55f1073d19b0bbf396612,False,technical_calendar
2025-07-31,51.1,51.6,51.1,51.55,83010418,4262147126,0.55,34626,0.0,1.0,1.0107843137254902,1140.687860721279,50.84189560439562,0.9862637362637368,50.39807692307695,50.89120879120882,50.39807692307695,51.1,51.6,51.1,51.55,51.5,51.55,669240825312.0,12994500000.0,7657,578,33622955.0,21117905.0,0.0,12505050.0,51.55,0.0,True,0.0200775945683802,2025-08-01,YUANTA_ETF_NAV_HISTORY,0.0109018830525271,0.0059171597633138,0.055718546128576,0.2290926059026068,0.0228309030180233,0.0915422203634694,69.40786001618457,1.090804895600806,-0.0017355244090337,0.1303686657810333,0.5983165778692471,-0.0031274433150898,0.0202941176470588,0.0181505034446209,0.6956521739130435,0.297566531834678,1.0,-0.0018796992481202,23,1.0,-0.587785252292473,-0.8090169943749475,2025-07,23,47.35095296334568,2025-07-09,0.064351903584497,False,False,50.39807692307695,50.299450549450576,0.0019588644853329,0.0897790586686997,-0.0005670251632898,50.52229226773815,51.225945363389066,2025-06,technical_calendar,71b2c2126ea942b716c673a87e9a9f022cacdfda25e55f1073d19b0bbf396612,True,technical_calendar
2025-08-04,50.65,50.8,50.4,50.8,88936360,4503157892,-0.3,68549,0.0,1.0,0.99412915851272,1124.092014057051,50.10219780219781,0.9862637362637364,49.954258241758254,50.10219780219781,49.70769230769232,50.65,50.8,50.4,50.8,50.88,50.8,661368721415.0,12999500000.0,7739,372,6494592.0,21187676.0,1300000.0,-15993084.0,50.8,0.0,True,0.0203740157480315,2025-08-05,YUANTA_ETF_NAV_HISTORY,-0.0087293889427737,0.0039292730844793,0.0532422132278025,0.2209113769468658,0.0195614064246336,0.0862657844779839,69.26220921767978,0.9297440342641649,-0.0087293889427737,0.1268764643283673,1.3725673032241716,0.0011755485893416,0.0202544031311154,-0.0350703877500617,0.3611111111111111,-0.5977227850070448,1.0,-0.0029540397452619,2,0.1290322580645161,0.0,1.0,2025-08,21,49.954258241758254,2025-08-04,0.0,True,True,49.954258241758254,50.39807692307693,-0.0088452665149662,0.526895101059068,-0.0126412227793608,50.013818477387886,50.71038976537378,2025-07,technical_calendar,71b2c2126ea942b716c673a87e9a9f022cacdfda25e55f1073d19b0bbf396612,False,technical_calendar
2025-09-30,57.55,57.9,57.55,57.8,64586624,3728927072,0.55,47696,0.0,1.0,1.0096069868995632,1278.9865829231794,57.00604395604394,0.986263736263736,56.759478021978005,57.10467032967031,56.759478021978005,57.55,57.9,57.55,57.8,57.31,57.8,727277670798.0,12691000000.0,6461,1421,-10173704.0,-10706507.0,0.0,532803.0,57.8,0.0,True,0.0179065743944636,2025-10-01,YUANTA_ETF_NAV_HISTORY,-0.0163230240549827,0.0043859649122808,0.0904761904761903,0.1800022839000326,0.0338600451467268,0.087423875724637,77.46478873239431,0.8395650970244051,-0.0205303678357571,0.1431445588122699,3.501201054066947,0.0054443273621356,0.0180786026200873,0.2032245969253843,0.0619012527634488,-0.5911493308508484,1.0,-0.0006318366702207,21,1.0,0.9510565162951536,0.3090169943749474,2025-09,21,51.18708791208792,2025-09-03,0.1088631984585737,False,False,56.759478021978005,56.46359890109889,0.0052264927335425,0.2225004215461387,-0.0007982319725715,56.70063856413552,57.49034105110122,2025-08,technical_calendar,71b2c2126ea942b716c673a87e9a9f022cacdfda25e55f1073d19b0bbf396612,True,technical_calendar
2025-10-31,64.6,64.8,64.4,64.75,55956524,3616991558,0.35,44302,0.0,1.0,1.0054347826086956,1432.7747620116936,63.86057692307692,0.9862637362637362,63.71263736263735,63.9098901098901,63.51538461538462,64.6,64.8,64.4,64.75,64.06,64.75,883515058234.0,13791500000.0,7995,1834,-16027851.0,-6054165.0,-152000.0,-9821686.0,64.75,0.0,True,0.0159845559845559,2025-11-03,YUANTA_ETF_NAV_HISTORY,0.0,0.0271132376395537,0.1248908296943231,0.2602739726027392,0.0425351086648591,0.1391845278457502,67.01570680628289,1.4248846783290123,0.0,0.1994451503251877,-0.456701878010745,0.0024906600249068,0.0160714285714285,-0.0082097782134542,0.0737217598097503,-0.4271163772069861,1.0,0.0221816963787264,20,1.0,-0.9510565162951536,0.3090169943749472,2025-10,20,57.10467032967031,2025-10-01,0.1157167530224525,False,False,63.71263736263735,63.51538461538462,0.0031007776782479,0.0862309951324659,-0.0006483812251988,63.7915868593832,64.68004907190944,2025-09,technical_calendar,71b2c2126ea942b716c673a87e9a9f022cacdfda25e55f1073d19b0bbf396612,True,technical_calendar
2025-11-18,61.3,61.3,60.3,60.45,264956405,16077471840,-1.45,354183,0.0,1.0,0.9765751211631664,1337.625241136786,59.619642857142864,0.9862637362637364,60.45796703296704,60.45796703296704,59.471703296703296,61.3,61.3,60.3,60.45,60.05,60.45,874140240917.0,14556500000.0,10459,1521,-170392159.0,-128357758.0,0.0,-42034401.0,60.45,0.0,True,0.01712158808933,2025-11-19,YUANTA_ETF_NAV_HISTORY,0.0032414910858995,-0.0228887134964481,-0.0024174053182917,0.1635338345864658,-0.0214212315231996,0.0552185586635036,39.86013986013989,-1.7051446015993672,-0.0440154440154438,0.1705775447712988,-0.3925852081262717,0.0040551500405514,0.0167205169628433,0.0813256295650277,-0.076157000585823,-0.277775927250143,1.0,0.0232525316679015,12,0.6,0.9510565162951536,0.3090169943749474,2025-11,20,59.27445054945056,2025-11-21,0.0199667221297836,False,False,59.27445054945056,61.04972527472528,-0.0295103381493884,0.6230653403781605,-0.0146422742700299,60.46314269766131,61.30524774916076,2025-10,technical_calendar,71b2c2126ea942b716c673a87e9a9f022cacdfda25e55f1073d19b0bbf396612,False,technical_calendar
2025-12-31,65.1,65.85,64.9,65.6,71868485,4709518474,0.45,52512,0.0,1.0,1.0069071373752876,1451.5833882311522,64.69890109890109,0.9862637362637362,64.20576923076922,64.94546703296702,64.00851648351649,65.1,65.85,64.9,65.6,65.88,65.6,1018446404233.0,15460000000.0,8464,1738,18361490.0,21916908.0,0.0,-3555418.0,65.6,0.0,True,0.0157774390243902,2026-01-02,YUANTA_ETF_NAV_HISTORY,-0.0015325670498084,0.0276025236593062,0.0593495934959349,0.1213425129087784,0.0306913463059643,0.0421776687639972,62.39999999999981,1.9130252219485475,-0.0015325670498084,0.1236092104817221,-0.6008637903850615,0.00184530216823,0.0158864159631619,-0.142362912990832,0.2494654312188169,-0.0488918957105792,1.0,-0.0049536798764796,22,1.0,0.5877852522924732,-0.8090169943749473,2025-12,22,60.9510989010989,2025-12-02,0.0533980582524269,False,False,64.20576923076922,64.25508241758243,-0.0007677543563309,0.1092010437968471,-0.000471213074153,64.54593577377796,65.44490423859381,2025-11,technical_calendar,71b2c2126ea942b716c673a87e9a9f022cacdfda25e55f1073d19b0bbf396612,True,technical_calendar
2026-01-30,73.15,73.2,72.3,72.6,175275799,12738811404,-1.15,241546,0.0,1.0,0.9844067796610168,1628.85230190365,72.6,1.0,73.15,73.2,72.3,73.15,73.2,72.3,72.6,72.27,72.6,1151978068228.0,15939500000.0,7371,354,-77383768.0,-63741015.0,1640000.0,-15282753.0,72.6,0.0,True,0.018732782369146,2026-02-02,YUANTA_ETF_NAV_HISTORY,-0.0060646900269543,0.027158774373259,0.1398957130239828,0.169306626651654,0.0447089306463293,0.1400287948044074,82.67479449524325,1.6166447684607963,-0.0060646900269543,0.1771444533293484,0.2956501076954587,0.0025829255029907,0.0184406779661016,-0.0839278765079777,2.207792207792208,-0.3916836641302856,1.0,0.0102274171007494,21,0.967741935483871,-0.9510565162951536,0.3090169943749472,2026-01,21,65.0934065934066,2026-01-02,0.123769730733519,False,False,73.15,73.75000000000001,-0.0081688677537959,0.0875508775248722,-0.0015651378146491,74.00283467699087,74.00283467699087,2025-12,technical_calendar,71b2c2126ea942b716c673a87e9a9f022cacdfda25e55f1073d19b0bbf396612,True,technical_calendar
2026-02-02,71.55,71.75,70.9,71.5,234325396,16687566456,-1.1,332048,0.0,1.0,0.984848484848485,1604.1727215717767,71.5,1.0,71.55,71.75,70.9,71.55,71.75,70.9,71.5,71.54,71.5,1142777565230.0,15973000000.0,7914,393,-91789732.0,-79109036.0,-1995000.0,-10685696.0,71.5,0.0,True,0.019020979020979,2026-02-03,YUANTA_ETF_NAV_HISTORY,-0.0155932203389832,0.004844290657439,0.0994942802282496,0.1656554562356507,0.0236553541795463,0.1192769014240004,69.87117470339616,0.9914257227986106,-0.0215633423180595,0.1852745916507427,1.5764567861120544,0.004566210045662,0.018732782369146,-0.0005423728813559,1.744186046511628,-0.4414971629939624,1.0,0.0098837393480533,1,0.0714285714285714,0.0,1.0,2026-02,12,71.40000000000002,2026-02-06,0.0021008403361342,False,True,71.40000000000002,72.6,-0.0166670524852113,0.5807046723310829,-0.0130047068378106,72.02028075490685,72.02028075490685,2026-01,technical_calendar,71b2c2126ea942b716c673a87e9a9f022cacdfda25e55f1073d19b0bbf396612,False,technical_calendar
2026-03-09,73.15,73.6,71.65,73.6,542230074,39488306757,-3.25,658991,0.0,1.0,0.9577098243331164,1651.2882840235343,73.59999999999997,0.9999999999999996,73.14999999999998,73.59999999999997,71.64999999999998,73.15,73.6,71.65,73.6,73.32,73.6,1287413944029.0,17558500000.0,14387,531,-345683513.0,-200178300.0,4948000.0,-150453213.0,73.6,0.0,True,0.0184782608695652,2026-03-10,YUANTA_ETF_NAV_HISTORY,-0.007105943152455,-0.0529882932840422,0.0520191649555095,0.2497246874392691,0.0135513864618019,0.1103979649809339,60.881542699724406,0.3312127029095779,-0.0529882932840422,0.2922855161951576,-0.1901626660157376,0.0019556714471966,0.0176968119713728,0.3705583756345176,-0.1552878179384204,-0.5253542660449488,1.0,0.0462239781188269,6,0.2903225806451613,0.0,1.0,2026-03,22,73.14999999999998,2026-03-09,0.0,True,True,73.14999999999998,76.84999999999998,-0.0493433425184716,0.5208256368081012,-0.0200218393684103,75.70325605448963,75.70325605448966,2026-02,technical_calendar,71b2c2126ea942b716c673a87e9a9f022cacdfda25e55f1073d19b0bbf396612,False,technical_calendar
2026-04-30,91.25,91.9,90.3,90.5,89209769,8111730781,-0.25,125264,0.0,1.0,0.9972451790633609,2030.4563818495903,90.49999999999996,0.9999999999999996,91.24999999999996,91.89999999999996,90.29999999999995,91.25,91.9,90.3,90.5,89.58,90.5,1656794776113.0,18495000000.0,9569,1498,-33440050.0,-26169005.0,0.0,-7271045.0,90.5,0.0,True,0.0150276243093922,2026-05-04,YUANTA_ETF_NAV_HISTORY,-0.0135869565217391,0.0509554140127386,0.2280108254397823,0.2806392147056593,0.0919920582395761,0.1637226300772603,82.04419889502745,1.3098076324588437,-0.0241935483870968,0.3315377116221336,-0.446468850863318,-0.0003304692663582,0.0149862258953168,0.141885766092475,0.0740740740740741,-0.3788209858362879,1.0,-0.0001627427579472,20,1.0,-0.587785252292473,-0.8090169943749475,2026-04,20,75.00000000000001,2026-04-01,0.2166666666666659,False,False,91.24999999999996,90.74999999999996,0.0054945193176407,0.0554054262751176,-0.003433599948814,90.89112982212076,90.8911298221208,2026-03,technical_calendar,71b2c2126ea942b716c673a87e9a9f022cacdfda25e55f1073d19b0bbf396612,True,technical_calendar
2026-05-29,103.2,105.4,102.7,105.4,102355526,10636250508,4.9,80065,0.0,1.0,1.0487562189054729,2364.7525154358773,105.4,1.0,103.2,105.4,102.7,103.2,105.4,102.7,105.4,103.54,105.4,1976911160800.0,19092500000.0,9287,1539,27730717.0,15009792.0,5310000.0,7410925.0,105.4,0.0,True,0.0129032258064516,2026-06-01,YUANTA_ETF_NAV_HISTORY,-0.0199902486591907,0.048513302034429,0.1074380165289257,0.2507778469197259,0.042287847753377,0.1799929552659385,59.16230366492138,1.427050405120262,-0.0199902486591907,0.2905686633618122,1.8399548714678935,-0.0060330333300365,0.0135323383084577,-0.087071519255184,0.1391509433962263,-0.3989021794002244,1.0,0.0123125912166643,20,0.935483870967742,-0.9510565162951536,0.3090169943749472,2026-05,20,92.49999999999996,2026-05-04,0.1156756756756762,False,False,103.2,100.49999999999996,0.0265111255483322,0.1202103684136701,-0.0021043615528195,100.79017770205448,100.79017770205448,2026-04,technical_calendar,71b2c2126ea942b716c673a87e9a9f022cacdfda25e55f1073d19b0bbf396612,True,technical_calendar
2026-06-30,106.85,108.25,106.75,107.8,107704452,11603335756,3.35,86511,0.0,1.0,1.032072762087123,2418.598872523602,107.8,1.0000000000000002,106.85000000000002,108.25000000000004,106.75000000000004,106.85,108.25,106.75,107.8,106.74,107.8,2210113839173.0,20706500000.0,12748,1063,32497174.0,20819319.0,5350000.0,6327855.0,107.8,0.0,True,0.0126159554730983,2026-07-01,YUANTA_ETF_NAV_HISTORY,0.013094083414161,-0.0602789023841654,-0.0090132827324476,0.4436765722183826,-0.0067280032332449,0.0943379752913959,56.48148148148155,-0.242423654550613,-0.0602789023841654,0.3339542749395143,-0.6296722407579879,0.0040372969335769,0.0130205840114887,0.0991285403050108,0.0498366013071895,-0.1659402811449158,1.0,0.013016882799119,21,1.0,0.9510565162951536,0.3090169943749474,2026-06,21,98.04999999999995,2026-06-08,0.0897501274859773,False,False,106.85000000000002,104.45,0.0227174937625819,0.1840121212209544,-0.0004142526383274,104.92877397413726,104.92877397413724,2026-05,technical_calendar,71b2c2126ea942b716c673a87e9a9f022cacdfda25e55f1073d19b0bbf396612,True,technical_calendar
2008-07-31,53.15,53.3,51.7,52.4,18531086,974407709,-0.15,3187,0.0,1.0,0.9971455756422456,163.88950846785582,7.304761948557657,0.1394038539801079,7.409314839042738,7.430225417139754,7.207179250771582,13.2875,13.325,12.925,13.1,52.38,52.4,58713315143.0,1121000000.0,32110,2981,0.0,0.0,0.0,0.0,52.4,0.0,False,0.0477099236641221,2008-08-01,YUANTA_ETF_NAV_HISTORY,0.0115495668912415,-0.006616257088847,-0.0428051001821494,-0.166534496431404,-0.0001902587519027,-0.0958102721459093,53.16091954022985,-0.0070930013659516,-0.1995430312261996,0.4236919578977922,-0.6620706266198735,0.000380734818199,0.0475737392959086,-0.0950354609929078,0.0864393338620141,0.0,0.0,0.0409492787342951,22,1.0,-0.587785252292473,-0.8090169943749475,2008-07,22,6.99807346980142,2008-07-16,0.0587649402390437,False,False,7.409314839042738,7.325672526654673,0.0113530074649967,0.2661419758404695,-0.0001888168937195,7.360910893734852,52.80277900197228,2008-06,technical_valuation_calendar,8b0702da5fced1077837418bcf8fc45dd7defeb913c42dd902bc57b28a7bcc9a,True,technical_valuation_calendar
2008-08-19,51.85,53.15,51.85,52.9,13420230,705158902,-0.45,3141,0.0,1.0,0.9915651358950328,165.45333965552612,7.3744638755477085,0.1394038539801079,7.228089828868595,7.409314839042735,7.228089828868595,12.9625,13.2875,12.9625,13.225,52.87,52.9,60696077915.0,1148000000.0,30965,3884,0.0,0.0,0.0,0.0,52.9,0.0,False,0.0472589792060491,2008-08-20,YUANTA_ETF_NAV_HISTORY,-0.0193014705882352,-0.0404676258992806,0.0460784313725486,-0.1457165732586071,-0.0062401043121916,-0.046782406718085,57.21649484536074,-0.262834038098646,-0.1491228070175438,0.3456509582638502,-0.7620070273646327,0.0035741158765989,0.0468603561387066,-0.0114305728022415,-0.0570814425603056,0.0,0.0,-0.0047680970957953,13,0.6129032258064516,0.9510565162951536,0.3090169943749474,2008-08,21,7.207179250771582,2008-08-01,0.0029013539651832,False,True,7.228089828868595,7.437195609838757,-0.028519043072226,0.634170347384822,-0.017862412477175,7.342056442467689,52.667528427982745,2008-07,technical_valuation_calendar,8b0702da5fced1077837418bcf8fc45dd7defeb913c42dd902bc57b28a7bcc9a,False,technical_valuation_calendar
2008-09-15,47.7,48.05,46.4,46.55,25834765,1218699985,-2.32,7176,0.0,1.0,0.9525271127481072,145.59268357211235,6.489249402774025,0.1394038539801079,6.649563834851151,6.698355183744187,6.4683388246770095,11.925,12.0125,11.6,11.6375,46.81,46.55,52874608642.0,1129500000.0,43665,4097,0.0,0.0,0.0,0.0,46.55,0.0,False,0.0537056928034371,2008-09-16,YUANTA_ETF_NAV_HISTORY,0.0103369857349595,0.0059695347879786,-0.1016544117647055,-0.1639007698887939,-0.0525581124832785,-0.0780173064345727,33.56024506466984,-1.3866492499308416,-0.1500869565217389,0.3787571048138708,0.3537221567382106,0.0039030402629416,0.0511561285041948,0.0967904242360044,-0.020447637468914,0.0,0.0,0.0363218390804598,11,0.5,0.0,1.0,2008-09,21,6.041763031497879,2008-09-30,0.1005999077065069,False,False,6.041763031497879,6.8126663440078765,-0.1200877151738504,0.6061639592821807,-0.0247004876082797,6.679683666167227,47.91606168306063,2008-08,technical_valuation_calendar,8b0702da5fced1077837418bcf8fc45dd7defeb913c42dd902bc57b28a7bcc9a,False,technical_valuation_calendar
2008-10-07,41.6,42.95,41.51,42.95,15234059,643206177,0.25,3534,0.0,1.0,1.005854800936768,134.33309902088564,5.987395528445638,0.1394038539801079,5.799200325572492,5.987395528445638,5.786653978714281,10.4,10.7375,10.3775,10.7375,42.85,42.95,46002028194.0,1073500000.0,40213,4108,0.0,0.0,0.0,0.0,42.95,0.0,False,0.0582072176949941,2008-10-08,YUANTA_ETF_NAV_HISTORY,-0.0453834115805945,-0.0836909871244633,-0.121037463976945,-0.1740812379110251,-0.0919433900071241,-0.1603964030097262,38.36858006042298,-1.909107697339364,-0.234080717488789,0.5365220721972306,-0.4349882859724923,0.0028182245185535,0.0585480093676814,0.0579325006643636,-0.0471676822387723,0.0,0.0,-0.0530738611233967,5,0.2258064516129032,0.9510565162951536,0.3090169943749474,2008-10,22,4.440749856843141,2008-10-28,0.3059056493884691,False,False,4.440749856843141,5.952544564950611,-0.2929955372520553,0.9097351451620757,-0.0301793571638168,5.804462222487151,41.63774570619413,2008-09,technical_valuation_calendar,8b0702da5fced1077837418bcf8fc45dd7defeb913c42dd902bc57b28a7bcc9a,False,technical_valuation_calendar
2008-11-07,32.6,34.67,32.56,34.39,21622371,725498202,0.16,5179,0.0,1.0,1.004674262342974,114.212152568981,5.090579585894522,0.1480249952281047,4.825614844436215,5.132026584558392,4.819693844627091,8.15,8.6675,8.14,8.5975,34.26,34.39,37752971641.0,1102000000.0,38428,1870,0.0,0.0,0.0,0.0,34.39,0.0,False,0.0581564408258214,2008-11-10,YUANTA_ETF_NAV_HISTORY,-0.069836956521739,-0.0060975609756096,-0.0956237094579967,-0.3456906729634001,-0.0313312084711752,-0.1989609296285288,44.97502025460059,-0.4864016104536723,-0.3480379709976122,0.6650839112041034,-0.3202839640817541,0.003518029903254,0.058428279287175,-0.023125363814362,0.0052600818234951,0.0,0.0,0.0115633672525439,5,0.2333333333333333,-0.9510565162951536,0.3090169943749472,2008-11,20,4.307527361137847,2008-11-21,0.1202749140893473,False,False,4.307527361137847,5.066895586658024,-0.162364278364647,0.6634635918482075,-0.0507464673126208,4.840264625573123,32.69896829325571,2008-10,technical_valuation_calendar,8b0702da5fced1077837418bcf8fc45dd7defeb913c42dd902bc57b28a7bcc9a,False,technical_valuation_calendar
2008-12-31,33.3,33.33,32.7,32.87,11538329,381048172,-0.29,3362,0.0,1.0,0.991254523522316,109.16410162670552,4.865581593147799,0.1480249952281046,4.929232341095884,4.933673090952728,4.840417343959022,8.325,8.3325,8.175,8.2175,33.1,32.87,39302824998.0,1187500000.0,33974,8494,0.0,0.0,0.0,0.0,32.87,0.0,False,0.0608457560085184,2009-01-05,YUANTA_ETF_NAV_HISTORY,0.042767295597484,0.0444094488188973,0.0836601307189537,-0.1753931804784938,0.0228254164096235,-0.0083143636168186,43.21475625823444,0.6039417939342114,-0.1801929873441603,0.4665582709745339,-0.2716405941151253,0.0006035003017499,0.060313630880579,-0.0318901370413997,0.0229992959399201,0.0,0.0,0.0042301184433164,23,1.0,0.5877852522924732,-0.8090169943749473,2008-12,23,4.45259185646139,2008-12-05,0.1070478723404249,False,False,4.929232341095884,4.90850884176395,0.0042130667193035,0.1250396230536641,-0.001505856748454,4.925628507551193,33.27565388508111,2008-11,technical_valuation_calendar,8b0702da5fced1077837418bcf8fc45dd7defeb913c42dd902bc57b28a7bcc9a,True,technical_valuation_calendar
2009-01-20,30.63,30.89,30.53,30.7,27865305,854151168,-0.83,5266,0.0,1.0,0.9736758642562638,101.95734468937816,4.544367353502812,0.1480249952281046,4.534005603836845,4.5724921025961525,4.519203104314035,7.6575,7.7225,7.6325,7.675,30.43,30.7,37518985235.0,1233000000.0,28786,13163,0.0,0.0,0.0,0.0,30.7,0.0,False,0.0651465798045602,2009-01-21,YUANTA_ETF_NAV_HISTORY,0.0041401273885348,-0.0345988977342313,-0.0343032159264935,0.04750830564784,-0.0255887261264602,-0.0327874719442927,39.34640522875818,-0.8466558633636061,-0.1432065217391307,0.3784083852299648,-0.9042176545323564,0.0047801147227533,0.0634316523945448,-0.0353138246957472,0.089069541397897,0.0,0.0,0.0095238095238094,14,0.6451612903225806,0.9510565162951536,0.3090169943749474,2009-01,15,4.499959854934381,2009-01-21,0.0075657894736842,False,False,4.499959854934381,4.66722809954214,-0.0364968651447935,0.5330568192294799,-0.0191691250895137,4.601506533583985,31.086010349084106,2008-12,technical_valuation_calendar,8b0702da5fced1077837418bcf8fc45dd7defeb913c42dd902bc57b28a7bcc9a,False,technical_valuation_calendar
2009-02-27,32.8,33.05,32.65,33.05,11184488,367402187,0.25,2071,0.0,1.0,1.007621951219512,109.7618971330276,4.892226092288857,0.1480249952281046,4.855219843481831,4.892226092288857,4.833016094197616,8.2,8.2625,8.1625,8.2625,32.92,33.05,41559034357.0,1262500000.0,21398,15605,0.0,0.0,0.0,0.0,33.05,0.0,False,0.0605143721633888,2009-03-02,YUANTA_ETF_NAV_HISTORY,0.0018326206475256,-0.0036452004860269,0.0684039087947876,0.0718954248366001,0.0161877468825031,0.015165583410708,54.77707006369413,0.706772736438364,-0.0528443546058337,0.2475863476996665,1.0213519912167348,0.00336494340777,0.0609756097560975,-0.0161657559198542,-0.0112547152309689,0.0,0.0,0.0392237819983485,20,0.9642857142857144,-0.9510565162951536,0.3090169943749472,2009-02,20,4.496999355029819,2009-02-02,0.0796576695194204,False,False,4.855219843481831,4.855219843481831,0.0,0.230475106186005,-0.0012718953043262,4.87329367987285,32.92209989511006,2009-01,technical_valuation_calendar,8b0702da5fced1077837418bcf8fc45dd7defeb913c42dd902bc57b28a7bcc9a,True,technical_valuation_calendar
2009-03-31,36.78,37.24,36.61,36.64,16999866,626537864,0.35,2757,0.0,1.0,1.0096445301736017,121.68459639800706,5.423635825157755,0.1480249952281046,5.44435932448969,5.5124508222946185,5.419195075300912,9.195,9.31,9.1525,9.16,36.79,36.64,51224295165.0,1392500000.0,13200,8030,0.0,0.0,0.0,0.0,36.64,0.0,False,0.0545851528384279,2009-04-01,YUANTA_ETF_NAV_HISTORY,-0.0391845379931163,-0.0076565490839484,0.136548700281867,0.1401193842287149,0.0294451378645186,0.0897625184554944,66.8667466986796,0.5844891092415743,-0.04750656167979,0.2726602588290713,0.8467258590547546,-0.0127856365614797,0.0551116009920088,-0.0311602828933548,-0.3565254237288136,0.0,0.0,-0.0309565217391304,22,1.0,0.9510565162951536,0.3090169943749474,2009-03,22,4.664267599637577,2009-03-04,0.1672484925420505,False,False,5.44435932448969,5.371827076827919,0.0134119979511959,0.338833853857308,-0.0017753740297024,5.389110028085991,36.40675697899157,2009-02,technical_valuation_calendar,8b0702da5fced1077837418bcf8fc45dd7defeb913c42dd902bc57b28a7bcc9a,True,technical_valuation_calendar
2009-04-30,42.15,42.15,42.15,42.15,37282829,1571471228,2.75,2829,0.0,1.0,1.0697969543147208,139.9837810637554,6.239253548864613,0.1480249952281047,6.239253548864613,6.239253548864613,6.239253548864613,10.5375,10.5375,10.5375,10.5375,42.04,42.15,52399791929.0,1246500000.0,10318,7595,0.0,0.0,0.0,0.0,42.15,0.0,False,0.0474495848161328,2009-05-04,YUANTA_ETF_NAV_HISTORY,0.0089628681177977,-0.0307503075030748,0.0565835344596408,0.2432944146418429,-0.0079190220196653,0.0948245918721781,50.882352941176485,-0.3545578973631367,-0.0436893203883496,0.2893302854868288,-1.0922308022596194,0.000253871541,0.0507614213197969,0.0701382581491574,-0.054828352679674,0.0,0.0,0.0004016064257028,22,1.0,-0.587785252292473,-0.8090169943749475,2009-04,22,5.490247073010404,2009-04-01,0.1364249123753032,False,False,6.239253548864613,5.832184811987325,0.0674688681439762,0.2804974474933671,-0.0013622013539914,5.853366838615647,39.543097634258864,2009-03,technical_valuation_calendar,8b0702da5fced1077837418bcf8fc45dd7defeb913c42dd902bc57b28a7bcc9a,True,technical_valuation_calendar
2009-05-27,46.1,48.14,46.1,48.0,29646748,1393469812,2.4,4505,0.0,1.0,1.0526315789473684,159.41213501922326,7.105199770949026,0.1480249952281047,6.823952280015628,7.125923270280961,6.823952280015628,11.525,12.035,11.525,12.0,47.45,48.0,56891960729.0,1199000000.0,10239,7585,0.0,0.0,0.0,0.0,48.0,0.0,False,0.0416666666666666,2009-06-01,YUANTA_ETF_NAV_HISTORY,-0.0028427727968508,-0.0108459869848156,0.1538461538461539,0.4281240212965873,0.0190285707900823,0.1448752604842291,44.26934097421209,0.4047022720423877,-0.0172413793103447,0.4021747790678534,-0.7599445549128242,-0.0039318479685451,0.043859649122807,-0.1540604423434071,0.0259215839520645,0.0,0.0,-0.0294236195082627,18,0.8709677419354839,0.5877852522924732,-0.8090169943749473,2009-05,18,6.498297290513797,2009-05-15,0.050113895216401,False,False,6.823952280015628,6.749939782401576,0.0109052334822623,0.2985145425884851,-0.011221212031153,6.707993756450578,45.31662876336285,2009-04,technical_valuation_calendar,8b0702da5fced1077837418bcf8fc45dd7defeb913c42dd902bc57b28a7bcc9a,True,technical_valuation_calendar
2009-06-30,44.88,44.89,44.08,44.46,7966972,354968737,0.18,1543,0.0,1.0,1.0040650406504066,147.65549006155564,6.58119128784154,0.1480249952281048,6.643361785837344,6.644842035789625,6.52494178965486,11.22,11.2225,11.02,11.115,44.5,44.46,52372686464.0,1177000000.0,10525,7573,0.0,0.0,0.0,0.0,44.46,0.0,False,0.0449842555105713,2009-07-01,YUANTA_ETF_NAV_HISTORY,-0.0071748878923765,0.0086560364464696,-0.074608150470219,0.1477449455676527,-0.0074864392343204,0.0186804085764247,48.88010540184462,-0.2295018309103764,-0.0774999999999993,0.2584271237023341,-0.9118403957402632,0.0056779468544174,0.04516711833785,-0.1152548093148835,-0.0114518889035145,0.0,0.0,0.0129533678756477,23,1.0,0.9510565162951536,0.3090169943749474,2009-06,23,6.328068546001478,2009-06-19,0.0498245614035093,False,False,6.643361785837344,6.55454678870048,0.0134591533740049,0.3435258340486873,-0.0010831595547375,6.580188267403766,44.45322397925953,2009-05,technical_valuation_calendar,8b0702da5fced1077837418bcf8fc45dd7defeb913c42dd902bc57b28a7bcc9a,True,technical_valuation_calendar
2009-07-31,49.11,49.58,48.95,49.02,13207439,652064633,0.17,1629,0.0,1.0,1.0034800409416582,162.79964288838192,7.2561852660817,0.1480249952281048,7.269507515652229,7.339079263409439,7.245823516415733,12.2775,12.395,12.2375,12.255,49.49,49.02,65699520214.0,1327500000.0,6442,6077,0.0,0.0,0.0,0.0,49.02,0.0,False,0.0407996736026111,2009-08-03,YUANTA_ETF_NAV_HISTORY,-0.0101317122593718,0.0070088641517211,0.0642701525054465,0.0528017241379319,0.0290384757170092,0.0628576401731908,64.39499304589705,1.0243444447572068,-0.017102615694165,0.196377909022021,-0.7737317652169761,-0.0018389865140988,0.0409416581371545,-0.0684025334271639,-0.1178696158323632,0.0,0.0,-0.0103819058212829,23,1.0,-0.9510565162951536,0.3090169943749472,2009-07,23,6.5841517877461015,2009-07-01,0.1040917266187053,False,False,7.269507515652229,7.231021016892923,0.0053083015623613,0.2067695281385179,-0.000849486520953,7.261005375170575,49.05256280523063,2009-06,technical_valuation_calendar,8b0702da5fced1077837418bcf8fc45dd7defeb913c42dd902bc57b28a7bcc9a,True,technical_valuation_calendar
2009-08-31,48.69,48.84,48.07,48.45,5273077,255179832,0.05,812,0.0,1.0,1.00103305785124,160.90662378502864,7.171811018801681,0.1480249952281048,7.2073370176564255,7.229540766940642,7.1155615206150005,12.1725,12.21,12.0175,12.1125,48.72,48.45,51642161444.0,1060000000.0,5857,5697,0.0,0.0,0.0,0.0,48.45,0.0,False,0.0412796697626419,2009-09-01,YUANTA_ETF_NAV_HISTORY,0.013612565445026,0.02585841458245,-0.0092118730808598,0.038181038181039,0.0005581626113739,0.0357113560899757,50.964187327823765,0.045610906297585,-0.0261569416498994,0.1912928361377471,-0.231962577816066,-0.007383100902379,0.0413223140495867,-0.0954751131221719,-0.0706823375775383,0.0,0.0,-0.0841242450388265,20,1.0,0.0,1.0,2009-08,20,7.051910772666917,2009-08-27,0.0220403022670023,False,False,7.2073370176564255,7.164409769040276,0.0059738564720233,0.2507682578842275,-0.000912025464502,7.193668016749113,48.59765748118251,2009-07,technical_valuation_calendar,8b0702da5fced1077837418bcf8fc45dd7defeb913c42dd902bc57b28a7bcc9a,True,technical_valuation_calendar
2009-09-30,52.95,53.85,52.95,53.3,11654453,622532750,0.45,1850,0.0,1.0,1.0085146641438032,177.01389159426256,7.889732245657984,0.1480249952281047,7.837923497328148,7.971145993033442,7.837923497328148,13.2375,13.4625,13.2375,13.325,53.61,53.3,52913290451.0,987000000.0,6930,4734,0.0,0.0,0.0,0.0,53.3,0.0,False,0.0375234521575985,2009-10-01,YUANTA_ETF_NAV_HISTORY,0.0202702702702703,-0.0018885741265345,0.052788844621513,0.1567082512584805,0.0113380854422808,0.0679644348646093,56.06060606060592,0.6896677940687957,-0.0084427767354596,0.1614258593473764,-0.740209442667681,-0.0039577836411609,0.0378429517502365,-0.0481961668545659,-0.0316606929510154,0.0,0.0,-0.0144278606965173,22,1.0,0.5877852522924732,-0.8090169943749473,2009-09,22,7.171811018801682,2009-09-01,0.0928792569659435,False,False,7.837923497328148,7.823120997805337,0.0018903597311689,0.2429376905938828,-5.028110272957581e-05,7.861841290806498,53.11157942407968,2009-08,technical_valuation_calendar,8b0702da5fced1077837418bcf8fc45dd7defeb913c42dd902bc57b28a7bcc9a,True,technical_valuation_calendar
2009-10-30,51.75,52.0,51.55,51.65,12799020,662065068,0.1,1916,0.0,1.0,1.0019398642095054,174.7553970952862,7.789068299372582,0.1508048073450645,7.804148780107089,7.841849981943355,7.7739878186380755,12.9375,13.0,12.8875,12.9125,51.32,51.65,48861084133.0,952000000.0,6149,1986,0.0,0.0,0.0,0.0,51.65,0.0,False,0.0193610842207163,2009-11-02,YUANTA_ETF_NAV_HISTORY,-0.0190294957183633,-0.0220097743506348,-0.0210983202726767,0.0929880357413293,-0.0250620756132824,0.0162617075163853,42.493433872744255,-1.8509649912551305,-0.0433866098839543,0.1650755384125599,3.174094565040753,0.0042859925969218,0.0193986420950533,0.3828494260634707,,0.0,0.0,0.0234972677595628,22,0.967741935483871,-0.9510565162951536,0.3090169943749472,2009-10,22,7.793515998759716,2009-10-06,0.0013643112234664,False,True,7.804148780107089,7.773987818638074,0.0038722216825097,0.5043492070990723,5.4123520923412055e-05,7.813280628545112,51.81055409372414,2009-09,technical_valuation_calendar,8b0702da5fced1077837418bcf8fc45dd7defeb913c42dd902bc57b28a7bcc9a,False,technical_valuation_calendar
2009-11-02,50.8,51.4,50.6,51.35,13105691,668419482,-0.3,2145,0.0,1.0,0.9941916747337852,173.74036090693025,7.743826857169062,0.1508048073450645,7.660884213129275,7.751367097536314,7.630723251660263,12.7,12.85,12.65,12.8375,51.35,51.35,49117130275.0,956500000.0,6861,2131,0.0,0.0,0.0,0.0,51.35,0.0,False,0.0194741966893865,2009-11-03,YUANTA_ETF_NAV_HISTORY,0.0019398642095054,-0.0300469483568069,-0.0015189174261253,0.0930609275372493,-0.0230982456071536,0.0167640584943349,40.9140369967356,-1.6905277890014527,-0.0415309098061346,0.1536364668942533,0.6793516509806677,0.0064302416212003,0.0193610842207163,0.2961635750421585,1.5692108667529108,0.0,0.0,0.0325379609544469,1,0.0666666666666666,0.0,1.0,2009-11,21,7.660884213129275,2009-11-02,0.0,True,True,7.660884213129275,7.789068299372582,-0.0165938409812115,0.7725538028330944,-0.0202949942225942,7.670745426030683,50.865390573914816,2009-10,technical_valuation_calendar,8b0702da5fced1077837418bcf8fc45dd7defeb913c42dd902bc57b28a7bcc9a,False,technical_valuation_calendar
2009-12-31,55.7,56.45,55.7,56.45,5817282,326366699,0.75,1507,0.0,1.0,1.013464991023339,190.9959761089818,8.512931374628895,0.1508048073450645,8.399827769120098,8.512931374628895,8.399827769120098,13.925,14.1125,13.925,14.1125,56.48,56.45,53624879526.0,949500000.0,3419,2536,0.0,0.0,0.0,0.0,56.45,0.0,False,0.0177147918511957,2010-01-04,YUANTA_ETF_NAV_HISTORY,0.0036036036036035,0.0210815765352889,0.0430711610486895,0.0528016584354618,0.0296700249560959,0.042948530577598,79.34782608695696,1.8869625133766776,0.0,0.12545380658426,1.2755044278429402,-0.003934191702432,0.0179533213644524,-0.0584366304072856,-0.0339824360442917,0.0,0.0,0.0058170280274987,23,1.0,-0.587785252292473,-0.8090169943749475,2009-12,23,7.947413347084899,2009-12-01,0.0569259962049342,False,False,8.399827769120098,8.399827769120096,2.2204460492503126e-16,0.1006109625209369,-0.0023967453035322,8.421618226176255,55.84449444576593,2009-11,technical_valuation_calendar,8b0702da5fced1077837418bcf8fc45dd7defeb913c42dd902bc57b28a7bcc9a,True,technical_valuation_calendar
2010-01-22,55.2,55.2,54.35,54.4,29477562,1612081382,-1.55,3929,0.0,1.0,0.972296693476318,184.05989548854933,8.203781519571512,0.1508048073450645,8.324425365447565,8.324425365447565,8.19624127920426,13.8,13.8,13.5875,13.6,54.62,54.4,48586235220.0,889500000.0,4268,2182,0.0,0.0,0.0,0.0,54.4,0.0,False,0.0183823529411764,2010-01-25,YUANTA_ETF_NAV_HISTORY,-0.007978723404255,-0.0261096605744123,0.0256645279560039,0.0647002854424365,-0.0126615785061984,0.0286187032724603,45.68965517241379,-0.7968196103242383,-0.0336787564766837,0.1351895847683258,0.2361160104157647,-0.0024959885897664,0.0178731009830205,0.0204367301231802,-0.0577001219016659,0.0,0.0,-0.0185589519650655,15,0.7096774193548387,-0.9510565162951536,0.3090169943749472,2010-01,20,7.985114548921168,2010-01-29,0.0424929178470256,False,False,7.985114548921168,8.437528970956363,-0.0551103627105188,0.5321104234836844,-0.0126643654344697,8.373003538781008,55.5221261588982,2009-12,technical_valuation_calendar,8b0702da5fced1077837418bcf8fc45dd7defeb913c42dd902bc57b28a7bcc9a,False,technical_valuation_calendar
2010-02-05,51.25,51.3,50.5,50.75,24216962,1231585083,-1.8,5321,0.0,1.0,0.9657469077069458,171.71028853021838,7.653343972762028,0.1508048073450646,7.728746376434561,7.736286616801814,7.615642770925763,12.8125,12.825,12.625,12.6875,50.61,50.75,44841621579.0,886000000.0,6674,2439,0.0,0.0,0.0,0.0,50.75,0.0,False,0.0197044334975369,2010-02-06,YUANTA_ETF_NAV_HISTORY,-0.0037914691943127,-0.027752081406105,-0.0844947735191634,-0.0241411327762299,-0.0470577568229212,-0.0367519017505265,21.925133689839512,-1.1991901019566564,-0.0924006908462864,0.1982732567327424,-1.215119427056902,-0.0009505703422053,0.0190294957183634,0.1279850746268656,0.0372154115586689,0.0,0.0,0.0445632798573976,5,0.1785714285714285,-0.9510565162951536,0.3090169943749472,2010-02,14,7.660884213129282,2010-02-06,0.0088582677165354,False,False,7.660884213129282,7.924792625983144,-0.0338687427385237,0.7690757578745148,-0.0203762460603085,7.803773882707346,51.74751402222285,2010-01,technical_valuation_calendar,8b0702da5fced1077837418bcf8fc45dd7defeb913c42dd902bc57b28a7bcc9a,False,technical_valuation_calendar
2010-03-31,54.35,54.45,54.2,54.25,10909581,592799089,-0.2,1245,0.0,1.0,0.9963269054178144,183.5523773943713,8.181160798469751,0.1508048073450645,8.196241279204258,8.211321759938764,8.173620558102499,13.5875,13.6125,13.55,13.5625,54.1,54.25,47986045001.0,887000000.0,6441,3872,0.0,0.0,0.0,0.0,54.25,0.0,False,0.0184331797235023,2010-04-01,YUANTA_ETF_NAV_HISTORY,-0.0009174311926605,0.020618556701031,0.0341880341880338,-0.0135869565217389,0.0158108297187631,0.0056330224397451,56.84210526315785,1.3996916465381608,-0.059585492227979,0.1317186136869078,-0.8553544951470381,-0.0009174311926605,0.0183654729109274,-0.0723329937418134,0.0395310796074155,0.0,0.0,-0.0072747621712366,23,1.0,0.5877852522924732,-0.8090169943749473,2010-03,23,7.766447578270827,2010-03-01,0.0553398058252423,False,False,8.196241279204258,8.211321759938766,-0.0018382358117511,0.2017407271727767,-0.0001613021202659,8.251047349961306,54.71342389690301,2010-02,technical_valuation_calendar,8b0702da5fced1077837418bcf8fc45dd7defeb913c42dd902bc57b28a7bcc9a,True,technical_valuation_calendar
2010-04-30,55.4,55.7,54.7,54.8,5323236,294390784,-0.2,1128,0.0,1.0,0.9963636363636365,185.41327707302395,8.264103442509537,0.1508048073450645,8.354586326916575,8.399827769120096,8.249022961775031,13.85,13.925,13.675,13.7,54.89,54.8,51565973556.0,939500000.0,5705,3846,0.0,0.0,0.0,0.0,54.8,0.0,False,0.0182481751824817,2010-05-03,YUANTA_ETF_NAV_HISTORY,-0.004524886877828,0.0101010101010103,0.013824884792627,0.0387157695939563,9.09173561234322e-05,0.0254020041948264,48.55072463768117,0.0088739144678258,-0.0161001788908763,0.1626488505483544,-1.358361960383342,0.000363768643143,0.0181818181818181,-0.0809492847854356,0.0041483017889552,0.0,0.0,0.048494983277592,21,1.0,-0.9510565162951536,0.3090169943749472,2010-04,21,8.128379115898978,2010-04-20,0.0278293135435991,False,False,8.354586326916575,8.29426440397855,0.007246408520767,0.3253176389240758,-0.0003100094816548,8.333151969402028,55.25786688175332,2010-03,technical_valuation_calendar,8b0702da5fced1077837418bcf8fc45dd7defeb913c42dd902bc57b28a7bcc9a,True,technical_valuation_calendar
2010-05-05,53.4,53.45,52.85,53.0,20067366,1064924964,-1.5,3590,0.0,1.0,0.9724770642201837,179.32305994288816,7.992654789288423,0.1508048073450645,8.052976712226448,8.060516952593701,7.970034068186663,13.35,13.3625,13.2125,13.25,52.92,53.0,49693552859.0,939000000.0,6312,3534,0.0,0.0,0.0,0.0,53.0,0.0,False,0.0188679245283018,2010-05-06,YUANTA_ETF_NAV_HISTORY,0.0009182736455466,-0.0241718889883615,-0.0144665461121152,0.0283018867924529,-0.0080538745051642,0.0148818298909081,44.35483870967751,-0.7667368414465435,-0.025044722719141,0.1575616457932337,0.65661620858311,0.0,0.018348623853211,0.0598802395209581,-0.0439867785405543,0.0,0.0,-0.0058262711864406,3,0.1612903225806451,0.5877852522924732,-0.8090169943749473,2010-05,21,7.437693098258586,2010-05-27,0.0827250608272505,False,False,7.437693098258586,8.21886200030602,-0.0998710233730547,0.6756577637864399,-0.0151753203441554,8.135555128519105,53.94758477363197,2010-04,technical_valuation_calendar,8b0702da5fced1077837418bcf8fc45dd7defeb913c42dd902bc57b28a7bcc9a,False,technical_valuation_calendar
2010-06-07,48.85,48.85,48.3,48.74,15955142,773811848,-1.31,3896,0.0,1.0,0.973826173826174,164.90954606823337,7.350226309998447,0.1508048073450645,7.366814838806404,7.366814838806404,7.283872194766618,12.2125,12.2125,12.075,12.185,48.65,48.74,46535175344.0,956500000.0,10281,4672,0.0,0.0,0.0,0.0,48.74,0.0,False,0.0205170291341813,2010-06-08,YUANTA_ETF_NAV_HISTORY,-0.002988047808765,0.0036093843994384,-0.0365736284889318,-0.0671015843429638,-0.0153452685421994,-0.0588419650552376,38.00259403372254,-0.5949589249029129,-0.1046511627906974,0.2120200742907092,-1.223803245227087,0.0001998401278975,0.0199800199800199,-0.0031036623215394,0.0731862537123462,0.0,0.0,0.0079872204472843,5,0.2333333333333333,0.0,1.0,2010-06,21,7.265775617885213,2010-06-10,0.0139061851390616,False,False,7.265775617885213,7.547780607620481,-0.038078508574504,0.622277339756979,-0.0197232183315397,7.437374404731505,49.317886715067736,2010-05,technical_valuation_calendar,8b0702da5fced1077837418bcf8fc45dd7defeb913c42dd902bc57b28a7bcc9a,False,technical_valuation_calendar
2010-07-30,53.9,54.05,53.5,53.9,7817682,420410866,-0.2,1326,0.0,1.0,0.9963031423290204,182.3681685079561,8.128379115898984,0.1508048073450646,8.128379115898984,8.150999837000743,8.068057192960957,13.475,13.5125,13.375,13.475,54.07,53.9,53823707828.0,995500000.0,6109,4995,0.0,0.0,0.0,0.0,53.9,0.0,False,0.0185528756957328,2010-08-02,YUANTA_ETF_NAV_HISTORY,0.0009250693802038,0.0217186024551463,0.0998170359829238,0.0207547169811326,0.0285757742837045,0.0552048319669205,70.58823529411767,1.283996000545551,0.0,0.1327699832767149,0.2034758614867285,-0.0049659738826558,0.0184842883548983,-0.0838414634146341,-0.0525214081826831,0.0,0.0,-0.0059731209556993,22,0.967741935483871,-0.9510565162951536,0.3090169943749472,2010-07,22,7.404516040642672,2010-07-02,0.0977596741344197,False,False,8.128379115898984,8.158540077367997,-0.0037037079374844,0.1439389749371326,-0.0008600305232737,8.192284132754873,54.32375981230934,2010-06,technical_valuation_calendar,8b0702da5fced1077837418bcf8fc45dd7defeb913c42dd902bc57b28a7bcc9a,True,technical_valuation_calendar
2010-08-27,53.6,53.9,53.45,53.85,8466348,454575678,0.25,1000,0.0,1.0,1.0046641791044777,182.1989958098969,8.120838875531733,0.1508048073450646,8.083137673695468,8.128379115898987,8.060516952593709,13.4,13.475,13.3625,13.4625,54.01,53.85,48578691840.0,899500000.0,5201,4339,0.0,0.0,0.0,0.0,53.85,0.0,False,0.0185701021355617,2010-08-30,YUANTA_ETF_NAV_HISTORY,-0.0064874884151996,-0.0245677888989992,-0.0092421441774489,0.0927624872579011,-0.0222546515870121,0.0201977584834078,34.00000000000004,-2.433438561920964,-0.0342342342342341,0.1292699610498569,0.5659529062861693,-0.003717472118959,0.0186567164179104,-0.1092408685406497,-0.0034145231049397,0.0,0.0,-0.0389541088580576,20,0.8709677419354839,-0.9510565162951536,0.3090169943749472,2010-08,22,8.083137673695468,2010-08-27,0.0,True,True,8.083137673695468,8.083137673695468,0.0,0.6319292678334206,-0.0020624265602889,8.10681639516134,53.757015693881016,2010-07,technical_valuation_calendar,8b0702da5fced1077837418bcf8fc45dd7defeb913c42dd902bc57b28a7bcc9a,False,technical_valuation_calendar
2010-09-30,57.7,57.8,57.5,57.7,6992312,403020952,-0.1,988,0.0,1.0,0.9982698961937716,195.22529356046527,8.701437383810237,0.1508048073450647,8.701437383810237,8.716517864544743,8.671276422341224,14.425,14.45,14.375,14.425,57.78,57.7,50787314121.0,879000000.0,5711,3370,0.0,0.0,0.0,0.0,57.7,0.0,False,0.0173310225303292,2010-10-01,YUANTA_ETF_NAV_HISTORY,0.0069686411149825,0.0078465562336527,0.0844277673545967,0.1245136186770436,0.0289732520361385,0.0567854585345788,79.04761904761862,1.2150535111803156,0.0,0.1244937896651645,0.5938354860091533,0.0005193006750907,0.0173010380622837,-0.0250914793518034,-0.0421892816419612,0.0,0.0,-0.0028360748723765,21,1.0,-0.587785252292473,-0.8090169943749475,2010-09,21,8.068057192960966,2010-09-01,0.078504672897196,False,False,8.701437383810237,8.716517864544743,-0.0017316021642778,0.129798318129973,-0.0021662122205337,8.74114475565618,57.963303090564544,2010-08,technical_valuation_calendar,8b0702da5fced1077837418bcf8fc45dd7defeb913c42dd902bc57b28a7bcc9a,True,technical_valuation_calendar
2010-10-29,56.2,56.35,55.9,56.0,7155507,401298561,-0.5,1028,0.0,1.0,0.991150442477876,196.9037520941519,8.776248396081415,0.1567187213585967,8.807592140353135,8.831099948556925,8.760576523945556,14.05,14.0875,13.975,14.0,56.0,56.0,50313461218.0,898500000.0,5702,1344,0.0,0.0,0.0,0.0,56.0,0.0,False,0.0392857142857142,2010-11-01,YUANTA_ETF_NAV_HISTORY,0.0080285459411242,0.0346376436036968,0.0176028817072755,0.0656204405537173,0.0235244858024215,0.0463228016782397,57.60085492920102,1.7474990935273549,0.0,0.1522205203597763,-1.3604772234678864,0.0010630758327427,0.0389380530973451,0.1272834413671184,,0.0,0.0,0.0107770845150312,21,0.935483870967742,-0.9510565162951536,0.3090169943749472,2010-10,21,8.414908249854614,2010-10-20,0.0466652610865134,False,False,8.807592140353135,8.854607756760714,-0.0053238812527498,0.1507552107965775,-0.0033498897483861,8.869120400846297,56.59260312973315,2010-09,technical_valuation_calendar,8b0702da5fced1077837418bcf8fc45dd7defeb913c42dd902bc57b28a7bcc9a,True,technical_valuation_calendar
2010-11-30,57.05,57.5,56.95,57.1,8006464,458479034,0.2,993,0.0,1.0,1.0035149384885764,200.77150436742983,8.94863898957587,0.1567187213585966,8.940803053507938,9.011326478119308,8.92513118137208,14.2625,14.375,14.2375,14.275,56.71,57.1,52597664230.0,927500000.0,5907,2247,0.0,0.0,0.0,0.0,57.1,0.0,False,0.0385288966725043,2010-12-01,YUANTA_ETF_NAV_HISTORY,0.0017605633802817,-0.0078465562336529,0.0017605633802817,0.0839848313294151,-0.0013163668275559,0.0231423025140613,40.90909090909064,-0.1684967868926071,-0.0138648180242637,0.1113509102900942,0.2385531536077919,-0.0010533707865169,0.0386643233743409,0.0453652437935345,0.0461837627613028,0.0,0.0,0.0027085590465871,22,1.0,0.9510565162951536,0.3090169943749474,2010-11,22,8.791920268217273,2010-11-16,0.0169340463458107,False,False,8.940803053507938,8.917295245304151,0.0026327351757991,0.4372866609800106,-0.0002961420514046,8.959228124433448,57.16756777215756,2010-10,technical_valuation_calendar,8b0702da5fced1077837418bcf8fc45dd7defeb913c42dd902bc57b28a7bcc9a,True,technical_valuation_calendar
2010-12-31,60.8,61.4,60.75,61.4,13970805,853433428,0.6,1726,0.0,1.0,1.0098684210526316,215.89089961751645,9.622529491417833,0.1567187213585966,9.528498258602674,9.622529491417833,9.520662322534744,15.2,15.35,15.1875,15.35,61.33,61.4,51363464628.0,837500000.0,6195,2674,0.0,0.0,0.0,0.0,61.4,0.0,False,0.0358306188925081,2011-01-03,YUANTA_ETF_NAV_HISTORY,0.0049586776859502,0.0057899090157147,0.0402053036783571,0.0903246544519438,0.016424959251055,0.0578454518346673,74.19354838709634,1.822670256334052,0.0,0.0727164297738256,-1.0623652024779826,-0.0001644466370663,0.0361842105263157,0.0188865166694038,0.0101449275362319,0.0,0.0,-0.0266976204294834,23,1.0,-0.9510565162951536,0.3090169943749472,2010-12,23,8.948638989575867,2010-12-01,0.0647985989492119,False,False,9.528498258602674,9.528498258602673,2.2204460492503126e-16,0.1418371301629021,-0.0002378333022036,9.573863495532969,61.08946916192923,2010-11,technical_valuation_calendar,8b0702da5fced1077837418bcf8fc45dd7defeb913c42dd902bc57b28a7bcc9a,True,technical_valuation_calendar
2011-01-28,62.5,63.0,62.45,63.0,11849231,743247153,0.55,1615,0.0,1.0,1.0088070456365092,221.51672110592088,9.87327944559159,0.1567187213585966,9.794920084912292,9.87327944559159,9.787084148844365,15.625,15.75,15.6125,15.75,63.12,63.0,49044465966.0,777000000.0,4768,2464,0.0,0.0,0.0,0.0,63.0,0.0,False,0.0349206349206349,2011-02-08,YUANTA_ETF_NAV_HISTORY,0.007258064516129,0.0129764801297649,0.0271381578947376,0.0946538124452236,0.02217857435142,0.0523063961244123,75.45454545454562,1.959912597026451,0.0,0.1272226580126842,1.0178323259730393,-0.0028740220341689,0.0352281825460368,0.076891447368421,-0.0491551459293394,0.0,0.0,-0.0431610942249239,20,0.9032258064516128,-0.9510565162951536,0.3090169943749472,2011-01,20,9.35610766510822,2011-01-11,0.0469011725293133,False,False,9.794920084912292,9.787084148844365,0.0008003201707688,0.1089020793222686,-0.0013078440732024,9.823163998064516,62.68022041596167,2010-12,technical_valuation_calendar,8b0702da5fced1077837418bcf8fc45dd7defeb913c42dd902bc57b28a7bcc9a,True,technical_valuation_calendar
2011-02-23,59.45,59.7,58.8,59.0,28150332,1669981084,-0.85,3513,0.0,1.0,0.985797827903091,207.45216738491,9.246404560157202,0.1567187213585966,9.316927984768572,9.35610766510822,9.215060815885485,14.8625,14.925,14.7,14.75,58.73,59.0,48453762695.0,825000000.0,7891,3142,0.0,0.0,0.0,0.0,59.0,0.0,False,0.0372881355932203,2011-02-24,YUANTA_ETF_NAV_HISTORY,-0.0131904369332235,0.0016736401673638,-0.0164338537387022,0.0435919790758498,-0.0188926683332653,-0.0034688497294298,40.697674418604485,-1.0150664447860274,-0.0500000000000002,0.1843131395627266,1.7489922342071589,0.0041946308724831,0.0367585630743525,0.0280425473131649,0.4148841354723707,0.0,0.0,0.0171211160431199,12,0.8214285714285714,0.5877852522924732,-0.8090169943749473,2011-02,14,9.246404560157202,2011-02-24,0.0076271186440679,False,False,9.246404560157202,9.37961547331201,-0.0143039880982626,0.5649100200172004,-0.0067253346234942,9.363329796811696,59.746083401146144,2011-01,technical_valuation_calendar,8b0702da5fced1077837418bcf8fc45dd7defeb913c42dd902bc57b28a7bcc9a,False,technical_valuation_calendar
2011-03-31,59.5,59.7,59.1,59.55,8065305,479324432,-0.05,932,0.0,1.0,0.9991610738255032,209.38604352154897,9.332599856904428,0.1567187213585966,9.3247639208365,9.35610766510822,9.26207643229306,14.875,14.925,14.775,14.8875,59.91,59.55,59911285992.0,1000000000.0,6728,4227,0.0,0.0,0.0,0.0,59.55,0.0,False,0.0369437447523089,2011-04-01,YUANTA_ETF_NAV_HISTORY,0.0059071729957806,0.0188034188034189,0.0025231286795628,-0.0140612076095947,0.010512037978976,-0.008649367930805,51.020408163265365,0.6116171316818994,-0.053968253968254,0.1292967186720731,-0.4867737164846722,0.0001678133915086,0.0369127516778523,-0.1710108073744437,0.0347424684159378,0.0,0.0,-0.0094105993065873,23,1.0,-0.587785252292473,-0.8090169943749475,2011-03,23,8.901623373168288,2011-03-17,0.0475352112676057,False,False,9.3247639208365,9.34043579297236,-0.00167926151972,0.2012525875640906,-0.0001297459452764,9.385920107855783,59.89022898150981,2011-02,technical_valuation_calendar,8b0702da5fced1077837418bcf8fc45dd7defeb913c42dd902bc57b28a7bcc9a,True,technical_valuation_calendar
2011-04-29,62.0,62.4,61.65,62.0,50487944,3134706959,-0.15,2559,0.0,1.0,0.997586484312148,218.00058267566808,9.71656072423299,0.1567187213585966,9.71656072423299,9.779248212776428,9.66170917175748,15.5,15.6,15.4125,15.5,62.37,62.0,55724058421.0,893500000.0,7912,3609,0.0,0.0,0.0,0.0,62.0,0.0,False,0.0354838709677419,2011-05-03,YUANTA_ETF_NAV_HISTORY,0.0,0.0072933549432738,0.0489451476793247,0.0188524590163932,0.0243942640514256,0.0345975640207527,58.01526717557245,1.6335401532974765,-0.0134920634920638,0.1619754415484818,1.1662723923200815,-0.0044850232260131,0.0353982300884955,0.0761995637949837,0.1096305269533615,0.0,0.0,-0.0832922621981271,19,0.9666666666666668,-0.9510565162951536,0.3090169943749472,2011-04,19,9.30125611263271,2011-04-19,0.0446503791069921,False,False,9.71656072423299,9.74006853243678,-0.0024164329116286,0.1626583514068421,-0.0003087358079209,9.785747198105703,62.44146910638968,2011-03,technical_valuation_calendar,8b0702da5fced1077837418bcf8fc45dd7defeb913c42dd902bc57b28a7bcc9a,True,technical_valuation_calendar
2011-05-25,60.1,60.4,59.8,60.25,22809627,1369585578,-0.2,2224,0.0,1.0,0.9966914805624484,211.8473404227258,9.442302961855445,0.1567187213585966,9.418795153651656,9.465810770059235,9.371779537244077,15.025,15.1,14.95,15.0625,60.16,60.25,60730146987.0,1009500000.0,7500,3623,0.0,0.0,0.0,0.0,60.25,0.0,False,0.0365145228215767,2011-05-26,YUANTA_ETF_NAV_HISTORY,0.0016570008285006,-0.0130612244897956,-0.016273393002441,0.0245762711864403,-0.0200210748155954,0.0020721094073767,34.48275862068948,-2.069065709453748,-0.0296950240770464,0.1032663658651006,0.3478438117219875,0.000330961442992,0.0363937138130686,-0.013486711622372,-0.0439905734485467,0.0,0.0,0.0671602326811211,17,0.8064516129032258,0.5877852522924732,-0.8090169943749473,2011-05,21,9.418795153651656,2011-05-25,0.0,True,True,9.418795153651656,9.473646706127164,-0.0058067355196397,0.661420574454698,-0.0065421720248469,9.458930128265296,60.35609559767786,2011-04,technical_valuation_calendar,8b0702da5fced1077837418bcf8fc45dd7defeb913c42dd902bc57b28a7bcc9a,False,technical_valuation_calendar
2011-06-16,59.9,59.9,59.3,59.4,23032377,1370265275,-1.1,3563,0.0,1.0,0.9818181818181818,208.85862275701092,9.309092048700636,0.1567187213585965,9.387451409379937,9.387451409379937,9.293420176564776,14.975,14.975,14.825,14.85,59.24,59.4,64930022427.0,1096000000.0,7361,3549,0.0,0.0,0.0,0.0,59.4,0.0,False,0.037037037037037,2011-06-17,YUANTA_ETF_NAV_HISTORY,-0.0041152263374484,-0.0241935483870967,-0.0122448979591837,0.0558464223385681,-0.0105891491884377,-0.005275056518463,51.72413793103441,-0.8274338100509251,-0.0296712109061749,0.1642423811279522,-0.6692222361860077,0.0008271298593878,0.0363636363636363,0.1762922540548734,-0.0107102593010146,0.0,0.0,0.0265654648956357,11,0.5333333333333333,-0.587785252292473,-0.8090169943749475,2011-06,21,9.011326478119305,2011-06-27,0.0417391304347827,False,False,9.011326478119305,9.481482642195092,-0.0508584172334907,0.550628673326331,-0.0148424357631745,9.388502540447467,59.90670711870558,2011-05,technical_valuation_calendar,8b0702da5fced1077837418bcf8fc45dd7defeb913c42dd902bc57b28a7bcc9a,False,technical_valuation_calendar
2011-07-29,60.75,60.9,59.9,59.9,13902656,837041345,-0.95,2361,0.0,1.0,0.9843878389482332,210.61669197213743,9.38745140937994,0.1567187213585966,9.520662322534749,9.544170130738536,9.38745140937994,15.1875,15.225,14.975,14.975,60.14,59.9,96254967025.0,1600500000.0,11451,5037,0.0,0.0,0.0,0.0,59.9,0.0,False,0.0367278797996661,2011-08-01,YUANTA_ETF_NAV_HISTORY,-0.0081499592502037,0.0041254125412542,0.0339847068819034,-0.0153721682847894,0.0145048349449821,0.0070335126189498,56.34920634920665,1.0457667466672549,-0.0240577385725735,0.1498779780017361,-0.5060427392318911,-0.0019681810726586,0.0361544782251437,-0.0843129306850425,-0.0016464293064416,0.0,0.0,-0.0092821782178217,21,0.935483870967742,-0.9510565162951536,0.3090169943749472,2011-07,21,9.191553007681687,2011-07-13,0.0358056265984665,False,False,9.520662322534749,9.536334194670609,-0.0016447372128783,0.2346904957512665,-0.0013760576933697,9.570836776551722,61.07015609610655,2011-06,technical_valuation_calendar,8b0702da5fced1077837418bcf8fc45dd7defeb913c42dd902bc57b28a7bcc9a,True,technical_valuation_calendar
2011-08-05,55.7,55.7,54.45,54.45,93524542,5148697495,-3.4,17533,0.0,1.0,0.9412273120138288,191.45373752726016,8.533334377975587,0.1567187213585966,8.729232779673833,8.729232779673833,8.533334377975587,13.925,13.925,13.6125,13.6125,54.63,54.45,93688787474.0,1715000000.0,17770,4735,0.0,0.0,0.0,0.0,54.45,0.0,False,0.0404040404040404,2011-08-08,YUANTA_ETF_NAV_HISTORY,-0.0127986348122867,-0.0493015612161054,-0.0414250207125099,-0.0676873489121673,-0.0319611780455153,-0.0387438034838956,41.91616766467072,-1.9576619683731056,-0.0721732157177221,0.1691597916090781,1.5198248215706422,0.0032951786333681,0.038029386343993,0.4067286409915891,-0.0453514739229025,0.0,0.0,0.0346658338538412,5,0.1612903225806451,-0.9510565162951536,0.3090169943749472,2011-08,23,7.992654789288428,2011-08-09,0.0921568627450981,False,False,7.992654789288428,9.066178030594816,-0.1260278209153599,0.7883385774516742,-0.017452717385897,8.953867963530042,57.13336534339258,2011-07,technical_valuation_calendar,8b0702da5fced1077837418bcf8fc45dd7defeb913c42dd902bc57b28a7bcc9a,False,technical_valuation_calendar
2011-09-23,50.5,50.85,49.93,50.35,64025634,3218883268,-1.75,18626,0.0,1.0,0.9664107485604606,177.03756996322403,7.890787620405342,0.1567187213585966,7.914295428609131,7.96914698108464,7.824965757434731,12.625,12.7125,12.4825,12.5875,50.13,50.35,86482413358.0,1725000000.0,28239,5244,0.0,0.0,0.0,0.0,50.35,0.0,False,0.0436941410129096,2011-09-26,YUANTA_ETF_NAV_HISTORY,-0.0279850746268657,-0.0141911069063388,-0.0095057034220534,-0.1116794543904514,-0.0255307210324513,-0.0726924845374586,37.344398340248944,-1.4723240114981764,-0.1507742461287695,0.2663463669750692,1.0285972132956702,0.0034668721109398,0.0422264875239923,0.027518194737522,-0.0257436075839276,0.0,0.0,0.0062724014336916,16,0.7666666666666667,-0.9510565162951536,0.3090169943749472,2011-09,21,7.875115748269482,2011-09-26,0.0049751243781095,False,True,7.875115748269482,8.165045382782885,-0.036154401820136,0.5899716538170628,-0.0110771990843879,8.115474141464713,51.78369291882657,2011-08,technical_valuation_calendar,8b0702da5fced1077837418bcf8fc45dd7defeb913c42dd902bc57b28a7bcc9a,False,technical_valuation_calendar
2011-10-31,52.8,52.95,52.1,52.2,16939650,888578737,-0.2,3056,0.0,1.0,0.9961832061068704,190.4054697948661,8.48661176397132,0.1625787694247379,8.584159025626162,8.608545841039874,8.470353887028846,13.2,13.2375,13.025,13.05,52.48,52.2,95674414235.0,1823000000.0,20184,2583,0.0,0.0,0.0,0.0,52.2,0.0,False,0.0373563218390804,2011-11-01,YUANTA_ETF_NAV_HISTORY,0.0028708133971291,0.0463782104815364,0.0534757371030203,-0.0723660744963166,0.0369833932002519,0.0268967931997585,71.2528377976517,1.6077402328967083,-0.0603397055399161,0.2105862545999959,2.580146451948473,-0.0036128541547824,0.0372137404580152,-0.1017162368586576,1165.0,0.0,0.0,0.0127884348067834,20,1.0,0.0,1.0,2011-10,20,7.820264195793973,2011-10-04,0.0976814607162557,False,False,8.584159025626162,8.519127517856267,0.0076045993852192,0.0949576474650691,-0.0021746199953449,8.54312489048576,52.54760459015901,2011-09,technical_valuation_calendar,8b0702da5fced1077837418bcf8fc45dd7defeb913c42dd902bc57b28a7bcc9a,True,technical_valuation_calendar
2011-11-21,49.9,49.9,49.12,49.23,46584537,2301241513,-1.07,15116,0.0,1.0,0.978727634194831,179.5720551341237,8.003752818779846,0.1625787694247379,8.112680594294421,8.112680594294421,7.985869154143125,12.475,12.475,12.28,12.3075,49.03,49.23,95159996845.0,1941000000.0,30930,3784,0.0,0.0,0.0,0.0,49.23,0.0,False,0.0396099939061547,2011-11-22,YUANTA_ETF_NAV_HISTORY,-0.0204479065238561,-0.0117878192534381,0.0044432058630012,-0.0079691151219972,-0.0290381716132565,-0.0142774634965213,38.27160493827166,-2.359857991898783,-0.0538381768887952,0.2264382180802804,1.436179437713858,0.0033911829243964,0.0387673956262425,0.0399673129782334,0.0773281596452328,0.0,0.0,0.0130180658873537,15,0.7,0.0,1.0,2011-11,22,7.771265178502471,2011-11-24,0.0439330543933054,False,False,7.771265178502471,8.177712102064318,-0.0509794376082834,0.7346711786984859,-0.0128645603236123,8.113549148151897,49.90534235718815,2011-10,technical_valuation_calendar,8b0702da5fced1077837418bcf8fc45dd7defeb913c42dd902bc57b28a7bcc9a,False,technical_valuation_calendar
2011-12-09,48.0,48.63,48.0,48.24,18170218,877077245,-0.62,5042,0.0,1.0,0.9873106835857552,175.96091691387628,7.842799837049357,0.1625787694247379,7.80378093238742,7.906205557125006,7.80378093238742,12.0,12.1575,12.0,12.06,48.37,48.24,99348636098.0,2054000000.0,28090,6094,0.0,0.0,0.0,0.0,48.24,0.0,False,0.0404228855721393,2011-12-12,YUANTA_ETF_NAV_HISTORY,-0.0069105691056912,-0.0286282306163021,-0.0334322453016814,-0.0176941886478331,-0.0136964179375637,-0.0298236167339983,42.40506329113926,-0.4961719549405659,-0.0702188392007614,0.2675708724181695,-0.6737805575003165,-0.0050906129097942,0.0399099467867376,-0.0430296151068001,0.0297688341925828,0.0,0.0,0.0002440810349035,7,0.2903225806451613,-0.9510565162951536,0.3090169943749472,2011-12,22,7.6493311014339165,2011-12-20,0.0201912858661001,False,False,7.6493311014339165,7.943598674092694,-0.037748199798206,0.5735617501315519,-0.0181282742403557,7.839896818447301,48.222143925604016,2011-11,technical_valuation_calendar,8b0702da5fced1077837418bcf8fc45dd7defeb913c42dd902bc57b28a7bcc9a,False,technical_valuation_calendar
2012-01-31,52.0,52.4,51.75,51.95,20611434,1073539049,0.15,4022,0.0,1.0,1.002895752895753,189.4935662038945,8.445967071615135,0.1625787694247379,8.45409601008637,8.519127517856266,8.413451317730186,13.0,13.1,12.9375,12.9875,52.58,51.95,106454995874.0,2024500000.0,13923,7505,0.0,0.0,0.0,0.0,51.95,0.0,False,0.0375360923965351,2012-02-01,YUANTA_ETF_NAV_HISTORY,0.0277777777777776,0.020689655172414,0.0537021969080557,-0.0086124401913875,0.0326336144170007,0.0373173930892234,66.12641815235006,2.8071387557879874,-0.0142721217887727,0.1635970606962283,1.698159482448403,-0.0038461538461539,0.0376447876447876,-0.2268277109715867,-0.1394386671139438,0.0,0.0,-0.000245941957698,15,1.0,0.9510565162951536,0.3090169943749474,2012-01,15,8.03952014805329,2012-01-02,0.0515672396359958,False,False,8.45409601008637,8.421580256201425,0.0038535693159897,0.0876579179598537,-0.0014625865595628,8.451318329116408,51.982914860410176,2011-12,technical_valuation_calendar,8b0702da5fced1077837418bcf8fc45dd7defeb913c42dd902bc57b28a7bcc9a,True,technical_valuation_calendar
2012-02-29,55.25,56.0,55.25,56.0,28925369,1612404203,1.25,4957,0.0,1.0,1.0228310502283104,204.2664043776341,9.10441108778532,0.1625787694247378,8.982477010716767,9.10441108778532,8.982477010716767,13.8125,14.0,13.8125,14.0,56.21,56.0,92882938055.0,1652500000.0,8260,7010,0.0,0.0,0.0,0.0,56.0,0.0,False,0.0348214285714285,2012-03-01,YUANTA_ETF_NAV_HISTORY,0.0027472527472527,0.0,0.0569498069498068,0.1439615545340578,0.0151578361841191,0.0761564996904209,64.76190476190465,0.9570941234113058,-0.0027322404371584,0.1325355296425029,-1.744107136689535,-0.0030954115076474,0.0356164383561643,-0.079222108495394,0.0313792611610326,0.0,0.0,-0.0618790803292648,20,1.0,0.5877852522924732,-0.8090169943749473,2012-02,20,8.486611763971318,2012-02-01,0.0584291187739463,False,False,8.982477010716767,8.9011876260044,0.0090909717012516,0.2410827499774084,-0.0012927593914131,8.934136406688149,54.95266348921411,2012-01,technical_valuation_calendar,8b0702da5fced1077837418bcf8fc45dd7defeb913c42dd902bc57b28a7bcc9a,True,technical_valuation_calendar
2012-03-30,54.5,54.9,54.2,54.9,8895286,485424630,0.2,1591,0.0,1.0,1.0036563071297988,200.2540285773592,8.925574441418112,0.1625787694247379,8.860542933648217,8.925574441418112,8.811769302820796,13.625,13.725,13.55,13.725,55.18,54.9,82874317540.0,1502000000.0,8003,6489,0.0,0.0,0.0,0.0,54.9,0.0,False,0.0355191256830601,2012-04-02,YUANTA_ETF_NAV_HISTORY,-0.0135256988277728,-0.0161870503597122,-0.0161870503597122,0.0972918756268808,-0.0065834279228148,0.0253494373387153,48.12030075187964,-0.8350035768321901,-0.0232142857142855,0.143036330450011,-0.3324804925253387,-0.0029165147648558,0.0356489945155393,0.0158791634391943,0.0073914382506929,0.0,0.0,-0.0160445317616241,23,0.967741935483871,-0.9510565162951536,0.3090169943749472,2012-03,23,8.779253548935849,2012-03-07,0.0092592592592593,False,False,8.860542933648217,8.893058687533165,-0.0036630077587371,0.4342707197874524,-0.000378500464061,8.93414176412218,54.95269644206549,2012-02,technical_valuation_calendar,8b0702da5fced1077837418bcf8fc45dd7defeb913c42dd902bc57b28a7bcc9a,True,technical_valuation_calendar
2012-04-05,53.45,53.8,53.05,53.65,14638663,781567154,-0.6,2882,0.0,1.0,0.9889400921658986,195.69451062250127,8.72235097963719,0.1625787694247379,8.689835225752242,8.7467377950509,8.624803717982346,13.3625,13.45,13.2625,13.4125,53.58,53.65,80698322553.0,1506000000.0,8267,6453,0.0,0.0,0.0,0.0,53.65,0.0,False,0.0363466915191053,2012-04-06,YUANTA_ETF_NAV_HISTORY,-0.0082266910420475,-0.018099547511312,-0.0064102564102564,0.0891387271632202,-0.0138604862531241,0.0122149938427476,34.579439252336655,-1.67101339229567,-0.0312499999999998,0.1418187164197474,-0.3514216110530807,-0.0016562384983438,0.0359447004608294,0.059115229022576,-0.0048884815154293,0.0,0.0,-0.0092378752886835,3,0.1666666666666666,-0.587785252292473,-0.8090169943749475,2012-04,20,8.470353887028844,2012-04-30,0.025911708253359,False,False,8.470353887028844,8.819898241292032,-0.0404380436612478,0.7809873544124273,-0.0160985383741072,8.722442795780497,53.65056474866696,2012-03,technical_valuation_calendar,8b0702da5fced1077837418bcf8fc45dd7defeb913c42dd902bc57b28a7bcc9a,False,technical_valuation_calendar
2012-05-07,52.45,52.45,51.85,52.05,21312453,1110096207,-1.15,4255,0.0,1.0,0.9783834586466164,189.8583276402832,8.462224948557607,0.1625787694247379,8.527256456327503,8.527256456327503,8.429709194672661,13.1125,13.1125,12.9625,13.0125,52.06,52.05,83140688762.0,1597000000.0,10007,6271,-17454000.0,-14010000.0,1500000.0,-4944000.0,52.05,0.0,True,0.0374639769452449,2012-05-08,YUANTA_ETF_NAV_HISTORY,0.001883239171375,0.0172084130019118,-0.0083876980428704,-0.0018761726078799,0.0044843049327354,-0.0189931772081873,41.93548387096766,0.4376672070257003,-0.0499999999999998,0.1379644868495956,0.0431472481118787,-0.0018761726078798,0.0366541353383458,0.0060763888888888,-0.061527057079318,-0.4360685973891202,1.0,0.0134831460674156,4,0.2258064516129032,0.0,1.0,2012-05,22,7.967985489506407,2012-05-28,0.0701897571924095,False,False,7.967985489506407,8.649190533396057,-0.0820340374261424,0.5096210015821456,-0.0171522054086979,8.54461340000887,52.55676021071376,2012-04,technical_valuation_calendar,8b0702da5fced1077837418bcf8fc45dd7defeb913c42dd902bc57b28a7bcc9a,False,technical_valuation_calendar
2012-06-29,49.48,50.3,49.35,50.2,13651507,681895217,0.67,2362,0.0,1.0,1.0135271552594387,183.1102410670935,8.161454225121846,0.1625787694247379,8.044397511136033,8.17771210206432,8.023262271110818,12.37,12.575,12.3375,12.55,50.33,50.2,99067514691.0,1968500000.0,9703,7245,4944000.0,1371000.0,100000.0,3473000.0,50.2,0.0,True,0.0388446215139442,2012-07-02,YUANTA_ETF_NAV_HISTORY,0.0016177957532861,-0.0123629112662014,-0.0123629112662014,-0.0870046082949306,0.0083161141251795,-0.0274568838563993,63.212435233160726,0.5737310036984076,-0.0819277108433734,0.1988832779261472,0.1320132457574439,0.0038508309687879,0.0393700787401574,0.0240312406127967,0.0867000884694779,-0.7299165689382389,1.0,0.0774087290694482,21,0.9666666666666668,-0.9510565162951536,0.3090169943749472,2012-06,21,7.820038809329894,2012-06-12,0.0286902286902288,False,False,8.044397511136033,8.05252644960727,-0.0010099990758592,0.1943204666815889,-0.0008339839081334,8.086042639592293,49.736153547007504,2012-05,technical_valuation_calendar,8b0702da5fced1077837418bcf8fc45dd7defeb913c42dd902bc57b28a7bcc9a,True,technical_valuation_calendar
2012-07-25,48.82,49.21,48.51,48.86,16634274,812608519,-0.26,3469,0.0,1.0,0.9947068403908796,178.22243781948575,7.943598674092693,0.1625787694247379,7.937095523315704,8.000501243391351,7.886696104794035,12.205,12.3025,12.1275,12.215,48.83,48.86,98009183551.0,2007000000.0,11385,6684,-11165000.0,648000.0,0.0,-11813000.0,48.86,0.0,True,0.0399099467867376,2012-07-26,YUANTA_ETF_NAV_HISTORY,-0.0026395939086296,-0.0146439317953865,0.0026536027760759,-0.0562920268972146,-0.0205383848454641,-0.0197141498168954,28.409090909090608,-1.4139603543340054,-0.0792877225866919,0.1565899593899406,2.726888200154733,-0.0006103763987792,0.0396986970684039,0.0614186851211073,-0.0177567327611719,-0.6159465545975763,1.0,0.0118927125506071,18,0.8064516129032258,0.5877852522924732,-0.8090169943749473,2012-07,22,7.937095523315704,2012-07-25,0.0,True,True,7.937095523315704,7.985869154143123,-0.0061262188740727,0.606348506761065,-0.0065268459511348,7.973585926534907,49.044447529946986,2012-06,technical_valuation_calendar,8b0702da5fced1077837418bcf8fc45dd7defeb913c42dd902bc57b28a7bcc9a,False,technical_valuation_calendar
2012-08-31,52.5,52.85,52.45,52.75,3002955,158160865,0.2,755,0.0,1.0,1.003805899143673,192.4116576950036,8.576030087154924,0.1625787694247379,8.53538539479874,8.592287964097398,8.527256456327503,13.125,13.2125,13.1125,13.1875,52.84,52.75,94615968284.0,1790500000.0,6566,5491,562000.0,395000.0,0.0,167000.0,52.75,0.0,True,0.0369668246445497,2012-09-03,YUANTA_ETF_NAV_HISTORY,-0.0028462998102467,-0.0140712945590992,0.0263671875000002,0.0806086777709231,-0.0026570506737519,0.0348698289330304,46.15384615384649,-0.2054385448103049,-0.0159176029962545,0.1154201059095623,-0.5947908563260007,-0.0009505703422053,0.0371075166508087,0.0159888233467866,0.0089677891654464,-0.4280417120459487,1.0,-0.0412315930388219,22,1.0,-0.9510565162951536,0.3090169943749472,2012-08,22,8.250872548305448,2012-08-03,0.0344827586206895,False,False,8.53538539479874,8.543514333269977,-0.0009519277253821,0.3714195369187035,-0.0004403306400788,8.582451956220455,52.78950004719714,2012-07,technical_valuation_calendar,8b0702da5fced1077837418bcf8fc45dd7defeb913c42dd902bc57b28a7bcc9a,True,technical_valuation_calendar
2012-09-28,55.25,55.35,54.8,55.15,4580522,252268059,0.05,949,0.0,1.0,1.000907441016334,201.1659321683308,8.966219133774295,0.1625787694247379,8.982477010716769,8.998734887659243,8.909316564475636,13.8125,13.8375,13.7,13.7875,55.41,55.15,91449874039.0,1650500000.0,5147,4451,2160000.0,1154000.0,0.0,1006000.0,55.15,0.0,True,0.0353581142339075,2012-10-01,YUANTA_ETF_NAV_HISTORY,0.0036429872495444,-0.0027149321266966,0.048525214081827,0.0719844357976651,0.0157618213660246,0.053003736156632,73.11827956989262,0.7065210954018092,-0.0098831985624435,0.1349434133572228,-0.9152092680888912,0.0007264802034143,0.0353901996370235,-0.0928981348637015,-0.0585995345885339,0.3123168231681693,1.0,-0.01697438951757,20,0.9333333333333332,-0.9510565162951536,0.3090169943749472,2012-09,20,8.502869640913794,2012-09-06,0.0564053537284894,False,False,8.982477010716769,8.958090195303058,0.0027186242389934,0.180316280572558,-0.0016314253317058,8.98820509302455,55.28523265877857,2012-08,technical_valuation_calendar,8b0702da5fced1077837418bcf8fc45dd7defeb913c42dd902bc57b28a7bcc9a,True,technical_valuation_calendar
2012-10-11,53.7,53.7,53.2,53.3,30659151,1639203857,-1.1,4471,0.0,1.0,0.9797794117647058,194.41784559514107,8.665448410338533,0.1625787694247379,8.73047991810843,8.73047991810843,8.649190533396059,13.425,13.425,13.3,13.325,53.24,53.3,87998703760.0,1653000000.0,6365,4047,-24455850.0,-549850.0,0.0,-23906000.0,53.3,0.0,True,0.0365853658536585,2012-10-12,YUANTA_ETF_NAV_HISTORY,-0.0045745654162854,-0.0153846153846155,0.0206378986866793,0.0989898989898989,-0.0122111761768576,0.02759780124294,28.81355932203438,-1.5195315186947052,-0.0224618149146448,0.1188084069508979,-0.4612719136546592,0.0003677822728944,0.0358455882352941,0.0873713751169316,-0.0380090497737556,-0.5295970329379213,1.0,-0.0078764010905786,8,0.3548387096774194,-0.587785252292473,-0.8090169943749475,2012-10,22,8.422126967161356,2012-10-29,0.0366122420321339,False,False,8.422126967161356,8.844285056705743,-0.0489090888444966,0.7388536229951697,-0.015789678738576,8.749262025741533,53.815526201235045,2012-09,technical_valuation_calendar,8b0702da5fced1077837418bcf8fc45dd7defeb913c42dd902bc57b28a7bcc9a,False,technical_valuation_calendar
2012-11-30,53.1,53.7,53.0,53.55,29758835,1591443347,0.45,5492,0.0,1.0,1.0084745762711864,202.41524008796188,9.02190236230227,0.1684762345901451,8.946088056736707,9.047173797490794,8.929240433277691,13.275,13.425,13.25,13.3875,53.64,53.55,98351751514.0,1833500000.0,8537,4069,20152000.0,17933000.0,0.0,2219000.0,53.55,0.0,True,0.034547152194211,2012-12-03,YUANTA_ETF_NAV_HISTORY,0.0123927550047664,0.0577689243027887,0.054617676266137,0.0511208494859265,0.0424437551533236,0.0273694243173507,68.93939393939412,2.330320524502777,-0.0112097669256376,0.1462659236269797,2.242153181428318,0.0020758633704471,0.0348399246704331,-0.1781172991621488,0.0902687190190452,0.6201470985473247,1.0,-0.0024483133841132,22,1.0,-0.9510565162951536,0.3090169943749472,2012-11,22,8.41538791777775,2012-11-14,0.063063063063063,False,False,8.946088056736707,8.946088056736706,2.2204460492503126e-16,0.0560812766294435,-0.0008407675144131,8.983262485769613,53.32065087769407,2012-10,technical_valuation_calendar,8b0702da5fced1077837418bcf8fc45dd7defeb913c42dd902bc57b28a7bcc9a,True,technical_valuation_calendar
2012-12-28,53.7,53.95,53.65,53.8,19932723,1072073599,0.35,2088,0.0,1.0,1.0065481758652943,203.3602225346844,9.064021420949809,0.1684762345901451,9.047173797490794,9.08929285613833,9.038749985761283,13.425,13.4875,13.4125,13.45,53.99,53.8,94292315176.0,1746500000.0,7204,3572,14845000.0,14152000.0,0.0,693000.0,53.8,0.0,True,0.0343866171003717,2013-01-02,YUANTA_ETF_NAV_HISTORY,-0.0009345794392522,0.0123106060606059,-0.0018674136321193,0.0061557229613011,-0.0021934941895735,0.0288091566312143,47.42268041237128,-0.2568229323358695,-0.0228519195612429,0.1141654308642158,0.0347709885796359,-0.0027985074626865,0.0346117867165575,-0.0592297476759627,0.0065887990416291,0.1138597661716279,1.0,-0.0037079292641186,21,0.9032258064516128,-0.9510565162951536,0.3090169943749472,2012-12,21,8.861849939441633,2012-12-22,0.0209125475285172,False,False,9.047173797490794,9.005054738843258,0.0046663640437648,0.3173723577342257,-0.0022526760669687,9.029716059195728,53.596378629677154,2012-11,technical_valuation_calendar,8b0702da5fced1077837418bcf8fc45dd7defeb913c42dd902bc57b28a7bcc9a,True,technical_valuation_calendar
2013-01-31,54.5,54.6,54.3,54.6,12643402,688778596,0.0,1555,0.0,1.0,1.0,206.3841663641965,9.198802408621924,0.1684762345901451,9.18195478516291,9.198802408621924,9.14825953824488,13.625,13.65,13.575,13.65,54.94,54.6,92929430851.0,1691500000.0,6140,3619,7329000.0,1710000.0,-60000.0,5679000.0,54.6,0.0,True,0.0338827838827838,2013-02-01,YUANTA_ETF_NAV_HISTORY,0.0018348623853212,0.0111111111111112,0.0036764705882357,0.0726915520628683,0.0092421441774492,0.0296188273156998,51.315789473684326,1.256892529618536,-0.0045578851412941,0.1025369262876167,1.7223649882620369,-0.0038314176245211,0.0338827838827838,-0.0110706942906847,-0.0806577916992952,0.680091306376081,1.0,-0.0093403385872737,22,1.0,-0.587785252292473,-0.8090169943749475,2013-01,22,9.038749985761283,2013-01-25,0.0158434296365335,False,False,9.18195478516291,9.198802408621924,-0.0018331810816609,0.1819015174372122,-0.0004110682390649,9.240996959452293,54.85044808802272,2012-12,technical_valuation_calendar,8b0702da5fced1077837418bcf8fc45dd7defeb913c42dd902bc57b28a7bcc9a,True,technical_valuation_calendar
2013-02-27,55.05,55.2,54.95,55.2,4605027,253713018,0.1,1056,0.0,1.0,1.001814882032668,208.65212423633065,9.299888149376018,0.1684762345901452,9.274616714187497,9.299888149376018,9.257769090728482,13.7625,13.8,13.7375,13.8,55.28,55.2,87404679344.0,1581000000.0,5033,3274,-140000.0,442000.0,0.0,-582000.0,55.2,0.0,True,0.0335144927536231,2013-03-01,YUANTA_ETF_NAV_HISTORY,-0.0107719928186712,-0.0178253119429587,0.02226345083488,0.0657640232108325,0.00341452310494,0.0186725827324836,58.33333333333378,0.242726073142897,-0.0178253119429587,0.092042542298993,-1.085218244295475,-0.0005441683294032,0.0335753176043557,-0.0271580989330746,-0.069848661233993,0.026652191565292,1.0,-0.0168067226890756,13,0.9642857142857144,0.5877852522924732,-0.8090169943749473,2013-02,13,9.215650032080942,2013-02-01,0.0063985374771484,False,False,9.274616714187497,9.283040525917002,-0.0009078529901796,0.4485523789771274,-0.0015067700603738,9.315408969251,55.29212468401102,2013-01,technical_valuation_calendar,8b0702da5fced1077837418bcf8fc45dd7defeb913c42dd902bc57b28a7bcc9a,True,technical_valuation_calendar
2013-03-27,54.6,54.85,54.45,54.7,4540031,248241182,0.15,1056,0.0,1.0,1.0027497708524291,206.76215934288567,9.215650032080948,0.1684762345901453,9.198802408621932,9.24092146726947,9.173530973433412,13.65,13.7125,13.6125,13.675,54.92,54.7,82652916493.0,1505000000.0,5092,3374,-1296000.0,-2778000.0,0.0,1482000.0,54.7,0.0,True,0.0338208409506398,2013-03-28,YUANTA_ETF_NAV_HISTORY,0.0,-0.0009157509157509,-0.0206463195691198,0.0282752120640916,-0.0091726455362819,-0.0007174805745946,35.9375,-0.9394231147773948,-0.0276292335115859,0.0976448922561707,-1.592000345709211,-0.0003665017408833,0.0339138405132905,-0.0275283092541975,0.032287266143633,-0.3236153302665711,1.0,0.0046697798532355,19,0.8709677419354839,0.5877852522924732,-0.8090169943749473,2013-03,21,9.131411914785875,2013-03-22,0.0073800738007376,False,False,9.198802408621932,9.190378596892424,0.0009161704717795,0.5256148928100317,-0.0030996133722972,9.207745760070772,54.65308375671261,2013-02,technical_valuation_calendar,8b0702da5fced1077837418bcf8fc45dd7defeb913c42dd902bc57b28a7bcc9a,False,technical_valuation_calendar
2013-04-30,56.25,56.55,56.25,56.4,17616881,994043474,0.6,3793,0.0,1.0,1.010752688172043,213.1880399805989,9.5020596308842,0.1684762345901454,9.47678819569568,9.527331066072724,9.47678819569568,14.0625,14.1375,14.0625,14.1,56.47,56.4,83571130478.0,1480000000.0,3950,3393,8593000.0,6317000.0,50000.0,2226000.0,56.4,0.0,True,0.0328014184397163,2013-05-02,YUANTA_ETF_NAV_HISTORY,-0.0008952551477169,0.007220216606498,0.0229147571035752,0.0323774283071247,0.0196902553794142,0.0164242994626437,75.60975609756093,1.4534045277368244,-0.0053475935828867,0.1471294030527857,0.0272642524260119,-0.0035714285714286,0.0331541218637992,-0.1814054480852743,-0.0288543140028288,0.8433233055865839,1.0,-0.0087073007367716,20,1.0,0.9510565162951536,0.3090169943749474,2013-04,20,9.013478550572776,2013-04-16,0.0514018691588789,False,False,9.47678819569568,9.400973890130112,0.0080321716972644,0.1746169133206564,-0.0005096904149284,9.443164442376448,56.05042435420623,2013-03,technical_valuation_calendar,8b0702da5fced1077837418bcf8fc45dd7defeb913c42dd902bc57b28a7bcc9a,True,technical_valuation_calendar
2013-05-27,56.8,57.35,56.8,57.35,3285598,187924976,0.5,1116,0.0,1.0,1.0087950747581351,216.77897327814424,9.662112053744831,0.1684762345901452,9.56945012472025,9.662112053744831,9.56945012472025,14.2,14.3375,14.2,14.3375,57.6,57.35,81181485105.0,1409500000.0,4346,2828,1019000.0,-75000.0,-295000.0,1389000.0,57.35,0.0,True,0.032258064516129,2013-05-28,YUANTA_ETF_NAV_HISTORY,-0.0026315789473685,-0.0265410958904112,0.0215633423180587,0.0206463195691206,-0.0100992512624067,0.0207226752450062,49.4505494505492,-0.6735085804843326,-0.0315161839863719,0.1156797634396789,-0.9207113940308952,-0.0033309957924263,0.0325417766051011,-0.047032967032967,0.0089541547277935,-0.0020144954458733,1.0,-0.012955182072829,18,0.8709677419354839,0.0,1.0,2013-05,22,9.493635819154692,2013-05-02,0.007985803016858,False,False,9.56945012472025,9.57787393644976,-0.0008798944694397,0.5127400078885364,-0.0028456636209399,9.598410558485517,56.971896254897445,2013-04,technical_valuation_calendar,8b0702da5fced1077837418bcf8fc45dd7defeb913c42dd902bc57b28a7bcc9a,False,technical_valuation_calendar
2013-06-24,53.4,53.5,53.1,53.4,21260360,1132613599,-0.2,5098,0.0,1.0,0.9962686567164178,201.84825061992856,8.996630927113758,0.1684762345901453,8.996630927113758,9.013478550572774,8.946088056736716,13.35,13.375,13.275,13.35,53.14,53.4,75564439881.0,1422000000.0,8442,2804,-17725000.0,-13746000.0,0.0,-3979000.0,53.4,0.0,True,0.0346441947565543,2013-06-25,YUANTA_ETF_NAV_HISTORY,-0.0119815668202766,-0.0218978102189779,-0.0596491228070176,-0.0174152153987166,-0.0437962715190436,-0.0427004420366431,20.86956521739121,-2.3011102998589923,-0.0868824531516188,0.1395929544851957,2.529715277665105,-0.0005593884020138,0.0345149253731343,0.2429248890928561,-0.027603074772886,-0.8232191210626051,1.0,0.0175942549371632,15,0.8,0.0,1.0,2013-06,19,8.979783303654745,2013-06-25,0.0018761726078797,False,True,8.979783303654745,9.030326174031789,-0.0056127369049574,0.7897432545717037,-0.0083635405999663,8.999891204217269,53.41935155490293,2013-05,technical_valuation_calendar,8b0702da5fced1077837418bcf8fc45dd7defeb913c42dd902bc57b28a7bcc9a,False,technical_valuation_calendar
2013-07-31,56.95,56.95,56.55,56.6,4383656,248571828,-0.35,1140,0.0,1.0,0.9938542581211588,213.9440259379768,9.535754877802226,0.1684762345901453,9.594721559908775,9.594721559908775,9.527331066072716,14.2375,14.2375,14.1375,14.15,56.63,56.6,83642966746.0,1477000000.0,5263,3323,-1915000.0,86000.0,0.0,-2001000.0,56.6,0.0,True,0.0326855123674911,2013-08-01,YUANTA_ETF_NAV_HISTORY,0.0079646017699117,-0.001752848378615,0.0261261261261263,0.0008787346221439,0.0079200035396664,0.0093341997991376,60.0,0.5132776062904129,-0.0298126064735949,0.1799511026889436,-0.0774087117155685,-0.0003510619624362,0.0324846356453029,0.0036566589684372,-0.061425753733446,0.3202055322347481,1.0,0.0235620235620235,23,1.0,0.5877852522924732,-0.8090169943749473,2013-07,23,9.23249765553996,2013-07-01,0.0392335766423359,False,False,9.594721559908775,9.594721559908775,0.0,0.2127707129096351,-0.0006491585468316,9.636437561034883,57.19760762980959,2013-06,technical_valuation_calendar,8b0702da5fced1077837418bcf8fc45dd7defeb913c42dd902bc57b28a7bcc9a,True,technical_valuation_calendar
2013-08-27,55.0,55.0,54.6,54.6,7339895,402257761,-0.5,1770,0.0,1.0,0.9909255898366606,206.38416636419672,9.198802408621937,0.1684762345901453,9.266192902457991,9.266192902457991,9.198802408621937,13.75,13.75,13.65,13.65,54.62,54.6,82935554617.0,1518500000.0,8931,5625,-1804000.0,-2066000.0,0.0,262000.0,54.6,0.0,True,0.0338827838827838,2013-08-28,YUANTA_ETF_NAV_HISTORY,0.0045578851412944,-0.0027149321266967,-0.0316344463971876,-0.0324846356453023,-0.0074307588380991,-0.010964354628812,35.18518518518542,-0.5239943868926694,-0.0434027777777774,0.1202494091050883,-0.9285827390725364,0.0003631082062454,0.0335753176043557,0.0877432147725865,0.162669199715032,-0.1393954987133359,1.0,0.0092807424593968,18,0.8709677419354839,0.9510565162951536,0.3090169943749474,2013-08,21,9.148259538244892,2013-08-22,0.0128913443830569,False,False,9.1566833499744,9.28304052591701,-0.0137051025916502,0.5010388402820313,-0.002400063587853,9.307091290330431,55.2427546411631,2013-07,technical_valuation_calendar,8b0702da5fced1077837418bcf8fc45dd7defeb913c42dd902bc57b28a7bcc9a,False,technical_valuation_calendar
2013-09-30,57.0,57.3,56.75,57.15,16694045,952581260,-0.25,1620,0.0,1.0,0.995644599303136,216.02298732076628,9.628416806826804,0.1684762345901453,9.603145371638282,9.653688242015326,9.561026312990746,14.25,14.325,14.1875,14.2875,57.01,57.15,85465123856.0,1499000000.0,4614,2784,-13248000.0,-3323000.0,0.0,-9925000.0,57.15,0.0,True,0.0323709536307961,2013-10-01,YUANTA_ETF_NAV_HISTORY,0.0026200873362445,-0.0026064291920073,0.0342342342342338,0.0464904284412033,0.0029266588040008,0.0184829217802751,55.88235294117616,0.2991220468724422,-0.0111972437553833,0.083921418793999,-1.277119492783768,-0.0045091918140824,0.0322299651567944,0.001919795221843,-0.009319986192613,0.4353540176821676,1.0,-0.0105680317040951,20,1.0,0.0,1.0,2013-09,20,9.426245325318632,2013-09-02,0.0187667560321713,False,False,9.603145371638282,9.67053586547434,-0.0069930354909705,0.3186502388859304,-0.0002520415266103,9.716439289965852,57.67246231258184,2013-08,technical_valuation_calendar,8b0702da5fced1077837418bcf8fc45dd7defeb913c42dd902bc57b28a7bcc9a,True,technical_valuation_calendar
2013-10-31,57.85,58.05,57.6,57.9,6045775,349993250,0.0,1492,0.0,1.0,1.0,223.99187404915725,9.983600131800491,0.1724283269741017,9.974978715451789,10.009464380846609,9.931871633708262,14.4625,14.5125,14.4,14.475,57.97,57.9,79249458180.0,1367000000.0,4566,1133,-863000.0,-113000.0,0.0,-750000.0,57.9,0.0,True,0.0233160621761658,2013-11-01,YUANTA_ETF_NAV_HISTORY,0.0025974025974024,0.0095095443263173,0.0368890682756748,0.0478905438011461,0.0122244675303977,0.0389793975937244,62.97041722573663,1.5711242527789195,0.0,0.1113944780684304,-1.023629775592307,-0.0036138358286009,0.0233160621761658,0.163819095477387,,0.0377428042017044,1.0,-0.0010960906101571,22,1.0,-0.587785252292473,-0.8090169943749475,2013-10,22,9.603145371638282,2013-10-01,0.038719953663481,False,False,9.974978715451789,9.983600131800491,-0.0008639309392637,0.1532360121659606,-0.0005526399394429,10.02797474149708,58.157351042461,2013-09,technical_valuation_calendar,8b0702da5fced1077837418bcf8fc45dd7defeb913c42dd902bc57b28a7bcc9a,True,technical_valuation_calendar
2013-11-29,57.35,57.7,57.25,57.55,14720545,846658034,0.2,2727,0.0,1.0,1.003487358326068,222.63786444782377,9.923250217359556,0.1724283269741017,9.888764551964735,9.949114466405671,9.871521719267326,14.3375,14.425,14.3125,14.3875,57.6,57.55,85165909726.0,1478500000.0,6662,1884,11499000.0,352000.0,0.0,11147000.0,57.55,0.0,True,0.0234578627280625,2013-12-02,YUANTA_ETF_NAV_HISTORY,0.0061403508771928,0.0342651036970242,-0.0094991364421417,0.0361042970424423,0.0148646257299591,0.0128695465484374,58.33333333333318,1.4742515140237735,-0.0094991364421417,0.1181603359355916,0.1434788983359496,0.000174398325776,0.023539668700959,-0.0814054187801558,0.1822429906542055,0.7443261152210419,1.0,0.0116318850496066,21,0.9666666666666668,-0.9510565162951536,0.3090169943749472,2013-11,21,9.569772147062643,2013-11-22,0.0333333333333336,False,False,9.888764551964735,9.888764551964735,0.0,0.13406263338695,-0.0006788311154609,9.93146429895108,57.59763765754544,2013-10,technical_valuation_calendar,8b0702da5fced1077837418bcf8fc45dd7defeb913c42dd902bc57b28a7bcc9a,True,technical_valuation_calendar
2013-12-31,59.05,59.05,58.7,58.7,12256516,722130011,-0.1,2036,0.0,1.0,0.9982993197278912,227.08675313791943,10.121542793379778,0.1724283269741018,10.181892707820712,10.181892707820712,10.121542793379778,14.7625,14.7625,14.675,14.675,58.87,58.7,81911407067.0,1391500000.0,5743,2408,5027000.0,3790000.0,0.0,1237000.0,58.7,0.0,True,0.0229982964224872,2014-01-02,YUANTA_ETF_NAV_HISTORY,0.0085763293310463,0.0164217804667243,0.0234986945169719,0.0295863529240394,0.0211879124696077,0.0290631098285578,64.70588235294119,2.749743101159749,0.0,0.0780540458290061,3.163790296788917,-0.0037275499830566,0.0229591836734693,-0.1151957136478643,-0.021004942339374,0.5084216862269934,1.0,-0.0060714285714286,22,1.0,0.9510565162951536,0.3090169943749474,2013-12,22,9.837036053872504,2013-12-06,0.0350569675723053,False,False,10.181892707820712,10.138785626077189,0.0042426877387897,0.1364064501579583,-0.0001585090532477,10.187864557449537,59.084633808340094,2013-11,technical_valuation_calendar,8b0702da5fced1077837418bcf8fc45dd7defeb913c42dd902bc57b28a7bcc9a,True,technical_valuation_calendar
2014-01-27,58.1,58.2,57.45,57.6,21325343,1228049744,-1.05,5733,0.0,1.0,0.9820971867007672,222.8312943908716,9.931871633708266,0.1724283269741018,10.018085797195315,10.035328629892726,9.90600738466215,14.525,14.55,14.3625,14.4,57.68,57.6,77115841543.0,1337000000.0,4974,2390,-11921000.0,-4996000.0,765000.0,-7690000.0,57.6,0.0,True,0.0234375,2014-02-05,YUANTA_ETF_NAV_HISTORY,0.0025641025641025,0.0,0.0138288677614522,0.0129533678756481,0.0069101678183614,0.0215841957818647,69.38775510204079,0.9094593847959034,-0.0025510204081632,0.0796071964619663,0.2262396888245414,-0.0018720217835261,0.0230179028132992,-0.0979918185198959,-0.0039510075069142,0.8293453178510999,1.0,-0.001479837217906,18,0.8709677419354839,0.0,1.0,2014-01,18,9.914628801010858,2014-01-10,0.0104347826086952,False,False,10.018085797195315,10.112921377031071,-0.0094219112416189,0.2557504223673206,-0.0025773738407869,10.13732460931353,58.79152681703005,2013-12,technical_valuation_calendar,8b0702da5fced1077837418bcf8fc45dd7defeb913c42dd902bc57b28a7bcc9a,True,technical_valuation_calendar
2014-02-05,56.4,56.4,55.6,55.8,57559609,3221379831,-1.8,14073,0.0,1.0,0.96875,215.8678164411568,9.621500645154882,0.1724283269741018,9.724957641339342,9.724957641339342,9.58701497976006,14.1,14.1,13.9,13.95,55.76,55.8,75418080597.0,1352500000.0,6384,1666,-48751000.0,-33057000.0,245000.0,-15939000.0,55.8,0.0,True,0.0241935483870967,2014-02-06,YUANTA_ETF_NAV_HISTORY,-0.0179028132992326,-0.0204081632653059,-0.0120068610634647,6.661338147750939e-16,-0.0105217951470903,0.0032949646553355,48.571428571428434,-1.3195138314212322,-0.0204081632653059,0.0982371006283731,2.474814923627036,-0.001386962552011,0.0234375,-0.0721880246222719,-0.0642129992169145,-0.5590062490436848,1.0,-0.0107288198298187,1,0.1785714285714285,0.5877852522924732,-0.8090169943749473,2014-02,17,9.647364894201,2014-02-06,0.0080428954423588,False,False,9.647364894201,9.931871633708266,-0.029064132943911,0.8159262868816117,-0.0145230746372282,9.837616045573771,57.05336366832204,2014-01,technical_valuation_calendar,8b0702da5fced1077837418bcf8fc45dd7defeb913c42dd902bc57b28a7bcc9a,False,technical_valuation_calendar
2014-03-31,60.05,60.15,59.9,60.1,17186901,1032021422,0.2,2088,0.0,1.0,1.003338898163606,232.50279154325307,10.362942451143518,0.1724283269741018,10.354321034794811,10.371563867492222,10.328456785748696,15.0125,15.0375,14.975,15.025,60.6,60.1,74025922277.0,1221500000.0,1777,1518,13874000.0,11286000.0,0.0,2588000.0,60.1,0.0,True,0.0224625623960066,2014-04-01,YUANTA_ETF_NAV_HISTORY,0.0016722408026756,0.0239316239316234,0.0274442538593477,0.0363321799307958,0.0148242270224479,0.0278997268658205,58.252427184465816,1.4777011582338555,0.0,0.1249461549772866,1.010641250264789,-0.0051486464042518,0.0225375626043405,-0.2710915633746501,0.0447966919365954,0.840321965554982,1.0,-0.0032219089810713,21,1.0,0.0,1.0,2014-03,21,9.966357299103084,2014-03-03,0.0389273356401382,False,False,10.354321034794811,10.328456785748696,0.0025010434045888,0.1888838102549851,-0.0004144810428659,10.375797606888955,60.17455361871817,2014-02,technical_valuation_calendar,8b0702da5fced1077837418bcf8fc45dd7defeb913c42dd902bc57b28a7bcc9a,True,technical_valuation_calendar
2014-04-28,60.3,61.5,60.3,61.25,8482863,516757486,0.55,1696,0.0,1.0,1.0090609555189456,236.95168023334853,10.56123502716373,0.1724283269741017,10.397428116538334,10.604342108907256,10.397428116538334,15.075,15.375,15.075,15.3125,61.28,61.25,65297775549.0,1065500000.0,823,627,899000.0,487000.0,0.0,412000.0,61.25,0.0,True,0.0220408163265306,2014-04-29,YUANTA_ETF_NAV_HISTORY,-0.0170040485829959,-0.0138099106417547,0.0150501672240803,0.0367207514944489,-0.0053256861941828,0.025280108102021,53.12499999999989,-0.6396881807034005,-0.0170040485829959,0.0811566527170393,1.55493337574403,-0.0034477097356754,0.0222405271828665,0.0858652575957727,-0.0550595238095238,0.0132296108555812,1.0,-0.0503565062388592,19,0.9333333333333332,0.0,1.0,2014-04,21,10.388806700189631,2014-04-01,0.0008298755186719,False,True,10.397428116538334,10.466399447327976,-0.0066115943323129,0.5275638547872874,-0.0012820666822326,10.505254370539992,60.92533955930486,2014-03,technical_valuation_calendar,8b0702da5fced1077837418bcf8fc45dd7defeb913c42dd902bc57b28a7bcc9a,False,technical_valuation_calendar
2014-05-30,63.4,63.45,63.1,63.1,6715690,424930735,-0.3,887,0.0,1.0,0.995268138801262,244.1085881261109,10.88022743206582,0.1724283269741017,10.931955930158052,10.940577346506757,10.88022743206582,15.85,15.8625,15.775,15.775,63.03,63.1,61956613997.0,983000000.0,742,648,3437000.0,2277000.0,0.0,1160000.0,63.1,0.0,True,0.0213946117274168,2014-06-03,YUANTA_ETF_NAV_HISTORY,-0.0047095761381474,0.011971268954509,0.0393442622950819,0.0987868284228765,0.0216331627925714,0.0421346775519146,75.32467532467544,1.7843485993066437,-0.0047095761381474,0.0822180617105877,0.3905554108213638,-0.0025173064820642,0.0212933753943217,-0.1425598335067638,-0.0257575757575757,0.5126330038010066,1.0,-0.0030287733467945,21,0.967741935483871,-0.9510565162951536,0.3090169943749472,2014-05,21,10.543992194466323,2014-05-02,0.0367947669664758,False,False,10.931955930158052,10.931955930158052,0.0,0.1441635851765595,-0.0008870461846066,10.976874395398353,63.66050513873542,2014-04,technical_valuation_calendar,8b0702da5fced1077837418bcf8fc45dd7defeb913c42dd902bc57b28a7bcc9a,True,technical_valuation_calendar
2014-06-30,65.3,66.0,65.2,65.95,7584505,498698481,0.6,1177,0.0,1.0,1.0091813312930376,255.13409487982588,11.371648163942009,0.1724283269741017,11.259569751408842,11.380269580290712,11.242326918711433,16.325,16.5,16.3,16.4875,66.03,65.95,89234517378.0,1351500000.0,776,641,4470000.0,2694000.0,0.0,1776000.0,65.95,0.0,True,0.0204700530705079,2014-07-01,YUANTA_ETF_NAV_HISTORY,0.0,0.0092664092664089,0.0307570977917979,0.078382838283828,0.0179920554560319,0.0460044550559548,75.40983606557387,1.7348816756124394,0.0,0.0618495552662941,1.0405992692259574,0.0003061380682687,0.0206579954093343,0.1943521594684385,0.0093896713615022,0.263301409437594,1.0,0.1895943562610229,20,1.0,0.0,1.0,2014-06,20,10.888848848414526,2014-06-03,0.0340459224069673,False,False,11.259569751408842,11.268191167757548,-0.0007654037878456,0.1751835200025436,-0.0004974521203405,11.318900112023778,65.64408708624684,2014-05,technical_valuation_calendar,8b0702da5fced1077837418bcf8fc45dd7defeb913c42dd902bc57b28a7bcc9a,True,technical_valuation_calendar
2014-07-31,67.85,67.85,66.6,66.75,11131485,745106345,-1.1,2605,0.0,1.0,0.9837877671333826,258.2289739685879,11.509590825521288,0.1724283269741016,11.699261985192798,11.699261985192798,11.48372657647517,16.9625,16.9625,16.65,16.6875,66.49,66.75,89566201254.0,1347000000.0,2039,705,-6159000.0,-3085000.0,0.0,-3074000.0,66.75,0.0,True,0.0202247191011235,2014-08-01,YUANTA_ETF_NAV_HISTORY,0.0059303187546329,-0.0036710719530103,0.0195341848234409,0.1086601307189538,-0.0005891883929887,0.0457633867218103,50.0,-0.085887550187912,-0.0159535895576504,0.0959152748806608,-1.2920678916392314,-0.0001473622163278,0.0198968312453942,0.5271453590192645,0.0143061516452074,0.1489040022681971,1.0,0.0,22,1.0,-0.587785252292473,-0.8090169943749475,2014-07,22,11.371648163942012,2014-07-01,0.028809704321455,False,False,11.699261985192798,11.699261985192802,-3.33066907387547e-16,0.2711284806825743,-0.0008672740023556,11.74756551762778,68.13013687357902,2014-06,technical_valuation_calendar,8b0702da5fced1077837418bcf8fc45dd7defeb913c42dd902bc57b28a7bcc9a,True,technical_valuation_calendar
2014-08-01,65.95,66.3,65.9,66.25,12831792,848041295,-0.5,3119,0.0,1.0,0.99250936329588,256.2946745381116,11.423376662034238,0.1724283269741017,11.371648163942009,11.431998078382945,11.363026747593304,16.4875,16.575,16.475,16.5625,66.16,66.25,89908378586.0,1359000000.0,2401,666,-4895000.0,-6288000.0,0.0,1393000.0,66.25,0.0,True,0.020377358490566,2014-08-04,YUANTA_ETF_NAV_HISTORY,-0.0162122328666175,-0.0241228070175441,-0.0052160953800297,0.0844841592201459,-0.0165383623706214,0.027436795320737,35.45454545454537,-2.24334614188138,-0.0319071791153009,0.109002990050204,2.614135441128463,0.0039103624605205,0.0202247191011235,0.7901668129938542,0.0158501440922189,-0.553295449798477,1.0,0.0,1,0.032258064516129,-0.9510565162951536,0.3090169943749472,2014-08,21,11.25956975140884,2014-08-06,0.0099540581929558,False,False,11.25956975140884,11.509590825521288,-0.0219622609979736,0.8669186995805789,-0.0126029217061427,11.422273813604756,66.24360401826756,2014-07,technical_valuation_calendar,8b0702da5fced1077837418bcf8fc45dd7defeb913c42dd902bc57b28a7bcc9a,False,technical_valuation_calendar
2014-09-15,67.15,67.75,67.15,67.75,13125698,886657069,0.0,2641,0.0,1.0,1.0,262.0975728295407,11.682019152495396,0.1724283269741018,11.578562156310936,11.682019152495396,11.578562156310936,16.7875,16.9375,16.7875,16.9375,67.71,67.75,63781576126.0,942000000.0,3242,1270,-6695000.0,-7394000.0,0.0,699000.0,67.75,0.0,True,0.0199261992619926,2014-09-16,YUANTA_ETF_NAV_HISTORY,-0.0095029239766081,-0.0181159420289854,0.0096870342771988,0.0503875968992251,-0.0118865310289504,0.0051680225513712,40.38461538461564,-1.0771108013007948,-0.0293696275071632,0.1120256042894302,2.3863935857502843,0.0020706996006507,0.0199261992619926,0.4413928396272681,-0.0447257383966245,-0.47980916296597,1.0,0.0161812297734627,10,0.5,0.0,1.0,2014-09,21,11.259569751408849,2014-09-30,0.0283307810107196,False,False,11.259569751408849,11.682019152495396,-0.0368324234774247,0.7001132054481319,-0.012980656941653,11.58901561412069,67.21062494482896,2014-08,technical_valuation_calendar,8b0702da5fced1077837418bcf8fc45dd7defeb913c42dd902bc57b28a7bcc9a,False,technical_valuation_calendar
2014-10-13,64.15,64.55,63.8,64.0,19670686,1262058555,-2.0,4439,0.0,1.0,0.9696969696969696,247.59032710096832,11.035412926342516,0.1724283269741018,11.06127717538863,11.13024850617827,11.000927260947694,16.0375,16.1375,15.95,16.0,64.09,64.0,67165825502.0,1048000000.0,6514,1481,-7166000.0,-1452000.0,-140000.0,-5574000.0,64.0,0.0,True,0.02109375,2014-10-14,YUANTA_ETF_NAV_HISTORY,0.004566210045662,0.0076335877862596,-0.0350877192982455,-0.0427846265409711,-0.008227206130959,-0.0198626322628545,31.481481481481453,-0.607352333050586,-0.0544412607449854,0.1127631051135307,-0.3113212058077877,0.0018214936247724,0.0204545454545454,-0.028886872353297,-0.0570491803278688,-0.2244017792991843,1.0,-0.0014306151645206,8,0.4193548387096774,0.0,1.0,2014-10,22,10.97506301190158,2014-10-16,0.0078554595443831,False,False,10.97506301190158,11.38026958029072,-0.03625541702301,0.6153462883918545,-0.0171166882718054,11.243070357145704,65.2043115794679,2014-09,technical_valuation_calendar,8b0702da5fced1077837418bcf8fc45dd7defeb913c42dd902bc57b28a7bcc9a,False,technical_valuation_calendar
2014-11-28,67.55,67.7,67.35,67.5,9382047,633454608,0.0,1578,0.0,1.0,1.0,267.5499656333694,11.925039171618886,0.1766672469869464,11.933872533968234,11.960372621016276,11.898539084570844,16.8875,16.925,16.8375,16.875,67.62,67.5,74590260894.0,1103000000.0,2919,2160,3947148.0,2511148.0,0.0,1436000.0,67.5,0.0,True,0.0229629629629629,2014-12-01,YUANTA_ETF_NAV_HISTORY,0.0097232610321615,0.0135135135135135,0.0416666666666663,0.0059548698723956,0.0243569314819027,0.036774947922249,68.54838709677414,2.199507390792259,-0.0013083421844448,0.118124568720944,0.6317560800092423,0.0016322896572191,0.0229629629629629,-0.2079385403329064,0.0315533980582525,0.7150619860548695,1.0,0.0013617793917386,20,0.9333333333333332,-0.9510565162951536,0.3090169943749472,2014-11,20,11.483371054151522,2014-11-07,0.0392307692307691,False,False,11.933872533968234,11.925039171618886,0.0007404665277236,0.1056644388075774,-0.0010448716728556,11.972148471062225,67.76665553602487,2014-10,technical_valuation_calendar,8b0702da5fced1077837418bcf8fc45dd7defeb913c42dd902bc57b28a7bcc9a,True,technical_valuation_calendar
2014-12-31,66.8,67.0,66.6,66.85,7418884,495610278,0.0,1207,0.0,1.0,1.0,264.97355855690006,11.810205461077375,0.1766672469869465,11.80137209872803,11.83670554812542,11.76603864933064,16.7,16.75,16.65,16.7125,67.2,66.85,75735829719.0,1127000000.0,4038,1909,3006300.0,1629300.0,50000.0,1327000.0,66.85,0.0,True,0.0231862378459237,2015-01-05,YUANTA_ETF_NAV_HISTORY,-0.0052083333333335,0.0082956259426845,4.440892098500626e-16,0.0362090457229038,0.0159960484820851,0.0244840180952221,62.90322580645165,1.0368734764940986,-0.0096296296296292,0.1370965451912332,-0.1792632590153826,-0.0017918470957145,0.0231862378459237,-0.0988083416087388,-0.0068241469816272,0.426495767020775,1.0,0.0,24,1.0,0.5877852522924732,-0.8090169943749473,2014-12,24,11.297870444815237,2014-12-18,0.0445660672400309,False,False,11.80137209872803,11.810205461077375,-0.0007482230053518,0.203992533904071,-0.0005472897520187,11.86276234319424,67.14749080835992,2014-11,technical_valuation_calendar,8b0702da5fced1077837418bcf8fc45dd7defeb913c42dd902bc57b28a7bcc9a,True,technical_valuation_calendar
2015-01-06,65.75,65.75,64.75,64.9,19501826,1272547315,-1.65,4903,0.0,1.0,0.975206611570248,257.2443373274917,11.465704329452835,0.1766672469869466,11.61587148939174,11.61587148939174,11.439204242404792,16.4375,16.4375,16.1875,16.225,64.85,64.9,73642161229.0,1135500000.0,4771,1747,-12640000.0,-6065000.0,-384000.0,-6191000.0,64.9,0.0,True,0.0238828967642526,2015-01-07,YUANTA_ETF_NAV_HISTORY,-0.0044876589379206,0.00150489089541,-0.0044876589379202,0.0331218609569128,0.0118595104150827,0.0186220366748328,61.60000000000007,0.79070751499604,-0.0140740740740735,0.1367096929013161,-0.6255419458070193,-0.0041897351488852,0.0232907588279489,0.0591534931157573,-0.0383631713554987,0.0495583272920885,1.0,0.0,2,0.1935483870967742,0.9510565162951536,0.3090169943749474,2015-01,20,11.43037088005544,2015-01-07,0.0162287480680067,False,False,11.43037088005544,11.757205286981293,-0.0281923433342658,0.5619541383037568,-0.0141096933174438,11.650441971466226,65.94568133122627,2014-12,technical_valuation_calendar,8b0702da5fced1077837418bcf8fc45dd7defeb913c42dd902bc57b28a7bcc9a,False,technical_valuation_calendar
2015-02-26,70.55,70.65,70.05,70.3,8688633,610954509,-0.5,1552,0.0,1.0,0.9929378531073446,278.6483345781611,12.41970746318234,0.1766672469869465,12.463874274929076,12.481540999627772,12.375540651435603,17.6375,17.6625,17.5125,17.575,70.12,70.3,74148365462.0,1057500000.0,2012,1581,3182000.0,4197000.0,0.0,-1015000.0,70.3,0.0,True,0.0220483641536273,2015-03-02,YUANTA_ETF_NAV_HISTORY,0.0078291814946618,0.0373626373626372,0.0606741573033704,0.0598802395209583,0.0289575990989352,0.0572950370849718,63.199999999999775,2.4817824377393523,0.0,0.1117185179021372,0.7273999851509628,-0.0028169014084507,0.0218926553672316,-0.280297661233168,-0.0721769499417928,0.6801003581288506,1.0,-0.0139860139860139,13,0.9285714285714286,-0.587785252292473,-0.8090169943749475,2015-02,13,12.048706244509756,2015-02-02,0.0344574780058646,False,False,12.463874274929076,12.508041086675814,-0.0035373224008511,0.1229896255684718,-0.0030481894197857,12.53232211944032,70.93743935663582,2015-01,technical_valuation_calendar,8b0702da5fced1077837418bcf8fc45dd7defeb913c42dd902bc57b28a7bcc9a,True,technical_valuation_calendar
2015-03-11,68.35,69.15,68.3,69.05,10039248,689232863,0.1,1081,0.0,1.0,1.001450326323423,273.69370558495064,12.19887340444866,0.1766672469869465,12.075206331557798,12.216540129147358,12.066372969208452,17.0875,17.2875,17.075,17.2625,69.0,69.05,71591625106.0,1037500000.0,2992,1623,-4915000.0,-5791000.0,0.0,876000.0,69.05,0.0,True,0.0224475018102824,2015-03-12,YUANTA_ETF_NAV_HISTORY,-0.0021707670043412,-0.0135908440629467,0.0139705882352942,0.0275707898658723,-0.0057678442682046,0.0239465379617598,54.54545454545465,-0.5659684799734566,-0.0261299435028244,0.0995663515743133,-0.3092057114053476,-0.0001450116009279,0.0224800580130529,0.2618941751889729,0.0158730158730158,-0.1435680025868108,1.0,-0.0193853427895981,8,0.3548387096774194,0.5877852522924732,-0.8090169943749473,2015-03,22,12.075206331557798,2015-03-11,0.0,True,True,12.075206331557798,12.181206679749966,-0.0087400410693522,0.6181536456863451,-0.0133337543499696,12.0799628252586,68.37692346081081,2015-02,technical_valuation_calendar,8b0702da5fced1077837418bcf8fc45dd7defeb913c42dd902bc57b28a7bcc9a,False,technical_valuation_calendar
2015-04-20,68.7,69.15,68.55,68.95,9571501,657845763,-0.1,1586,0.0,1.0,0.998551774076756,273.2973352654938,12.181206679749966,0.1766672469869465,12.137039868003228,12.216540129147354,12.110539780955186,17.175,17.2875,17.1375,17.2375,69.02,68.95,68159376156.0,987500000.0,3280,1386,-1955250.0,-6949250.0,0.0,4994000.0,68.95,0.0,True,0.0224800580130529,2015-04-21,YUANTA_ETF_NAV_HISTORY,-0.0093256814921089,-0.0086145010768127,-0.0121602288984263,0.050190114068441,-0.0071533843775837,0.0015108478878347,47.368421052631454,-0.7407090416090021,-0.0247175141242934,0.1241803374308283,0.3598059526175839,0.0007246376811593,0.0224475018102824,0.1079986500168748,0.1176948051948052,-0.6170707090499699,1.0,0.0,12,0.6666666666666666,0.0,1.0,2015-04,20,12.137039868003228,2015-04-01,0.0,False,True,12.137039868003228,12.19887340444866,-0.0050816806269975,0.5862519318544651,-0.0094659154173307,12.144364434983144,68.74145967690582,2015-03,technical_valuation_calendar,8b0702da5fced1077837418bcf8fc45dd7defeb913c42dd902bc57b28a7bcc9a,False,technical_valuation_calendar
2015-05-29,71.7,71.7,71.05,71.1,4900148,349371690,-0.4,1635,0.0,1.0,0.9944055944055944,281.8192971338159,12.5610412607719,0.1766672469869465,12.667041608964068,12.667041608964068,12.552207898422552,17.925,17.925,17.7625,17.775,71.22,71.1,71039689249.0,997500000.0,4238,1559,34140.0,-453860.0,0.0,488000.0,71.1,0.0,True,0.0218002812939521,2015-06-01,YUANTA_ETF_NAV_HISTORY,0.004919184820801,0.0192444761225942,-0.0041782729805011,0.0214285714285715,0.0093167701863354,0.0190870975021677,58.62068965517253,1.3863282520899538,-0.0171821305841923,0.1089478725733442,-0.622931233902811,0.0014005602240896,0.0216783216783216,-0.1379593512625744,0.1666666666666667,0.4559472096030772,1.0,0.0,20,0.935483870967742,-0.9510565162951536,0.3090169943749472,2015-05,20,12.375540651435609,2015-05-18,0.0235546038543894,False,False,12.667041608964068,12.631708159566678,0.0027932979056126,0.1577926616847657,-0.0012569211019051,12.678920278319548,71.7672375302048,2015-04,technical_valuation_calendar,8b0702da5fced1077837418bcf8fc45dd7defeb913c42dd902bc57b28a7bcc9a,True,technical_valuation_calendar
2015-06-30,68.8,69.4,68.8,69.4,4093490,282871294,0.6,1284,0.0,1.0,1.0087209302325582,275.08100170304965,12.260706940894094,0.1766672469869465,12.154706592701924,12.260706940894094,12.154706592701924,17.2,17.35,17.2,17.35,69.74,69.4,123958826789.0,1777500000.0,5004,1736,-63000.0,142000.0,0.0,-205000.0,69.4,0.0,True,0.0223342939481268,2015-07-01,YUANTA_ETF_NAV_HISTORY,-0.0234208658623136,-0.0079307858687815,-0.0323488045007027,-0.0036205648081097,-0.0053850880046261,-0.017610661589719,49.1379310344828,-0.4796504563287455,-0.0542955326460476,0.1387556948390588,0.3509754506274134,-0.0017411491584445,0.0225290697674418,-0.045290199809705,-0.0855503390714658,-0.5997670557622686,1.0,0.594170403587444,21,1.0,0.9510565162951536,0.3090169943749474,2015-06,21,12.04870624450976,2015-06-17,0.008797653958944,False,False,12.154706592701924,12.154706592701928,-3.33066907387547e-16,0.5045947438859285,-0.0003567935322046,12.211122498796591,69.11933426855767,2015-05,technical_valuation_calendar,8b0702da5fced1077837418bcf8fc45dd7defeb913c42dd902bc57b28a7bcc9a,False,technical_valuation_calendar
2015-07-09,66.8,67.35,66.1,67.1,33083128,2203429334,-0.4,5730,0.0,1.0,0.994074074074074,265.96448435554214,11.854372272824111,0.1766672469869465,11.801372098728027,11.89853908457085,11.677705025837168,16.7,16.8375,16.525,16.775,66.98,67.1,119057103396.0,1777500000.0,6685,1489,-22996000.0,-19619000.0,0.0,-3377000.0,67.1,0.0,True,0.0230998509687034,2015-07-13,YUANTA_ETF_NAV_HISTORY,-0.0301724137931033,-0.036402569593148,-0.0124359912216532,-0.033643521832498,-0.0248130891754255,-0.0363337854236561,43.975903614457614,-2.209345878963476,-0.0721649484536079,0.1664317876006656,4.011259990226832,0.000741289844329,0.0229629629629629,0.3423519386450788,-0.0161469933184855,-0.8027094627103888,1.0,0.0,7,0.2903225806451613,-0.587785252292473,-0.8090169943749475,2015-07,22,11.589371402343698,2015-07-30,0.0182926829268286,False,False,11.589371402343698,11.925039171618897,-0.0285519019284407,0.8440269954468648,-0.0151429567172638,11.804548300434858,66.81797844117119,2015-06,technical_valuation_calendar,8b0702da5fced1077837418bcf8fc45dd7defeb913c42dd902bc57b28a7bcc9a,False,technical_valuation_calendar
2015-08-21,60.6,60.75,59.8,59.8,28076492,1689327220,-1.6,6417,0.0,1.0,0.973941368078176,237.0294510351928,10.564701369819412,0.1766672469869467,10.70603516740897,10.732535254457012,10.564701369819412,15.15,15.1875,14.95,14.95,59.68,59.8,77939649473.0,1306000000.0,9941,2184,-19224000.0,-16106000.0,0.0,-3118000.0,59.8,0.0,True,0.0259197324414715,2015-08-24,YUANTA_ETF_NAV_HISTORY,-0.0032467532467536,-0.0338316286388671,-0.0856291883842141,-0.1352112676056333,-0.0482464638635923,-0.0912118408880664,9.401709401709468,-2.0331984820811897,-0.1412587412587407,0.1222533890427997,0.6713792665212064,-0.0029230269568041,0.0252442996742671,0.0224387040280209,0.1995649809679174,-0.6962989581486508,1.0,-0.1778407302486623,15,0.6774193548387096,-0.9510565162951536,0.3090169943749472,2015-08,21,10.158366701749436,2015-08-25,0.0539130434782608,False,False,10.158366701749436,10.847368964998529,-0.065624887349792,0.7573751320935584,-0.0112968192472705,10.779145348677302,61.01382985536495,2015-07,technical_valuation_calendar,8b0702da5fced1077837418bcf8fc45dd7defeb913c42dd902bc57b28a7bcc9a,False,technical_valuation_calendar
2015-09-30,61.45,62.6,61.45,62.4,8574123,533541019,0.15,2087,0.0,1.0,1.002409638554217,247.3350793410709,11.024036211985482,0.1766672469869468,10.856202327347884,11.059369661382872,10.856202327347884,15.3625,15.65,15.3625,15.6,62.54,62.4,79707561567.0,1274500000.0,5060,2943,-3107000.0,1074000.0,-34000.0,-4147000.0,62.4,0.0,True,0.0248397435897435,2015-10-01,YUANTA_ETF_NAV_HISTORY,0.0040322580645162,-0.0400925212027755,0.0072815533980588,-0.1119828815977163,-0.0102158444965612,-0.0334976516710003,54.95049504950506,-0.5767335443678203,-0.1119828815977163,0.2237112414309126,-0.8260873208285792,0.003384912959381,0.0248995983935742,0.1193106495802032,0.0207527259936686,-0.2549238329377974,1.0,-0.0324449594438006,20,1.0,0.5877852522924732,-0.8090169943749473,2015-09,20,10.794368790902446,2015-09-02,0.005728314238953,False,False,10.856202327347884,10.997536124937438,-0.0129346993327729,0.3287855896947672,-0.0005436310626332,11.046516943207346,62.52724900401898,2015-08,technical_valuation_calendar,8b0702da5fced1077837418bcf8fc45dd7defeb913c42dd902bc57b28a7bcc9a,True,technical_valuation_calendar
2015-10-30,63.3,63.45,62.8,63.2,5991825,378136344,-0.1,2399,0.0,1.0,0.9984202211690364,258.26765434898675,11.511314858826012,0.1821410578928166,11.529528964615292,11.556850123299215,11.438458435668885,15.825,15.8625,15.7,15.8,62.95,63.2,77368356623.0,1229000000.0,4788,750,-2416000.0,-481000.0,-80000.0,-1855000.0,63.2,0.0,True,0.0316455696202531,2015-11-02,YUANTA_ETF_NAV_HISTORY,-0.007058823529412,-0.003644727739311,0.0458536912351785,0.0001727254111143,0.0010351965951236,0.0271230600133249,55.06677854695468,0.0718668266601307,-0.0193648334624324,0.1298775317361951,-0.2932525586408845,0.002375296912114,0.0315955766192733,0.076993166287016,,-0.3446703329289597,1.0,0.0207641196013288,21,0.967741935483871,-0.9510565162951536,0.3090169943749472,2015-10,21,11.059369661382874,2015-10-01,0.0425123056401777,False,False,11.529528964615292,11.52952896461529,2.2204460492503126e-16,0.2998606747059198,-0.000551763831445,11.580784987971642,63.581408398245465,2015-09,technical_valuation_calendar,8b0702da5fced1077837418bcf8fc45dd7defeb913c42dd902bc57b28a7bcc9a,True,technical_valuation_calendar
2015-11-25,61.85,62.1,61.5,61.95,5964136,368131013,0.0,1793,0.0,1.0,1.0,253.15951245126155,11.28363853645999,0.1821410578928166,11.265424430670707,11.31095969514391,11.20167506040822,15.4625,15.525,15.375,15.4875,61.99,61.95,78724856843.0,1270000000.0,6078,2304,-1920000.0,-213000.0,0.0,-1707000.0,61.95,0.0,True,0.0322841000807102,2015-11-26,YUANTA_ETF_NAV_HISTORY,-0.0103833865814696,-0.0064153969526865,-0.0350467289719624,0.0618361145934553,-0.0162763001190949,-0.005526621013365,29.06976744186035,-0.8623270213281427,-0.0549199084668193,0.1785827784160708,-0.6883930261466987,-0.0001613944480309,0.0322841000807102,0.0083306109114669,0.084125475285171,-0.4063045862861518,1.0,0.0,18,0.8333333333333334,0.5877852522924732,-0.8090169943749473,2015-11,21,11.092390425672532,2015-11-30,0.0155993431855501,False,False,11.092390425672532,11.28363853645999,-0.0170944333593,0.5408302369857738,-0.0059592069709115,11.27267993953968,61.88983455983463,2015-10,technical_valuation_calendar,8b0702da5fced1077837418bcf8fc45dd7defeb913c42dd902bc57b28a7bcc9a,False,technical_valuation_calendar
2015-12-31,60.55,60.95,60.5,60.75,3894479,236577519,0.2,988,0.0,1.0,1.0033030553261768,248.2556962294453,11.06506926698861,0.1821410578928166,11.028641055410048,11.101497478567174,11.019534002515403,15.1375,15.2375,15.125,15.1875,61.22,60.75,80836172413.0,1320500000.0,5637,3140,1642049.0,720049.0,-297000.0,1219000.0,60.75,0.0,True,0.0329218106995884,2016-01-04,YUANTA_ETF_NAV_HISTORY,-0.0073770491803279,-0.0057471264367817,-0.0280898876404497,-0.0230662743999933,-0.0061143255775781,-0.0290454291931109,50.0,-0.4635046987208153,-0.0762776506483602,0.1331406291157527,-0.3401611761682079,-0.0026354801515401,0.0330305532617671,-0.039447731755424,-0.0054627249357326,0.1127716122870661,1.0,0.0196911196911195,23,1.0,-0.587785252292473,-0.8090169943749475,2015-12,23,10.791857680149384,2015-12-14,0.0219409282700424,False,False,11.028641055410048,11.028641055410043,4.440892098500625e-16,0.3175597379506696,-0.0006930173172176,11.076105667260558,60.81059260004103,2015-11,technical_valuation_calendar,8b0702da5fced1077837418bcf8fc45dd7defeb913c42dd902bc57b28a7bcc9a,True,technical_valuation_calendar
2016-01-14,56.5,56.7,55.85,56.7,15487360,871255829,-0.45,5765,0.0,1.0,0.9921259842519686,231.70531648081564,10.3273979825227,0.1821410578928166,10.290969770944136,10.3273979825227,10.172578083313809,14.125,14.175,13.9625,14.175,56.63,56.7,78710104126.0,1390000000.0,9428,4464,-11576900.0,-7200900.0,-240000.0,-4136000.0,56.7,0.0,True,0.0352733686067019,2016-01-15,YUANTA_ETF_NAV_HISTORY,0.011504424778761,-0.0222412318220701,-0.0386879730866277,-0.1065849829900712,-0.0419914508423435,-0.0715073747434897,23.40425531914886,-1.4640050999071406,-0.1281464530892451,0.1513010384259775,-0.0956229271342134,-0.0013978682509173,0.0349956255468066,0.3721687638786084,0.3052412150089338,-0.1298906049340537,1.0,0.0369265199552406,9,0.4516129032258064,-0.587785252292473,-0.8090169943749475,2016-01,21,10.181685136208449,2016-01-18,0.0107334525939173,False,False,10.181685136208449,10.40936145857447,-0.0221150100797662,0.6444902650091581,-0.01597702119416,10.295594258435557,56.52538959389453,2015-12,technical_valuation_calendar,8b0702da5fced1077837418bcf8fc45dd7defeb913c42dd902bc57b28a7bcc9a,False,technical_valuation_calendar
2016-02-26,61.35,61.7,60.9,61.25,14513092,888888205,0.15,2460,0.0,1.0,1.0024549918166938,250.29895298853532,11.156139795935015,0.1821410578928165,11.174353901724295,11.238103271986782,11.092390425672528,15.3375,15.425,15.225,15.3125,61.5,61.25,82191666084.0,1336500000.0,5126,4226,10595100.0,6465100.0,-300000.0,4430000.0,61.25,0.0,True,0.0326530612244898,2016-03-01,YUANTA_ETF_NAV_HISTORY,0.0132669983416255,0.0032840722495899,0.0930232558139538,-0.0137207425343018,0.0337534895524915,0.0241367750586658,76.69172932330844,1.2582369152309325,-0.0270700636942675,0.1584283798447571,1.3404428831018131,-0.0032626427406198,0.0327332242225859,-0.0793140407288317,-0.036995006808897,0.8621723080884164,1.0,-0.0242841609278724,13,0.896551724137931,-0.9510565162951536,0.3090169943749472,2016-02,13,10.618823675151209,2016-02-15,0.0523156089193821,False,False,11.174353901724295,11.128818637251094,0.0040833049793705,0.142904263462846,-0.0035193914692826,11.145169412556838,61.18976984923065,2016-01,technical_valuation_calendar,8b0702da5fced1077837418bcf8fc45dd7defeb913c42dd902bc57b28a7bcc9a,True,technical_valuation_calendar
2016-03-31,65.1,65.4,64.45,64.65,16046959,1040188630,-0.05,4899,0.0,1.0,0.9992272024729522,264.1930989503479,11.775419392770592,0.1821410578928165,11.857382868822356,11.912025186190204,11.738991181192027,16.275,16.35,16.1125,16.1625,64.91,64.65,75520638774.0,1163500000.0,3208,2896,2077000.0,4622000.0,250000.0,-2795000.0,64.65,0.0,True,0.0309358081979891,2016-04-01,YUANTA_ETF_NAV_HISTORY,0.0164964650432051,0.0054390054390056,0.0376904570970324,0.0503246753246748,0.0141463223480544,0.0685531042265925,63.06306306306291,1.4824618197870516,0.0,0.1076752028145829,1.1492903985436544,-0.0012349490583513,0.0309119010819165,-0.0905397562391178,-0.1435340022296544,0.7756214003233948,1.0,-0.0432829726418946,23,1.0,-0.587785252292473,-0.8090169943749475,2016-03,23,11.15613979593502,2016-03-01,0.062857142857142,False,False,11.857382868822356,11.78452644566523,0.0061633477076685,0.1174989101913018,-0.0016304355480438,11.824154830792876,64.91756975382764,2016-02,technical_valuation_calendar,8b0702da5fced1077837418bcf8fc45dd7defeb913c42dd902bc57b28a7bcc9a,True,technical_valuation_calendar
2016-04-06,63.3,63.3,62.35,62.4,8957175,560162916,-1.5,3518,0.0,1.0,0.976525821596244,254.9984435344425,11.365602012511754,0.1821410578928165,11.529528964615288,11.529528964615288,11.356494959617113,15.825,15.825,15.5875,15.6,62.52,62.4,71183750062.0,1138500000.0,3622,2908,-1450000.0,26000.0,-480000.0,-996000.0,62.4,0.0,True,0.032051282051282,2016-04-07,YUANTA_ETF_NAV_HISTORY,-0.0116009280742459,-0.0023419203747068,0.0126782884310612,0.047540983606557,-0.0003519887363606,0.0535716739258871,49.10714285714269,-0.0390717604086728,-0.0123647604327665,0.1132963837437128,-1.257311679416535,-0.0007818608287725,0.0312989045383411,-0.0245183887915937,-0.1475022169671889,-0.1173092607282112,1.0,-0.0587019429516328,2,0.2,0.5877852522924732,-0.8090169943749473,2016-04,19,11.256317377776062,2016-04-08,0.0242718446601943,False,False,11.256317377776062,11.638813599350978,-0.0334159969198441,0.6932892243834561,-0.0134410699810721,11.540839255139543,63.36209632608435,2016-03,technical_valuation_calendar,8b0702da5fced1077837418bcf8fc45dd7defeb913c42dd902bc57b28a7bcc9a,False,technical_valuation_calendar
2016-05-31,63.05,63.35,62.8,63.15,8678987,547637441,0.0,2005,0.0,1.0,1.0,258.06332867307776,11.502207805931372,0.1821410578928166,11.48399370014209,11.538636017509935,11.438458435668885,15.7625,15.8375,15.7,15.7875,63.34,63.15,76102480000.0,1201500000.0,3481,2226,5415000.0,4786000.0,0.0,629000.0,63.15,0.0,True,0.0316706254948535,2016-06-01,YUANTA_ETF_NAV_HISTORY,0.0087859424920127,0.0185483870967742,0.0251623376623379,0.0128307939053728,0.0422942025995465,0.009740303002039,72.66187050359743,2.2436082809856583,-0.0239567233384848,0.1641784748057914,1.4190717937774788,-0.0023696682464454,0.0316706254948535,-0.1336621454993835,-0.0886800163465467,0.9050902613692442,1.0,0.0,21,1.0,0.9510565162951536,0.3090169943749474,2016-05,21,10.7736435743601,2016-05-16,0.0659340659340663,False,False,11.48399370014209,11.502207805931372,-0.0015847863855715,0.1031448916479956,-0.0006497550355576,11.552210299053804,63.42452620348708,2016-04,technical_valuation_calendar,8b0702da5fced1077837418bcf8fc45dd7defeb913c42dd902bc57b28a7bcc9a,True,technical_valuation_calendar
2016-06-27,63.2,63.75,63.0,63.75,4931264,313187141,0.65,1620,0.0,1.0,1.0103011093502376,260.515236783986,11.611492440667067,0.1821410578928167,11.51131485882602,11.611492440667067,11.474886647247454,15.8,15.9375,15.75,15.9375,63.68,63.75,78483700751.0,1232500000.0,2546,2159,1267000.0,1694000.0,0.0,-427000.0,63.75,0.0,True,0.0313725490196078,2016-06-28,YUANTA_ETF_NAV_HISTORY,-0.0262345679012343,-0.0148321623731456,0.0152855993563962,-0.0156006240249597,-0.0140239853119258,0.0071693646000989,45.16129032258084,-1.287251098182678,-0.0329501915708809,0.1612673913916963,1.5627111271379748,-0.0030020540369726,0.0316957210776545,0.1399378054198135,-0.0077874484654145,-0.2741191278148331,1.0,-0.0798805524449421,18,0.9,0.0,1.0,2016-06,21,11.465779594352808,2016-06-01,0.0039714058776814,False,True,11.493100753036735,11.493100753036735,0.0,0.6573940569540957,-0.0018486106625664,11.52923348093453,63.29837772062935,2016-05,technical_valuation_calendar,8b0702da5fced1077837418bcf8fc45dd7defeb913c42dd902bc57b28a7bcc9a,False,technical_valuation_calendar
2016-07-29,68.85,69.2,68.55,68.55,19390373,1335212572,-0.5,3355,0.0,1.0,0.99275887038378,283.5788858337499,12.639468346804138,0.1843831998075002,12.694783306746388,12.759317426679017,12.639468346804138,17.2125,17.3,17.1375,17.1375,68.49,68.55,53970201697.0,788000000.0,1150,257,9337000.0,13847000.0,-80000.0,-4430000.0,68.55,0.0,True,0.0415754923413566,2016-08-01,YUANTA_ETF_NAV_HISTORY,0.0028694404591103,0.0050323508267435,0.0803709428129828,0.1506172839506185,0.0297583971714789,0.0878671940859867,88.88888888888908,1.2753048792456474,0.0,0.1276326303580839,-0.4117406581348729,-0.0056163594470046,0.0412744388124547,-0.0327433628318584,-0.6172344689378757,0.3648129923021664,1.0,-0.2916274694261523,20,0.935483870967742,-0.9510565162951536,0.3090169943749472,2016-07,20,11.921132239084852,2016-07-07,0.0648974486773183,False,False,12.694783306746388,12.731659946707886,-0.0029006546806371,0.1288736752724423,-0.003195264015811,12.754499075221522,69.17386773056047,2016-06,technical_valuation_calendar,8b0702da5fced1077837418bcf8fc45dd7defeb913c42dd902bc57b28a7bcc9a,True,technical_valuation_calendar
2016-08-31,69.85,70.05,69.3,69.4,5206081,362946724,-0.6,1043,0.0,1.0,0.9914285714285715,287.0951812817249,12.796194066640512,0.1843831998075001,12.879166506553885,12.916043146515385,12.77775574665976,17.4625,17.5125,17.325,17.35,69.67,69.4,58556126434.0,840500000.0,996,513,-118000.0,253000.0,0.0,-371000.0,69.4,0.0,True,0.0410662824207492,2016-09-01,YUANTA_ETF_NAV_HISTORY,-0.0007137758743753,0.00864553314121,0.0101010101010097,0.1098151045314046,0.0033324972229187,0.0441114039981074,43.74999999999966,0.4281987616465294,-0.0084985835694054,0.0993102796724766,-1.1122619440392698,-0.0004283878337855,0.0407142857142857,0.045589692765114,0.0239520958083832,0.4634389650619246,1.0,0.021884498480243,23,1.0,0.5877852522924732,-0.8090169943749473,2016-08,23,12.630249186813764,2016-08-03,0.0197080291970799,False,False,12.879166506553885,12.906823986525009,-0.002145156346388,0.2971661659194773,-0.0014449258288028,12.95262899044527,70.24842287132496,2016-07,technical_valuation_calendar,8b0702da5fced1077837418bcf8fc45dd7defeb913c42dd902bc57b28a7bcc9a,True,technical_valuation_calendar
2016-09-10,69.15,69.6,69.0,69.4,8825756,612259307,-1.0,1835,0.0,1.0,0.9857954545454546,287.09518128172493,12.796194066640512,0.1843831998075001,12.75009826668864,12.833070706602012,12.722440786717511,17.2875,17.4,17.25,17.35,69.79,69.4,54195440117.0,776500000.0,1146,501,-731000.0,-3960000.0,0.0,3229000.0,69.4,0.0,True,0.0410662824207492,2016-09-12,YUANTA_ETF_NAV_HISTORY,-0.0167597765363126,0.0180766449746927,0.0028490028490029,0.1249663518937527,0.0060735977134693,0.0358640041173876,61.97183098591565,0.5395873827504909,-0.0201809324982601,0.1316350972410794,-0.2852355692658602,-0.0028328611898015,0.0404829545454545,0.0066730219256434,-0.0158730158730159,-0.4405038721896369,1.0,-0.0571944611679711,8,0.3333333333333333,-2.4492935982947064e-16,1.0,2016-09,19,12.63024918681376,2016-09-14,0.0094890510948908,False,False,12.63024918681376,12.980577266448014,-0.0273595178958174,0.5322745515060192,-0.0134696618745444,12.87094008291204,69.80538409328817,2016-08,technical_valuation_calendar,8b0702da5fced1077837418bcf8fc45dd7defeb913c42dd902bc57b28a7bcc9a,False,technical_valuation_calendar
2016-10-31,72.25,72.7,71.7,72.6,5464146,394236445,0.0,717,0.0,1.0,1.0,300.3329994388073,13.386220306024512,0.1843831998075001,13.321686186091888,13.404658626005263,13.220275426197762,18.0625,18.175,17.925,18.15,72.64,72.6,42963747265.0,591500000.0,458,429,-2302000.0,-282000.0,0.0,-2020000.0,72.6,0.0,True,0.0117079889807162,2016-11-01,YUANTA_ETF_NAV_HISTORY,0.0,0.0,0.0097357440890122,0.0476190476190474,0.0075287097109948,0.026559517356774,60.21505376344067,0.8576941104007648,-0.0108991825613079,0.094743845149381,-0.1940120103106554,-0.0030211480362537,0.0117079889807162,-0.075107296137339,-0.3317901234567901,-0.3569559748839601,1.0,-0.0603653693407466,20,1.0,0.0,1.0,2016-10,20,13.128083826294011,2016-10-03,0.014747191011236,False,False,13.321686186091888,13.386220306024512,-0.0048325948382088,0.2591710321576572,-0.0006021516393279,13.445053008857167,72.91907843498802,2016-09,technical_valuation_calendar,8b0702da5fced1077837418bcf8fc45dd7defeb913c42dd902bc57b28a7bcc9a,True,technical_valuation_calendar
2016-11-02,71.95,72.0,71.6,71.75,5502479,394615232,-0.85,1116,0.0,1.0,0.988292011019284,296.8167039908323,13.22949458618814,0.1843831998075002,13.26637122614964,13.275590386140015,13.201837106217011,17.9875,18.0,17.9,17.9375,71.59,71.75,42344713252.0,591500000.0,629,423,-1651000.0,-1561000.0,0.0,-90000.0,71.75,0.0,True,0.0118466898954703,2016-11-03,YUANTA_ETF_NAV_HISTORY,0.0,-0.0108991825613079,0.0160951714485653,0.0559999999999998,0.0055749852834239,0.0248326647766707,54.79452054794524,0.7005365330545376,-0.0108991825613079,0.077775018742858,-0.7234475011123225,0.0005512679162071,0.0117079889807162,0.0390804597701148,-0.3244094488188976,-0.122509246237163,1.0,-0.0444264943457188,2,0.0666666666666666,0.5877852522924732,-0.8090169943749473,2016-11,22,12.869947346563512,2016-11-15,0.0308022922636106,False,False,12.869947346563512,13.386220306024512,-0.0393309120624235,0.6092264012892673,-0.0135673055608523,13.271860983801474,71.97977363261711,2016-10,technical_valuation_calendar,8b0702da5fced1077837418bcf8fc45dd7defeb913c42dd902bc57b28a7bcc9a,False,technical_valuation_calendar
2016-12-27,70.8,70.9,70.65,70.75,2494279,176416611,-0.05,613,0.0,1.0,0.9992937853107344,292.6798858167441,13.04511138638064,0.1843831998075002,13.054330546371014,13.072768866351764,13.02667306639989,17.7,17.725,17.6625,17.6875,70.79,70.75,42082634391.0,594500000.0,816,363,-438000.0,-1028000.0,100000.0,490000.0,70.75,0.0,True,0.0120141342756183,2016-12-28,YUANTA_ETF_NAV_HISTORY,0.0035435861091424,-0.0146137787056367,-0.0132404181184667,-0.0021141649048624,-0.0162226004793831,-0.0129996863346459,36.666666666666686,-1.4561718165780604,-0.0354223433242506,0.1007599072128487,-0.6001251654434238,0.0002825656965244,0.0120056497175141,0.6206896551724137,-0.0497382198952879,-0.1168685499605925,1.0,0.0,19,0.8709677419354839,0.9510565162951536,0.3090169943749474,2016-12,22,13.017453906409512,2016-12-23,0.0028328611898018,False,True,13.054330546371014,13.054330546371013,2.2204460492503126e-16,0.5566169622836845,-0.002843528823382,13.082349222156488,70.95195894102459,2016-11,technical_valuation_calendar,8b0702da5fced1077837418bcf8fc45dd7defeb913c42dd902bc57b28a7bcc9a,False,technical_valuation_calendar
2017-01-24,73.0,73.3,72.9,73.3,4575104,334830127,0.55,1858,0.0,1.0,1.0075601374570446,303.2287721606692,13.515288545889767,0.1843831998075002,13.45997358594752,13.515288545889767,13.44153526596677,18.25,18.325,18.225,18.325,73.18,73.3,43395816967.0,593000000.0,296,115,1427000.0,344000.0,1683000.0,-600000.0,73.3,0.0,True,0.0115961800818553,2017-02-02,YUANTA_ETF_NAV_HISTORY,0.0083160083160083,0.0104166666666665,0.031183557760454,0.0020661157024799,0.0094352712640488,0.0140903969240424,59.55056179775288,1.1273213267056852,-0.0054682159945318,0.0889304713585083,2.16681759853386,-0.0043793622553714,0.0116838487972508,-0.1580381471389645,-0.2271386430678466,0.3146642070218902,1.0,-0.0025231286795626,16,0.7741935483870968,0.9510565162951536,0.3090169943749474,2017-01,16,13.220275426197768,2017-01-03,0.0181311018131102,False,False,13.45997358594752,13.413877785995645,0.0034305350967892,0.2943838860656477,-0.0063233462911899,13.395971426291831,72.65288507997202,2016-12,technical_valuation_calendar,8b0702da5fced1077837418bcf8fc45dd7defeb913c42dd902bc57b28a7bcc9a,True,technical_valuation_calendar
2017-02-24,73.05,73.3,72.85,73.15,1844790,134857020,0.05,615,0.0,1.0,1.000683994528044,309.7780616162807,13.807198631243548,0.1887518609876083,13.788323445144783,13.835511410391687,13.750573072947263,18.2625,18.325,18.2125,18.2875,73.2,73.15,41395646284.0,565500000.0,552,92,-193000.0,48000.0,0.0,-241000.0,73.15,0.0,True,0.0348598769651401,2017-03-01,YUANTA_ETF_NAV_HISTORY,-0.0027285129604367,-0.0034083162917519,0.0400554004547293,0.0422282181437021,0.0094353348334403,0.0292785139156188,70.09391292032846,0.6825403582823836,-0.0108254397834914,0.0752007811791083,-1.155363983599202,-0.0032724297791111,0.0348837209302325,0.1046277665995976,0.0232558139534884,0.2448078022947623,1.0,0.0,18,0.8571428571428571,-0.9510565162951536,0.3090169943749472,2017-02,18,13.450754425957149,2017-02-03,0.0250966606405509,False,False,13.788323445144783,13.797761038194164,-0.0006842285590243,0.2711856145538611,-0.0036387980562176,13.81638323354468,73.19865966488,2017-01,technical_valuation_calendar,8b0702da5fced1077837418bcf8fc45dd7defeb913c42dd902bc57b28a7bcc9a,True,technical_valuation_calendar
2017-03-31,73.95,74.1,73.7,73.7,2008887,148377572,-0.2,614,0.0,1.0,0.9972936400541272,312.10721997429783,13.911012154786732,0.1887518609876083,13.958200120033634,13.986512899181774,13.911012154786732,18.4875,18.525,18.425,18.425,73.57,73.7,41601857219.0,565500000.0,443,126,-344000.0,-118000.0,0.0,-226000.0,73.7,0.0,True,0.0345997286295793,2017-04-05,YUANTA_ETF_NAV_HISTORY,-0.0013513513513511,-0.0060524546065902,0.0186078566505858,0.0685161125219007,0.0069834781127575,0.0236719741565949,70.21276595744696,0.5588611766103744,-0.0133511348464619,0.0965808733000781,-1.0525148257599626,-0.0009463295930781,0.0345060893098782,0.181547619047619,0.0,0.7256614612795662,1.0,0.0,23,1.0,-0.9510565162951536,0.3090169943749472,2017-03,23,13.58069639805842,2017-03-10,0.0277970813064627,False,False,13.958200120033634,13.948762526984256,0.0006763612026525,0.2038502681710431,-0.0007053826062662,14.008621415817895,74.21713005911806,2017-02,technical_valuation_calendar,8b0702da5fced1077837418bcf8fc45dd7defeb913c42dd902bc57b28a7bcc9a,True,technical_valuation_calendar
2017-04-19,73.1,73.25,72.65,72.8,9185446,669532623,-0.8,3402,0.0,1.0,0.9891304347826088,308.2958699339062,13.741135479897888,0.1887518609876083,13.797761038194167,13.826073817342312,13.712822700749747,18.275,18.3125,18.1625,18.2,72.83,72.8,41366925608.0,568000000.0,958,144,-6969000.0,-7146000.0,0.0,177000.0,72.8,0.0,True,0.0350274725274725,2017-04-20,YUANTA_ETF_NAV_HISTORY,0.0,-0.0040595399188094,-0.0054054054054051,0.0406606733786358,-0.0068481597679047,0.0099748558903651,42.3076923076924,-1.484840378503552,-0.0173564753004006,0.0903641301083233,0.2908443910552352,-0.0004074426184978,0.0346467391304347,0.2846715328467153,0.0526315789473683,-0.2425752282237427,1.0,0.0,11,0.6333333333333333,0.5877852522924732,-0.8090169943749473,2017-04,18,13.693947514650985,2017-04-20,0.0075809786354237,False,False,13.693947514650985,13.892136968687971,-0.0143690464046335,0.6331085719293746,-0.010602819949198,13.814347361061802,73.18787369184521,2017-03,technical_valuation_calendar,8b0702da5fced1077837418bcf8fc45dd7defeb913c42dd902bc57b28a7bcc9a,False,technical_valuation_calendar
2017-05-31,76.95,77.5,76.4,76.5,2701301,207172841,-0.45,765,0.0,1.0,0.9941520467836256,323.9647534332943,14.439517365552035,0.1887518609876083,14.52445570299646,14.628269226539643,14.420642179453276,19.2375,19.375,19.1,19.125,76.27,76.5,43204607836.0,566500000.0,214,122,-1278000.0,-1760000.0,90000.0,392000.0,76.5,0.0,True,0.0333333333333333,2017-06-01,YUANTA_ETF_NAV_HISTORY,-0.0006493506493505,0.0145023071852341,0.0328859060402684,0.0519480519480519,0.0121670503123971,0.0344016399870055,69.84126984127002,1.5621412244022137,-0.0006493506493505,0.0652017312253693,0.0612685845669062,-0.0014274591227614,0.0331384015594541,-0.2862745098039215,-0.0161290322580645,-0.3610953707374383,1.0,0.0,20,1.0,0.5877852522924732,-0.8090169943749473,2017-05,20,14.15638957407062,2017-05-02,0.0260000000000004,False,False,14.52445570299646,14.52445570299646,0.0,0.1886593200697598,-0.0008036784865222,14.585351336828824,77.27262269369817,2017-04,technical_valuation_calendar,8b0702da5fced1077837418bcf8fc45dd7defeb913c42dd902bc57b28a7bcc9a,True,technical_valuation_calendar
2017-06-30,80.1,80.4,79.8,80.4,3070653,245991027,-0.25,854,0.0,1.0,0.9969001859888408,340.4806036083249,15.175649623403704,0.1887518609876082,15.11902406510742,15.175649623403704,15.06239850681114,20.025,20.1,19.95,20.1,80.49,80.4,58593995765.0,728000000.0,294,109,-637000.0,230000.0,-970000.0,103000.0,80.4,0.0,True,0.0317164179104477,2017-07-03,YUANTA_ETF_NAV_HISTORY,0.0012414649286158,0.0112852664576801,0.0446891191709841,0.0943012211668925,0.0245823540621228,0.0560890440855519,69.06474820143872,1.3540161948957352,-0.0092137592137592,0.1151539631169404,-0.8377663108367122,-0.0025970813752163,0.0316181029138251,0.653179190751445,0.0,-0.083376831750458,1.0,0.0753323485967503,23,1.0,-0.9510565162951536,0.3090169943749472,2017-06,23,14.439517365552035,2017-06-01,0.0470588235294113,False,False,15.11902406510742,15.222837588650608,-0.0068429504969045,0.1284116852579143,-0.0007461796912327,15.28754026752865,80.99279226991196,2017-05,technical_valuation_calendar,8b0702da5fced1077837418bcf8fc45dd7defeb913c42dd902bc57b28a7bcc9a,True,technical_valuation_calendar
2017-07-31,81.45,81.5,81.05,81.35,2806599,228312297,0.0,879,0.7,1.0,0.9993909866017052,347.4680786823764,15.487090194033264,0.1903760318873173,15.506127797221994,15.51564659881636,15.429977384467067,20.3625,20.375,20.2625,20.3375,81.72,81.35,45802812067.0,560500000.0,324,1,609000.0,915000.0,0.0,-306000.0,81.35,0.0,True,0.0295021511985248,2017-08-01,YUANTA_ETF_NAV_HISTORY,-0.010843373493976,0.0,0.0211442786069653,0.0852610707204228,0.0053266393191697,0.0396462754450577,65.48672566371684,0.4572555325263557,-0.010843373493976,0.0988933051776809,0.9656425457241056,-0.0031568722680913,0.0207064555420219,0.4744897959183674,-1.0,-0.1392675074364986,1.0,-0.2300824175824175,21,1.0,0.0,1.0,2017-07,21,15.100148879008664,2017-07-10,0.0268857559926245,False,False,15.506127797221994,15.496527787082645,0.0006193024607245,0.317410609560963,-0.000632254824973,15.564166794951555,81.75486504605746,2017-06,technical_valuation_calendar,8b0702da5fced1077837418bcf8fc45dd7defeb913c42dd902bc57b28a7bcc9a,True,technical_valuation_calendar
2017-08-11,80.85,81.35,80.75,81.25,2747290,222731207,-0.35,1267,0.0,1.0,0.9957107843137256,347.04095135762867,15.468052590844538,0.1903760318873174,15.391902178089609,15.487090194033268,15.37286457490088,20.2125,20.3375,20.1875,20.3125,81.47,81.25,45662052025.0,560500000.0,517,68,-1275898.0,-60898.0,0.0,-1215000.0,81.25,0.0,True,0.0295384615384615,2017-08-14,YUANTA_ETF_NAV_HISTORY,-0.0066950699939136,-0.0072992700729926,0.0012427153105223,0.0786651533227382,-0.0037662236934881,0.0289557081908369,51.67606021382653,-0.635901027202455,-0.0162748643761301,0.0882702437176971,-0.0428588244668268,0.0003677822728944,0.0294117647058823,0.4154302670623144,3.166666666666667,-0.4515628619050714,1.0,0.0,9,0.3548387096774194,-0.9510565162951536,0.3090169943749472,2017-08,23,15.391902178089609,2017-08-11,0.0,True,True,15.391902178089609,15.534684202005096,-0.0092336759469454,0.6083712155577956,-0.0134395684694344,15.403937946119129,80.91322102583082,2017-07,technical_valuation_calendar,8b0702da5fced1077837418bcf8fc45dd7defeb913c42dd902bc57b28a7bcc9a,False,technical_valuation_calendar
2017-09-25,81.55,81.55,80.75,80.95,7071046,572821645,-0.65,3080,0.0,1.0,0.9920343137254904,345.7595693833851,15.41093978127834,0.1903760318873173,15.525165400410728,15.525165400410728,15.372864574900875,20.3875,20.3875,20.1875,20.2375,80.76,80.95,43246130548.0,535500000.0,723,151,-5825000.0,-4389000.0,0.0,-1436000.0,80.95,0.0,True,0.0296479308214947,2017-09-26,YUANTA_ETF_NAV_HISTORY,-0.0133010882708586,-0.0091074681238615,-0.0133010882708588,0.0236585969965787,-0.0118971937153757,-0.0024075255457394,38.93805309734506,-2.7949769607824293,-0.0186410102224896,0.082787324128645,1.370967083519257,-0.0001225340031859,0.0294117647058823,0.2613908872901678,0.1120000000000001,-0.6095487769244134,1.0,0.0,17,0.8333333333333334,0.0,1.0,2017-09,22,15.315751765334682,2017-09-29,0.0136730888750775,False,False,15.315751765334682,15.534684202005096,-0.014193388531669,0.7531128496390749,-0.0045417381166759,15.541611160868872,81.63638566680432,2017-08,technical_valuation_calendar,8b0702da5fced1077837418bcf8fc45dd7defeb913c42dd902bc57b28a7bcc9a,False,technical_valuation_calendar
2017-10-31,85.0,85.35,84.8,85.2,2131434,181429580,0.25,552,0.0,1.0,1.0029429075927017,363.9124806851688,16.22003791679944,0.1903760318873174,16.181962710421978,16.248594321582537,16.143887504044514,21.25,21.3375,21.2,21.3,85.34,85.2,41605580798.0,487500000.0,179,224,905000.0,1730000.0,0.0,-825000.0,85.2,0.0,True,0.028169014084507,2017-11-01,YUANTA_ETF_NAV_HISTORY,0.0077105575326217,0.0053254437869822,0.0565920398009953,0.03345498783455,0.0173348103350199,0.0290732889158087,79.38144329896848,1.0412944883368962,0.0,0.0736247061373346,-0.1759145654552661,-0.003635937133474,0.0282519128899352,-0.0904522613065326,-0.0259740259740259,0.6441349473137518,1.0,-0.0534208059981256,19,1.0,0.9510565162951536,0.3090169943749474,2017-10,19,15.468052590844536,2017-10-02,0.0461538461538462,False,False,16.181962710421978,16.17244390882761,0.0005884083723755,0.1985976055819829,-0.00118218593645,16.234103051486144,85.27388080604089,2017-09,technical_valuation_calendar,8b0702da5fced1077837418bcf8fc45dd7defeb913c42dd902bc57b28a7bcc9a,True,technical_valuation_calendar
2017-11-28,83.95,84.0,83.5,83.6,2007123,167971263,-0.55,1014,0.0,1.0,0.9934640522875816,357.07844348920315,15.91543626577973,0.1903760318873173,15.982067876940294,15.991586678534658,15.896398662591,20.9875,21.0,20.875,20.9,83.63,83.6,39221371409.0,469000000.0,377,201,-1339100.0,-596100.0,0.0,-743000.0,83.6,0.0,True,0.0287081339712918,2017-11-29,YUANTA_ETF_NAV_HISTORY,-0.0117439812096299,0.0017857142857145,-0.0094173042966448,0.0144665461121156,-0.005289754425367,0.0086904405154333,40.33613445378148,-0.8189068483550261,-0.0134818288393903,0.0853425869471617,-0.1324443154728474,0.0004755677089527,0.0285204991087344,-0.0806451612903226,-0.0145631067961164,-0.4352006107260645,1.0,0.0,20,0.9333333333333332,0.9510565162951536,0.3090169943749474,2017-11,22,15.80121064664734,2017-11-30,0.0114457831325303,False,False,15.80121064664734,16.02014308331776,-0.0137603128402173,0.5552907209768546,-0.0015060923460135,16.076013595821838,84.44347450910814,2017-10,technical_valuation_calendar,8b0702da5fced1077837418bcf8fc45dd7defeb913c42dd902bc57b28a7bcc9a,False,technical_valuation_calendar
2017-12-29,81.75,82.2,81.75,82.15,4690296,384768069,0.45,1612,0.0,1.0,1.0055079559363524,350.8850972803593,15.63939101954312,0.1903760318873173,15.563240606788192,15.648909821137485,15.563240606788192,20.4375,20.55,20.4375,20.5375,82.3,82.15,40781754222.0,495500000.0,1134,257,3428000.0,2802000.0,0.0,626000.0,82.15,0.0,True,0.0292148508825319,2018-01-02,YUANTA_ETF_NAV_HISTORY,0.0098887515451173,0.0086419753086421,-0.0066869300911854,0.0024539877300613,0.0044567388965728,-0.0186087948828318,57.01754385964892,0.5992195989271818,-0.042203985932005,0.1057493356198794,-0.2624571841423723,0.0020851220409665,0.02937576499388,-0.0814132104454685,0.048,0.2917782511141211,1.0,0.0,21,0.935483870967742,-0.9510565162951536,0.3090169943749472,2017-12,21,15.344308170117776,2017-12-27,0.0142679900744417,False,False,15.563240606788192,15.553721805193826,0.0006118079114054,0.1764173297612725,-0.0014280503032494,15.609183790874516,81.9913286149042,2017-11,technical_valuation_calendar,8b0702da5fced1077837418bcf8fc45dd7defeb913c42dd902bc57b28a7bcc9a,True,technical_valuation_calendar
2018-01-31,84.4,85.0,84.15,84.65,4251739,359040915,0.1,1176,0.0,1.0,1.0011827321111768,370.8612256577104,16.52975223799169,0.1952717334671198,16.48093430462491,16.59809734470518,16.432116371258132,21.1,21.25,21.0375,21.1625,84.6,84.65,41114891647.0,486000000.0,533,7,-533000.0,-1222000.0,-285000.0,974000.0,84.65,0.0,True,0.054341405788541,2018-02-01,YUANTA_ETF_NAV_HISTORY,-0.0116890707188777,-0.0178450278095303,0.0499307995692313,0.0220893817845426,0.01359342376148,0.0366331382334936,68.76350389723417,0.6693882645066395,-0.0178450278095303,0.1036664029834528,-0.1796088462883762,0.0022522522522521,0.0544056771141336,1.5165876777251186,0.2307692307692308,-0.2565310200168698,1.0,0.0156739811912225,22,1.0,0.5877852522924732,-0.8090169943749473,2018-01,22,15.639391019543115,2018-01-02,0.0538092106035454,False,False,16.48093430462491,16.510225064644978,-0.0017756737426778,0.2963897278249234,-0.0004120093705852,16.585941218826676,84.9377476419005,2017-12,technical_valuation_calendar,8b0702da5fced1077837418bcf8fc45dd7defeb913c42dd902bc57b28a7bcc9a,True,technical_valuation_calendar
2018-02-05,83.2,83.75,82.9,83.6,7075902,588994369,-1.3,2875,0.0,1.0,0.984687868080094,366.2610568810937,16.32471691785121,0.1952717334671197,16.246608224464364,16.354007677871277,16.188026704424228,20.8,20.9375,20.725,20.9,83.63,83.6,40684220223.0,486500000.0,933,60,-5359000.0,-3784000.0,-815000.0,-760000.0,83.6,0.0,True,0.055023923444976,2018-02-06,YUANTA_ETF_NAV_HISTORY,-0.0041055718475073,-0.0047624613843201,0.0398004134790688,0.031792471906066,0.0114339427135807,0.0395362968833532,66.43507644451111,0.6248953181914578,-0.0137793360263647,0.1046889992777674,-1.1527881354537648,-0.0035211267605633,0.0541813898704357,0.5917525773195875,,-0.5513383991131856,1.0,0.027455121436114,3,0.1785714285714285,0.0,1.0,2018-02,13,15.348358250515613,2018-02-09,0.0585241730279897,False,False,15.348358250515613,16.578570171358468,-0.0771023938821408,0.5744933873538868,-0.0115265148586972,16.470517006261733,84.3466522974001,2018-01,technical_valuation_calendar,8b0702da5fced1077837418bcf8fc45dd7defeb913c42dd902bc57b28a7bcc9a,False,technical_valuation_calendar
2018-03-02,80.85,81.2,80.45,81.15,6262361,505982082,-0.6,2846,0.0,1.0,0.9926605504587156,355.5273297356551,15.846301170856773,0.1952717334671198,15.787719650816634,15.856064757530127,15.709610957429788,20.2125,20.3,20.1125,20.2875,81.1,81.15,41724621937.0,514500000.0,1337,206,-2388000.0,-2827000.0,0.0,439000.0,81.15,0.0,True,0.0357362908194701,2018-03-05,YUANTA_ETF_NAV_HISTORY,-0.0072859744990892,0.0030674846625766,-0.0503705620748565,-0.0035379754154469,-0.0119219493321544,0.0036318642260979,39.49275362318837,-0.4590709771484055,-0.0503705620748565,0.2271233759391577,-0.5050949897047446,-0.0002445884798825,0.0354740061162079,-0.1958285052143684,0.3103448275862068,-0.3367693164710811,1.0,0.0,2,0.064516129032258,-0.9510565162951536,0.3090169943749472,2018-03,23,15.787719650816634,2018-03-02,0.0,True,True,15.787719650816634,15.96346421093704,-0.0110702237542468,0.6603418704646884,-0.0151877014729188,15.80146195152106,80.92037526865987,2018-02,technical_valuation_calendar,8b0702da5fced1077837418bcf8fc45dd7defeb913c42dd902bc57b28a7bcc9a,False,technical_valuation_calendar
2018-04-23,80.25,80.45,79.9,79.95,10624780,850769704,-0.8,5274,0.0,1.0,0.990092879256966,350.26999399095024,15.61197509069622,0.1952717334671197,15.670556610736355,15.70961095742978,15.602211504022865,20.0625,20.1125,19.975,19.9875,79.78,79.95,41247636361.0,517000000.0,1505,279,-9326257.0,-5184257.0,-1050000.0,-3092000.0,79.95,0.0,True,0.0362726704190118,2018-04-24,YUANTA_ETF_NAV_HISTORY,-0.0229885057471265,-0.0212121212121213,-0.0369707811568278,-0.0215408929331528,-0.019071914480078,-0.0256301115214481,41.81818181818162,-2.410824055028165,-0.0619868243124731,0.1523631669954181,2.6321662075777392,0.0038538040775732,0.0359133126934984,0.2312925170068027,-0.1198630136986301,-0.8169475304996887,1.0,0.0,13,0.7666666666666667,0.0,1.0,2018-04,18,15.47528487726924,2018-04-25,0.0126182965299681,False,False,15.47528487726924,15.76819247746992,-0.0187505493453759,0.7836924743352398,-0.0093501232498501,15.699552282009284,80.39848883019626,2018-03,technical_valuation_calendar,8b0702da5fced1077837418bcf8fc45dd7defeb913c42dd902bc57b28a7bcc9a,False,technical_valuation_calendar
2018-05-31,80.8,80.95,80.55,80.75,1605922,129628697,0.35,733,0.0,1.0,1.0043532338308456,353.7748844874201,15.76819247746992,0.1952717334671197,15.777956064143275,15.807246824163345,15.729138130776496,20.2,20.2375,20.1375,20.1875,80.71,80.75,48630643646.0,602500000.0,1133,313,-243000.0,247000.0,0.0,-490000.0,80.75,0.0,True,0.0359133126934984,2018-06-01,YUANTA_ETF_NAV_HISTORY,-0.0177153329260841,-0.011677934849416,0.0125944584382873,-0.0092421441774492,-0.0078667283664969,-0.016904594503714,48.44720496894407,-0.5967545512287045,-0.0535609181871691,0.126616876860083,0.1691002367444763,-0.0009940357852882,0.0360696517412935,0.0530649588289111,-0.0123076923076923,-0.2453940460217432,1.0,0.0,22,1.0,-0.587785252292473,-0.8090169943749475,2018-05,22,15.338594663842256,2018-05-04,0.0286441756842774,False,False,15.777956064143275,15.69984737075643,0.0049627893421288,0.424524409209579,-0.0007653206340057,15.766275733014789,80.74018421959443,2018-04,technical_valuation_calendar,8b0702da5fced1077837418bcf8fc45dd7defeb913c42dd902bc57b28a7bcc9a,True,technical_valuation_calendar
2018-06-19,81.1,81.2,80.6,80.6,4994238,403588078,-1.35,2728,0.0,1.0,0.9835265405735204,353.117717519332,15.73890171744985,0.1952717334671197,15.836537584183407,15.856064757530122,15.73890171744985,20.275,20.3,20.15,20.15,80.8,80.6,64722082878.0,801000000.0,1123,288,-4111000.0,-1031000.0,-600000.0,-2480000.0,80.6,0.0,True,0.0359801488833746,2018-06-20,YUANTA_ETF_NAV_HISTORY,0.0024464831804282,-0.0072683222289522,0.0123533045089561,-0.0220763723150357,-0.0014317482560086,0.0043302422484579,48.46625766871163,-0.1538125785653642,-0.022659511031604,0.1320057107078178,0.2018836877726174,-0.0072683222289521,0.0353874313605857,0.1307339449541285,-0.056782334384858,-0.3837268734648983,1.0,-0.0204996796925047,12,0.6333333333333333,0.9510565162951536,0.3090169943749474,2018-06,20,15.631502264042934,2018-06-28,0.0131168019987506,False,False,15.631502264042934,16.002518557630463,-0.023457865747115,0.5258298666169277,-0.0106252748502377,15.91255446032737,81.48928765978698,2018-05,technical_valuation_calendar,8b0702da5fced1077837418bcf8fc45dd7defeb913c42dd902bc57b28a7bcc9a,False,technical_valuation_calendar
2018-07-31,85.35,85.7,85.05,85.55,2739663,234041326,0.0,1056,0.0,1.0,1.0,377.9072784328429,16.843803690586114,0.1968884125141568,16.804426008083283,16.87333695246324,16.745359484329036,21.3375,21.425,21.2625,21.3875,85.87,85.55,71832065524.0,836500000.0,478,47,1518000.0,631000.0,-265000.0,1152000.0,85.55,0.0,True,0.0338983050847457,2018-08-01,YUANTA_ETF_NAV_HISTORY,-0.0017502917152859,0.011827321111768,0.0642600755678994,0.0925684499655254,0.0344738506930113,0.0501534198710824,76.40690865550224,1.6005548617241814,-0.0017502917152859,0.108000708215698,-0.9398521957987812,-0.0027975288495163,0.0420806545879602,-0.1404805914972273,2.0,0.6342662386508214,1.0,0.0449718925671456,22,1.0,0.9510565162951536,0.3090169943749474,2018-07,22,15.836537584183406,2018-07-06,0.0611174266315981,False,False,16.804426008083283,16.843803690586114,-0.0023405510977528,0.1510037920757937,-0.0008873645232677,16.91300804496332,85.90149023496865,2018-06,technical_valuation_calendar,8b0702da5fced1077837418bcf8fc45dd7defeb913c42dd902bc57b28a7bcc9a,True,technical_valuation_calendar
2018-08-31,87.0,87.0,86.45,86.95,4245610,368332289,-0.6,2097,0.0,1.0,0.993146773272416,384.0916172967351,17.119447468105935,0.1968884125141568,17.129291888731643,17.129291888731643,17.021003261848858,21.75,21.75,21.6125,21.7375,87.33,86.95,63796139057.0,730500000.0,463,148,154000.0,103000.0,0.0,51000.0,86.95,0.0,True,0.0333525014376078,2018-09-03,YUANTA_ETF_NAV_HISTORY,0.0034383954154726,0.029394473838918,0.0318208603417793,0.0597219372669231,0.0275520084504559,0.0526858182289129,61.93548387096765,2.1258766929713264,0.0,0.1155527715978145,1.769328855495298,-0.0045480386583286,0.0331239291833238,-0.4877479579929988,1.5517241379310347,0.4259070764551715,1.0,-0.0311671087533156,23,1.0,-0.9510565162951536,0.3090169943749472,2018-08,23,16.39096034180356,2018-08-16,0.0450450450450448,False,False,17.129291888731643,17.23758051561443,-0.0063019400772771,0.1072197606090127,-0.0007679254654068,17.31047016195567,87.92020790309842,2018-07,technical_valuation_calendar,8b0702da5fced1077837418bcf8fc45dd7defeb913c42dd902bc57b28a7bcc9a,True,technical_valuation_calendar
2018-09-28,87.35,87.65,86.6,86.9,13202371,1151404227,-0.45,4328,0.0,1.0,0.994848311390956,383.8707480515961,17.109603047480228,0.1968884125141568,17.198202833111598,17.257269356865844,17.050536523725977,21.8375,21.9125,21.65,21.725,87.38,86.9,50416485239.0,577000000.0,885,217,9003000.0,6660000.0,-70000.0,2413000.0,86.9,0.0,True,0.0333716915995397,2018-10-01,YUANTA_ETF_NAV_HISTORY,0.0051783659378594,0.0139291932675564,0.0011461318051573,0.0819801173142391,0.0109953703703704,0.0288947186506354,56.02836879432627,1.3875638123349832,-0.0022844089091947,0.1076784200154284,2.6995451197695317,-0.0033089913281607,0.0331997710360618,-0.4935064935064935,-0.2321428571428571,0.8344953222362733,1.0,-0.0881889763779527,19,0.9333333333333332,-0.9510565162951536,0.3090169943749472,2018-09,19,16.853648111211818,2018-09-18,0.0204439252336452,False,False,17.198202833111598,17.198202833111594,2.2204460492503126e-16,0.1906028960326209,-0.0015806560885174,17.25689506171691,87.64809894780421,2018-08,technical_valuation_calendar,8b0702da5fced1077837418bcf8fc45dd7defeb913c42dd902bc57b28a7bcc9a,True,technical_valuation_calendar
2018-10-11,80.15,80.15,77.35,77.4,68551624,5389808235,-5.85,29625,0.0,1.0,0.9297297297297298,341.9055914751845,15.239163128595736,0.1968884125141567,15.780606263009664,15.780606263009664,15.229318707970023,20.0375,20.0375,19.3375,19.35,77.71,77.4,48957313753.0,630000000.0,3880,508,-50235000.0,-48003000.0,250000.0,-2482000.0,77.4,0.0,True,0.0374677002583979,2018-10-12,YUANTA_ETF_NAV_HISTORY,0.0030120481927713,-0.0325392213829167,-0.0319767441860464,0.0113161100938348,-0.0291545189504371,-0.0249779704937878,37.125748502994085,-1.9666149235190655,-0.0491147915476868,0.1345625366397522,0.6383486541875532,0.0020462205103515,0.0348348348348348,3.1613351877607787,-0.3259911894273127,-0.7882266420215347,1.0,0.0130095403295751,8,0.3548387096774194,-0.587785252292473,-0.8090169943749475,2018-10,22,14.865075144818835,2018-10-25,0.0615894039735098,False,False,14.865075144818835,16.390960341803556,-0.0977154726055745,0.7429970410757607,-0.0157794487597741,16.21502168248207,82.35640419578363,2018-09,technical_valuation_calendar,8b0702da5fced1077837418bcf8fc45dd7defeb913c42dd902bc57b28a7bcc9a,False,technical_valuation_calendar
2018-11-21,75.3,76.05,74.85,76.0,15125043,1143349727,0.0,3739,0.0,1.0,1.0,335.7212526112924,14.963519351075922,0.1968884125141568,14.825697462316011,14.97336377170163,14.73709767668464,18.825,19.0125,18.7125,19.0,75.77,76.0,63725652692.0,841000000.0,2995,1269,-7956970.0,-1502970.0,-1100000.0,-5354000.0,76.0,0.0,True,0.0381578947368421,2018-11-22,YUANTA_ETF_NAV_HISTORY,-0.0091264667535851,-0.0142671854734107,-0.0225080385852087,-0.1037735849056601,-0.0165631469979292,-0.0739706554297605,38.68613138686155,-1.2143206931209494,-0.1319246145059962,0.1506289744056255,-0.275811174109389,0.0027708140915687,0.0381578947368421,0.0593250444049733,-0.0604515659140567,-0.7750614107184327,1.0,0.0151515151515151,15,0.7,0.5877852522924732,-0.8090169943749473,2018-11,22,14.825697462316011,2018-11-21,0.0,True,True,14.825697462316011,14.963519351075922,-0.0092532054804832,0.5771085812356,-0.0109977437038245,14.873855293724905,75.54459454365012,2018-10,technical_valuation_calendar,8b0702da5fced1077837418bcf8fc45dd7defeb913c42dd902bc57b28a7bcc9a,False,technical_valuation_calendar
2018-12-28,75.1,75.5,74.85,75.5,4629875,348222242,0.45,2008,0.0,1.0,1.0059960026648902,333.51256015990225,14.86507514481884,0.1968884125141568,14.786319779813178,14.865075144818842,14.737097676684638,18.775,18.875,18.7125,18.875,75.69,75.5,70887469451.0,936500000.0,3130,1403,1456600.0,88600.0,0.0,1368000.0,75.5,0.0,True,0.03841059602649,2019-01-02,YUANTA_ETF_NAV_HISTORY,0.0203942895989122,-0.0019946808510641,-0.0221498371335504,-0.1160188457008244,-0.0065523859951024,-0.0267571539725079,53.40909090909084,-0.3964474452193396,-0.1006590772917914,0.1995909428679323,0.2575881671210223,0.0029399973272752,0.0386409060626249,0.0139293812763201,0.063975628332064,0.0239824638892838,1.0,0.026893523600439,21,0.9032258064516128,-0.9510565162951536,0.3090169943749472,2018-12,21,14.569742526047609,2018-12-26,0.0148648648648646,False,False,14.786319779813178,14.776475359187469,0.0006660006906181,0.1779080271470201,-0.0014066663616349,14.829482922688886,75.31922642538755,2018-11,technical_valuation_calendar,8b0702da5fced1077837418bcf8fc45dd7defeb913c42dd902bc57b28a7bcc9a,True,technical_valuation_calendar
2019-01-30,74.5,74.65,74.2,74.35,5255229,390864071,-0.15,1833,0.0,1.0,0.997986577181208,338.633714115897,15.093331431021523,0.2030037852188503,15.123781998804352,15.15423256658718,15.062880863238698,18.625,18.6625,18.55,18.5875,74.35,74.35,71817941147.0,966000000.0,2379,253,-2286000.0,-80000.0,-20000.0,-2186000.0,74.35,0.0,True,0.0403496973772696,2019-02-11,YUANTA_ETF_NAV_HISTORY,-0.0086493679308052,0.0060769750168803,0.0174036694376,-0.0183517310857659,0.0194176747408254,0.011593864972184,65.70244552510948,1.0919273279566653,-0.0258214706082582,0.1670634926759348,-1.1232502266687303,0.0005372011818427,0.0402684563758389,-0.092065868263473,2.816901408450704,-0.328296140766869,1.0,0.0052110474205315,21,0.967741935483871,0.5877852522924732,-0.8090169943749473,2019-01,21,14.333476431030617,2019-01-04,0.0551370472876209,False,False,15.123781998804352,15.123781998804354,-1.1102230246251563e-16,0.2023483869003042,-0.000714647054589,15.188542582105107,74.81901170330862,2018-12,technical_valuation_calendar,8b0702da5fced1077837418bcf8fc45dd7defeb913c42dd902bc57b28a7bcc9a,True,technical_valuation_calendar
2019-02-27,77.7,77.7,77.35,77.65,12907489,1000792293,-0.05,3460,0.0,1.0,0.9993564993564994,353.6638587908462,15.763243922243737,0.2030037852188504,15.77339411150468,15.77339411150468,15.70234278667808,19.425,19.425,19.3375,19.4125,77.91,77.65,73739561199.0,946500000.0,1680,591,8949000.0,9697000.0,0.0,-748000.0,77.65,0.0,True,0.0386349001931745,2019-03-04,YUANTA_ETF_NAV_HISTORY,0.0025806451612904,0.0291390728476823,0.0548172395659922,0.0597006527121315,0.0302679453937904,0.051806346480451,71.42857142857127,1.988274395151378,0.0,0.0964627222211064,0.9059774895815964,-0.0034628703347441,0.0386100386100386,-0.185533114138093,0.4948717948717949,0.7840319445620844,1.0,-0.025231719876416,13,0.9642857142857144,0.5877852522924732,-0.8090169943749473,2019-02,13,15.286185026979435,2019-02-15,0.0318725099601595,False,False,15.77339411150468,15.77339411150468,0.0,0.1633603396597191,-0.0011249974798303,15.83443735599856,78.00070003092837,2019-01,technical_valuation_calendar,8b0702da5fced1077837418bcf8fc45dd7defeb913c42dd902bc57b28a7bcc9a,True,technical_valuation_calendar
2019-03-29,78.7,79.15,78.25,79.15,5680484,448318722,0.65,1629,0.0,1.0,1.0082802547770702,360.4957427340049,16.06774960007202,0.2030037852188505,15.976397896723537,16.06774960007202,15.885046193375052,19.675,19.7875,19.5625,19.7875,79.59,79.15,68844354732.0,865000000.0,1442,547,2554350.0,919350.0,0.0,1635000.0,79.15,0.0,True,0.0379027163613392,2019-04-01,YUANTA_ETF_NAV_HISTORY,0.0,-0.0082122552116233,0.0102960102960105,0.0784572607683107,0.0106862366422044,0.0444441506167592,72.32142857142881,0.8772882523350437,-0.0107120352867043,0.1035174829887603,-1.3376497951504074,-0.0025412960609911,0.0382165605095541,0.1088625261688764,0.1308793456032719,0.3700849555780938,1.0,-0.006318207926479,20,0.935483870967742,-0.9510565162951536,0.3090169943749472,2019-03,20,15.397837108849805,2019-03-11,0.0375741595253795,False,False,15.976397896723537,15.935797139679762,0.002544530634995,0.2025255249952038,-0.0014739590743829,15.991887357722325,78.77630134079564,2019-02,technical_valuation_calendar,8b0702da5fced1077837418bcf8fc45dd7defeb913c42dd902bc57b28a7bcc9a,True,technical_valuation_calendar
2019-04-30,82.8,82.9,82.4,82.8,3247891,268471136,0.0,1525,0.0,1.0,1.0,377.1199936623576,16.808713416120817,0.2030037852188504,16.808713416120817,16.829013794642705,16.727511902033278,20.7,20.725,20.6,20.7,82.87,82.8,66918011787.0,807500000.0,829,587,33000.0,498000.0,0.0,-465000.0,82.8,0.0,True,0.036231884057971,2019-05-02,YUANTA_ETF_NAV_HISTORY,0.0042449969678592,0.0012091898428052,0.0547770700636942,0.1240523479544939,0.0127511237501145,0.0577199385724753,65.9090909090908,0.8609181616546054,-0.0071942446043165,0.0792623624419669,-1.0061338164599312,-0.0006035003017501,0.036231884057971,-0.0672748004561003,0.0017064846416381,0.3355516852379713,1.0,-0.0006038647342995,20,1.0,0.9510565162951536,0.3090169943749474,2019-04,20,16.240302817508038,2019-04-01,0.0349999999999999,False,False,16.808713416120817,16.808713416120817,0.0,0.2365142190029186,-0.0019655882061103,16.85958539083189,83.05059618792936,2019-03,technical_valuation_calendar,8b0702da5fced1077837418bcf8fc45dd7defeb913c42dd902bc57b28a7bcc9a,True,technical_valuation_calendar
2019-05-23,77.85,77.85,76.85,76.95,25682577,1979998024,-1.45,13162,0.0,1.0,0.9815051020408164,350.4756462840388,15.621141272590544,0.2030037852188504,15.803844679287508,15.803844679287508,15.600840894068655,19.4625,19.4625,19.2125,19.2375,76.81,76.95,59337307507.0,772500000.0,2313,404,-19692000.0,-15651000.0,0.0,-4041000.0,76.95,0.0,True,0.0389863547758284,2019-05-24,YUANTA_ETF_NAV_HISTORY,0.0,-0.0169278996865205,-0.0559903672486452,0.0268500327439429,-0.0346610847749802,-0.0180053233129794,22.61904761904775,-1.444820407376651,-0.0638805970149254,0.1224034553802291,-0.2462368575034317,0.0024293568597366,0.0382653061224489,0.3096264367816093,0.0761421319796953,-0.7319572445174466,1.0,0.0238726790450929,16,0.7419354838709677,-0.587785252292473,-0.8090169943749475,2019-05,22,15.529789569242062,2019-05-29,0.0176470588235291,False,False,15.529789569242062,15.915496761157875,-0.0245331865238718,0.601503703889104,-0.0088648226435547,15.853907382676455,78.09660970402588,2019-04,technical_valuation_calendar,8b0702da5fced1077837418bcf8fc45dd7defeb913c42dd902bc57b28a7bcc9a,False,technical_valuation_calendar
2019-06-28,81.45,81.55,80.85,80.9,3940686,319369533,-0.6,1867,0.0,1.0,0.992638036809816,368.4662740010236,16.423006224205018,0.2030037852188506,16.534658306075386,16.55495868459727,16.412856034944074,20.3625,20.3875,20.2125,20.225,81.14,80.9,138022743672.0,1701000000.0,1163,367,1081000.0,793000.0,0.0,288000.0,80.9,0.0,True,0.0370828182941903,2019-07-01,YUANTA_ETF_NAV_HISTORY,0.0143123833229621,0.0080395794681511,0.0618892508143329,0.0296904611497164,0.0261898766053894,0.0140704872307999,75.33333333333354,1.7194487233540503,-0.0268656716417903,0.1342613460155957,1.3268361941687528,-0.0002453385672227,0.0368098159509202,-0.1728571428571428,-0.0208333333333333,0.687041493280484,1.0,-0.0023460410557184,19,0.9333333333333332,-0.9510565162951536,0.3090169943749472,2019-06,19,15.773394111504684,2019-06-06,0.0482625482625489,False,False,16.534658306075386,16.544808495336326,-0.0006136851987627,0.104615743607198,-0.0015172052563413,16.60232428592838,81.78332373472766,2019-05,technical_valuation_calendar,8b0702da5fced1077837418bcf8fc45dd7defeb913c42dd902bc57b28a7bcc9a,True,technical_valuation_calendar
2019-07-31,83.15,83.15,82.45,82.8,3119262,258060696,-0.4,1492,0.0,1.0,0.9951923076923076,380.30052372938974,16.950473649750762,0.2047158653351541,17.02212420261807,17.02212420261807,16.878823096883462,20.7875,20.7875,20.6125,20.7,83.25,82.8,125832107633.0,1511500000.0,627,30,104000.0,247000.0,-20000.0,-123000.0,82.8,0.0,True,0.036231884057971,2019-08-01,YUANTA_ETF_NAV_HISTORY,-0.0029958058717796,-0.0047846889952154,0.0176068738264152,0.0194615643619442,0.0101168119450072,0.0397754218632215,67.30755091537394,0.8420445300377137,-0.0071599045346062,0.0890183304321759,-1.3044622960835233,-0.001320369703517,0.0360576923076923,0.0542763157894736,0.3636363636363635,0.1339173859326266,1.0,-0.0082020997375328,23,1.0,0.5877852522924732,-0.8090169943749473,2019-07,23,16.59555944164104,2019-07-09,0.025703548137504,False,False,17.02212420261807,17.03235999588483,-0.0006011421882262,0.2326804131675822,-0.0005433737250281,17.10822311084213,83.57057760439382,2019-06,technical_valuation_calendar,8b0702da5fced1077837418bcf8fc45dd7defeb913c42dd902bc57b28a7bcc9a,True,technical_valuation_calendar
2019-08-01,82.2,82.55,82.1,82.3,5042943,414858242,-0.5,2632,0.0,1.0,0.9939613526570048,378.0040229822316,16.84811571708319,0.2047158653351541,16.827644130549675,16.899294683416976,16.807172544016158,20.55,20.6375,20.525,20.575,82.45,82.3,123844219681.0,1502000000.0,639,24,-1133100.0,-327100.0,-5000.0,-801000.0,82.3,0.0,True,0.0364520048602673,2019-08-02,YUANTA_ETF_NAV_HISTORY,-0.0048076923076924,-0.0089766606822263,0.0245191810185525,0.0041889747806624,0.0040526923531194,0.0347020621563609,56.94215089276498,0.3605922797233588,-0.0119331742243438,0.0797743044006459,-0.8471283259456741,-0.0054054054054054,0.036231884057971,0.0346534653465346,0.3636363636363635,0.0333412198141739,1.0,-0.0082020997375328,1,0.032258064516129,-0.587785252292473,-0.8090169943749475,2019-08,21,16.100902808609877,2019-08-06,0.0451366815003178,False,False,16.100902808609877,16.950473649750762,-0.0514204318869268,0.6698193143797088,-0.0118735091205913,16.83415418289453,82.23180042902003,2019-07,technical_valuation_calendar,8b0702da5fced1077837418bcf8fc45dd7defeb913c42dd902bc57b28a7bcc9a,False,technical_valuation_calendar
2019-09-27,84.9,85.2,84.5,84.6,8884695,752473986,0.3,1964,0.0,1.0,1.0035587188612098,388.567926419159,17.318962207354037,0.2047158653351541,17.380376966954586,17.44179172655513,17.298490620820523,21.225,21.3,21.125,21.15,84.81,84.6,66237875267.0,781000000.0,539,186,862000.0,1224000.0,0.0,-362000.0,84.6,0.0,True,0.0354609929078014,2019-10-01,YUANTA_ETF_NAV_HISTORY,0.0023781212841855,-0.0017761989342806,0.0485074626865671,0.0310608108601777,0.0101857399640503,0.0263727410483889,63.265306122448976,0.6860641654287708,-0.007651559741024,0.0988912801956816,-0.692960129747027,-0.0047225501770956,0.0355871886120996,-0.0337477797513321,0.0055555555555555,-0.0379233628513132,1.0,-0.337855023314964,19,0.9,-0.9510565162951536,0.3090169943749472,2019-09,19,16.674107231548305,2019-09-04,0.0423572744014733,False,False,17.380376966954586,17.257547447753492,0.0070922283094918,0.249616145508762,-0.0016711757630277,17.314874793685288,84.58003372302358,2019-08,technical_valuation_calendar,8b0702da5fced1077837418bcf8fc45dd7defeb913c42dd902bc57b28a7bcc9a,True,technical_valuation_calendar
2019-10-31,89.9,90.6,89.9,90.1,9458164,854001219,0.25,2116,0.0,1.0,1.0027824151363385,413.82943463789854,18.44489946669738,0.204715865335154,18.40395629363035,18.547257399364955,18.40395629363035,22.475,22.65,22.475,22.525,90.04,90.1,63118612944.0,701000000.0,546,159,1118000.0,4811000.0,0.0,-3693000.0,90.1,0.0,True,0.0332963374028856,2019-11-01,YUANTA_ETF_NAV_HISTORY,0.0044717719396312,0.0158281514980211,0.0620567375886524,0.0851449275362314,0.0269451667285767,0.0712688902798888,78.6324786324784,1.5576014286914872,0.0,0.1143730937643291,0.0374877517996573,-0.0027746947835738,0.0333889816360601,0.3818770226537216,0.0810810810810811,0.300412126434967,1.0,-0.0028449502133712,21,1.0,-0.587785252292473,-0.8090169943749475,2019-10,21,17.278019034287006,2019-10-03,0.0651658767772511,False,False,18.40395629363035,18.393720500363592,0.0005563282480066,0.1066694949258394,-0.0012015295624688,18.46349133923085,90.19081793686595,2019-09,technical_valuation_calendar,8b0702da5fced1077837418bcf8fc45dd7defeb913c42dd902bc57b28a7bcc9a,True,technical_valuation_calendar
2019-11-29,92.85,92.85,91.45,91.5,5344208,490829372,-1.45,2592,0.0,1.0,0.984400215169446,420.2596367299413,18.73150167816659,0.204715865335154,19.007868096369048,19.007868096369048,18.72126588489984,23.2125,23.2125,22.8625,22.875,91.63,91.5,67351664579.0,735000000.0,319,170,-3173000.0,-3756000.0,44000.0,539000.0,91.5,0.0,True,0.0327868852459016,2019-12-02,YUANTA_ETF_NAV_HISTORY,-0.0026824034334763,0.004864864864865,0.0316315205327413,0.1356139279169206,0.0055986801179237,0.0562900109852642,52.81690140845059,0.6196077565145858,-0.0069444444444446,0.1264333153137485,-1.145773313614261,0.0011848341232227,0.0322754168908015,-0.086092715231788,-0.0282485875706214,0.2322727541545922,1.0,0.0636758321273516,21,0.9666666666666668,-0.9510565162951536,0.3090169943749472,2019-11,21,18.424427880163865,2019-11-01,0.0316666666666662,False,False,19.007868096369048,19.028339682902565,-0.0010764263687382,0.2327479555536038,-0.0014359160531186,19.096041372899197,93.28071051862926,2019-10,technical_valuation_calendar,8b0702da5fced1077837418bcf8fc45dd7defeb913c42dd902bc57b28a7bcc9a,True,technical_valuation_calendar
2019-12-31,97.1,97.2,96.95,96.95,4303947,417657710,-0.85,1852,0.0,1.0,0.9913087934560328,445.2914948739653,19.84720314424319,0.204715865335154,19.877910524043457,19.89838211057697,19.84720314424319,24.275,24.3,24.2375,24.2375,96.81,96.95,66509509165.0,687000000.0,360,171,-2420000.0,-603000.0,87000.0,-1904000.0,96.95,0.0,True,0.0309437854564208,2020-01-02,YUANTA_ETF_NAV_HISTORY,-0.0020408163265307,0.0066906845084919,0.0624660510592069,0.1533018867924527,0.0211433046202034,0.0608813559322032,80.76923076923045,0.908942652015052,-0.0040733197556009,0.1175419804334996,-0.2064612653254785,0.0027683789603198,0.0306748466257668,0.1092715231788079,0.0429447852760735,-0.3160481744076168,1.0,-0.0446927374301675,22,1.0,0.9510565162951536,0.3090169943749474,2019-12,22,18.772444851233622,2019-12-03,0.058887677208288,False,False,19.877910524043457,20.021211629778065,-0.0071832017434924,0.1703182932119176,-0.0014744563839521,20.09167154395253,98.1441839451921,2019-11,technical_valuation_calendar,8b0702da5fced1077837418bcf8fc45dd7defeb913c42dd902bc57b28a7bcc9a,True,technical_valuation_calendar
2020-01-08,95.2,96.2,95.05,95.65,8516995,813733739,-0.45,5033,0.0,1.0,0.9953173777315296,439.32059293135416,19.581072519307494,0.2047158653351541,19.488950379906672,19.69366624524183,19.4582430001064,23.8,24.05,23.7625,23.9125,95.43,95.65,63033642047.0,660500000.0,441,169,-6030475.0,-2216000.0,18000.0,-3832475.0,95.65,0.0,True,0.0313643491897543,2020-01-09,YUANTA_ETF_NAV_HISTORY,-0.0031120331950208,-0.0173824130879343,0.0261612386545653,0.0976584808680753,-0.007692704837627,0.0323065767919008,31.858407079646117,-0.5664989750801875,-0.0213849287169042,0.1289740032687515,0.9267131916050376,0.001667708984782,0.0312174817898022,0.2238805970149253,-0.0352941176470588,-0.5423788697725027,1.0,-0.0211988304093567,5,0.2580645161290322,0.5877852522924732,-0.8090169943749473,2020-01,15,19.155789248869983,2020-01-31,0.0173921902516411,False,False,19.155789248869983,19.673194658708308,-0.026652051373214,0.7424939815296608,-0.0121496737431539,19.53279601412188,95.41417799809226,2019-12,technical_valuation_calendar,8b0702da5fced1077837418bcf8fc45dd7defeb913c42dd902bc57b28a7bcc9a,False,technical_valuation_calendar
2020-02-03,88.5,89.15,87.6,89.05,15823593,1401640343,-0.9,7843,0.0,1.0,0.989994441356309,422.1932163195581,18.81768375743929,0.2113159321441807,18.70145999476,18.838815350653714,18.511275655830232,22.125,22.2875,21.9,22.2625,88.83,89.05,61160104302.0,688500000.0,949,37,-7815000.0,-6458000.0,0.0,-1357000.0,89.05,0.0,True,0.0404267265581134,2020-02-04,YUANTA_ETF_NAV_HISTORY,0.0075963103635374,-0.0486680327868854,-0.0447530864197533,0.0380100614868641,-0.0411277205483699,-0.0181183686418273,31.39534883720907,-2.5039897154139408,-0.0583164300202841,0.223930349832206,1.9965112644558167,0.0012243989314335,0.0400222345747637,1.0465631929046562,-0.7894736842105263,-0.8243929275292077,1.0,0.026946107784431,1,0.1034482758620689,0.0,1.0,2020-02,19,18.70145999476,2020-02-03,0.0,True,True,18.70145999476,19.00786809636905,-0.0162514083826578,0.8604196861702589,-0.0140433350893413,18.836513812063423,89.13910854204444,2020-01,technical_valuation_calendar,8b0702da5fced1077837418bcf8fc45dd7defeb913c42dd902bc57b28a7bcc9a,False,technical_valuation_calendar
2020-03-02,87.5,88.25,86.85,87.35,27894641,2437814508,-1.3,12628,0.0,1.0,0.985335589396503,414.13337951166096,18.45844667279419,0.2113159321441807,18.490144062615816,18.64863101172396,18.35278870672209,21.875,22.0625,21.7125,21.8375,87.24,87.35,67522634876.0,774000000.0,1828,228,-16804101.0,-15948100.0,200000.0,-1056001.0,87.35,0.0,True,0.0412135088723526,2020-03-03,YUANTA_ETF_NAV_HISTORY,-0.0089435438792619,-0.0332606324972734,-0.0069659487078639,-0.0117917081363889,-0.0269202272165962,-0.0388046763253785,35.91160220994492,-2.01773701844013,-0.0719260869516192,0.1502419597644512,2.622146594729777,0.0022611644997174,0.0406091370558375,0.5957446808510638,0.0451977401129943,-0.7843061263556861,1.0,0.0443383356070941,1,0.064516129032258,0.0,1.0,2020-03,22,15.003431182236833,2020-03-19,0.2323943661971832,False,False,15.003431182236833,18.733157384581627,-0.2220161554789017,0.8887831728679738,-0.0147127994565442,18.551855629019684,87.79203461271328,2020-02,technical_valuation_calendar,8b0702da5fced1077837418bcf8fc45dd7defeb913c42dd902bc57b28a7bcc9a,False,technical_valuation_calendar
2020-04-30,84.45,85.5,84.4,85.5,18785156,1597420751,1.8,8305,0.0,1.0,1.021505376344086,405.36238063247856,18.06751219832745,0.2113159321441807,17.84563046957606,18.06751219832745,17.83506467296885,21.1125,21.375,21.1,21.375,85.48,85.5,87321314609.0,1021500000.0,1637,982,8149000.0,8119000.0,0.0,30000.0,85.5,0.0,True,0.0421052631578947,2020-05-04,YUANTA_ETF_NAV_HISTORY,0.0139309509388252,0.0384615384615385,0.1034937376400793,-0.0694830461367425,0.0426333655133752,0.0001991635132443,69.26406926406912,1.5680632008994877,-0.099515868746638,0.2108333823262336,-0.2279284311191446,-0.0002388915432393,0.043010752688172,-0.2265987025023169,-0.0085146641438031,0.4450240730249479,1.0,0.0,20,1.0,-0.587785252292473,-0.8090169943749475,2020-04,20,16.165668809029825,2020-04-01,0.103921568627451,False,False,17.84563046957606,17.687143520467927,0.0089206657583793,0.060130116761801,-0.0006737708876384,17.763606604127773,84.06184249282101,2020-03,technical_valuation_calendar,8b0702da5fced1077837418bcf8fc45dd7defeb913c42dd902bc57b28a7bcc9a,True,technical_valuation_calendar
2020-05-29,83.4,84.45,83.0,84.45,5320690,444529073,0.6,2851,0.0,1.0,1.007155635062612,400.3842461334833,17.845630469576065,0.2113159321441807,17.623748740824677,17.845630469576065,17.539222367967003,20.85,21.1125,20.75,21.1125,83.82,84.45,86380791148.0,1030500000.0,1436,966,-750000.0,-709000.0,46000.0,-87000.0,84.45,0.0,True,0.0426287744227353,2020-06-01,YUANTA_ETF_NAV_HISTORY,-0.0059276822762299,-0.0076923076923078,0.0017921146953405,-0.040068689181454,-0.0009531752651017,0.0309109351146992,47.34042553191499,-0.1239082102691167,-0.0703991130820397,0.1797292991446011,-0.3339054081014366,0.0,0.0429338103756708,-0.1985294117647058,0.0052029136316336,-0.0771709271839472,1.0,0.0038967364831952,20,0.935483870967742,-0.9510565162951536,0.3090169943749472,2020-05,20,17.41243280868049,2020-05-04,0.0121359223300976,False,False,17.623748740824677,17.718840910289554,-0.0053811789045164,0.3126081389164355,-0.0012788479938135,17.784676667568434,84.1615513184967,2020-04,technical_valuation_calendar,8b0702da5fced1077837418bcf8fc45dd7defeb913c42dd902bc57b28a7bcc9a,True,technical_valuation_calendar
2020-06-30,89.55,89.95,89.4,89.9,8035137,720381822,0.8,2697,0.0,1.0,1.0089786756453425,426.2231347235066,18.99730229976184,0.2113159321441806,18.923341723511378,19.00786809636905,18.89164433368975,22.3875,22.4875,22.35,22.475,89.88,89.9,119629032327.0,1331000000.0,1087,818,1364003.0,2713003.0,0.0,-1349000.0,89.9,0.0,True,0.0400444938820912,2020-07-01,YUANTA_ETF_NAV_HISTORY,-0.01,0.0022497187851515,0.0626118067978527,0.1746868820039546,0.0099178237461032,0.0588969328434327,53.846153846153626,0.5278968639393603,-0.0149253731343289,0.1507330154487569,-0.2903875853476568,-0.002351360429963,0.0404040404040404,-0.0841194968553459,0.0198135198135198,-0.31788122379473,1.0,-0.1042944785276073,20,1.0,0.9510565162951536,0.3090169943749474,2020-06,20,17.845630469576065,2020-06-01,0.0603907637655412,False,False,18.923341723511378,18.82824955404649,0.0050377940299575,0.2980100660472943,-0.0011060742410721,18.90147280333357,89.44651078384909,2020-05,technical_valuation_calendar,8b0702da5fced1077837418bcf8fc45dd7defeb913c42dd902bc57b28a7bcc9a,True,technical_valuation_calendar
2020-07-31,103.9,104.3,103.45,103.8,5314021,551884860,-0.25,3221,0.0,1.0,0.9975973089860644,495.6143955514482,22.090158251293385,0.2128146266983948,22.111439713963225,22.196565564642583,22.015673131948947,25.975,26.075,25.8625,25.95,103.68,103.8,118509124965.0,1143000000.0,602,137,20000.0,255000.0,-68000.0,-167000.0,103.8,0.0,True,0.0346820809248554,2020-08-03,YUANTA_ETF_NAV_HISTORY,0.0146270112140418,0.0526049570055642,0.1452234236329117,0.2564501590217194,0.0688371690945024,0.1591834461094168,83.00279361854416,1.896543504275641,0.0,0.2079945211856829,-1.2288333686900952,-0.0052581261950286,0.0345987506006727,-0.1390134529147981,1.1323529411764706,0.417028321328782,1.0,-0.0056546324488908,23,1.0,-0.9510565162951536,0.3090169943749472,2020-07,23,19.00786809636905,2020-07-01,0.1632782593954884,False,False,22.111439713963225,22.14336190796799,-0.0014426547344619,0.0307460315594349,-0.0041620185652217,22.161649308616425,104.13593112669066,2020-06,technical_valuation_calendar,8b0702da5fced1077837418bcf8fc45dd7defeb913c42dd902bc57b28a7bcc9a,True,technical_valuation_calendar
2020-08-31,104.1,104.25,101.8,101.8,5759933,593120338,-1.7,3452,0.0,1.0,0.9835748792270532,486.06498523253794,21.6645289978966,0.2128146266983949,22.15400263930291,22.18592483330767,21.6645289978966,26.025,26.0625,25.45,25.45,101.95,101.8,105165629772.0,1031500000.0,764,176,-2726000.0,-371000.0,25000.0,-2380000.0,101.8,0.0,True,0.0353634577603143,2020-09-01,YUANTA_ETF_NAV_HISTORY,-0.0100430416068867,0.0068093385214009,-0.0028901734104043,0.2008530248063542,-0.0046402038804604,0.0682144482115512,42.857142857143074,-0.399892872386325,-0.0198863636363635,0.2028303857000602,-0.5955826485842209,-0.0006758713913295,0.0347826086956521,-0.0708556149732619,0.3129251700680271,-0.3648839508557869,1.0,0.0,21,1.0,0.0,1.0,2020-08,21,21.73901411724104,2020-08-21,0.0190895741556533,False,False,22.15400263930291,22.02631386328387,0.0057803629154995,0.3204179677681101,-0.0009799349793835,22.11476378044137,103.91561953954816,2020-07,technical_valuation_calendar,8b0702da5fced1077837418bcf8fc45dd7defeb913c42dd902bc57b28a7bcc9a,True,technical_valuation_calendar
2020-09-04,102.0,102.7,101.9,102.55,5916012,604970586,-0.75,3361,0.0,1.0,0.9927395934172314,489.6460141021293,21.824139967920395,0.2128146266983948,21.70709192323628,21.85606216192516,21.68581046056644,25.5,25.675,25.475,25.6375,102.37,102.55,105592101358.0,1031500000.0,796,186,-2802024.0,-215024.0,121000.0,-2708000.0,102.55,0.0,True,0.0351048269137006,2020-09-07,YUANTA_ETF_NAV_HISTORY,0.0029126213592232,-0.0119560019129604,-0.0199240986717265,0.161078394123608,-0.0048648909012088,0.0554566361933741,46.000000000000114,-0.4224906051367813,-0.0217803030303029,0.1976817258945233,-0.1702595180641672,-0.0028957528957528,0.0348499515972894,0.0471976401179941,0.1071428571428572,0.5482338564430541,1.0,-0.0009685230024213,4,0.1333333333333333,-0.9510565162951536,0.3090169943749472,2020-09,22,21.44107363986328,2020-09-25,0.012406947890819,False,False,21.44107363986328,21.98375093794419,-0.0249951752988006,0.5931464155897603,-0.0119470926121701,21.83128506231769,102.58357426370618,2020-08,technical_valuation_calendar,8b0702da5fced1077837418bcf8fc45dd7defeb913c42dd902bc57b28a7bcc9a,False,technical_valuation_calendar
2020-10-30,103.55,103.6,102.7,103.0,6564423,677255468,-0.85,7141,0.0,1.0,0.9918151179585942,491.7946314238844,21.919906549934684,0.212814626698395,22.0369545946188,22.04759532595372,21.856062161925166,25.8875,25.9,25.675,25.75,102.84,103.0,96725513064.0,940500000.0,609,165,-5216484.0,-2008480.0,0.0,-3208004.0,103.0,0.0,True,0.0349514563106796,2020-11-02,YUANTA_ETF_NAV_HISTORY,-0.010952380952381,-0.0212064090480679,0.0151515151515153,0.0181372549019609,-0.0141680708166218,-0.0035661170901761,33.56643356643353,-1.124672780694738,-0.0303454715219422,0.1072180479756517,0.7578760044672772,0.0006745037579494,0.0346653827636013,0.1292372881355932,-0.0674157303370787,-0.7549881509124485,1.0,0.0,19,0.967741935483871,-0.9510565162951536,0.3090169943749472,2020-10,19,22.015673131948954,2020-10-05,0.0009666505558243,False,True,22.0369545946188,22.10079898262832,-0.0028929624805282,0.5612736006704062,-0.0006208199135446,22.19751803777253,104.30447559993743,2020-09,technical_valuation_calendar,8b0702da5fced1077837418bcf8fc45dd7defeb913c42dd902bc57b28a7bcc9a,False,technical_valuation_calendar
2020-11-30,114.8,115.15,113.3,113.3,9569902,1092174851,-1.35,7844,0.0,1.0,0.9882250327082424,540.9740945662722,24.111897204928127,0.2128146266983947,24.43111914497572,24.50560426432016,24.111897204928127,28.7,28.7875,28.325,28.325,112.7,113.3,111629025704.0,990500000.0,787,215,-5703598.0,-5664998.0,101000.0,-139600.0,113.3,0.0,True,0.0317740511915269,2020-12-01,YUANTA_ETF_NAV_HISTORY,-0.0017414018284719,0.0057017543859649,0.1131067961165035,0.1093372036768256,0.0368059323566647,0.0773519600319487,75.88932806324097,1.0332861748694613,-0.0069294066695539,0.1508568005415634,-0.3535005811716861,0.0018350227193288,0.03139991277802,-0.065190651906519,-0.1762452107279694,-0.3263463813348568,1.0,0.0393494228751312,21,1.0,0.0,1.0,2020-11,21,21.95182874393944,2020-11-02,0.1129423170140562,False,False,24.43111914497572,24.39919695097096,0.0013074745815525,0.1548337499117024,-0.0011958471602411,24.491886863072207,115.08554295839174,2020-10,technical_valuation_calendar,8b0702da5fced1077837418bcf8fc45dd7defeb913c42dd902bc57b28a7bcc9a,True,technical_valuation_calendar
2020-12-31,122.15,122.4,121.7,122.25,5845572,713540097,0.65,3679,0.0,1.0,1.0053453947368425,583.707705743396,26.01658811387876,0.2128146266983947,25.99530665120892,26.048510307883515,25.89954006919464,30.5375,30.6,30.425,30.5625,122.58,122.25,115894731412.0,945500000.0,487,205,852930.0,2605234.0,82000.0,-1834304.0,122.25,0.0,True,0.0294478527607361,2021-01-04,YUANTA_ETF_NAV_HISTORY,0.0141784820683901,0.0292001692763435,0.0537261698440203,0.166426858513188,0.0241509275051059,0.0847054450845559,63.15789473684204,2.236028886675314,0.0,0.1424274513180032,-0.0687834925449675,-0.004013432713572,0.0296052631578947,-0.02868068833652,-0.0047619047619047,0.5807223804452675,1.0,0.0106894708711919,23,1.0,-0.587785252292473,-0.8090169943749475,2020-12,23,24.21830451827732,2020-12-01,0.0733743409490332,False,False,25.99530665120892,25.878258606524792,0.0045128281716831,0.0613038600315907,-0.0014971328308269,25.96874212536054,122.02517528160308,2020-11,technical_valuation_calendar,8b0702da5fced1077837418bcf8fc45dd7defeb913c42dd902bc57b28a7bcc9a,True,technical_valuation_calendar
2021-01-29,131.6,131.85,128.2,128.2,14709917,1910423184,-2.15,18761,0.0,1.0,0.983505945531262,625.7000131147521,27.8882381779131,0.2175369592660928,28.627863839417817,28.68224807923434,27.8882381779131,32.9,32.9625,32.05,32.05,127.78,128.2,115640581017.0,905000000.0,1263,106,-4787027.0,-5099966.0,146000.0,166939.0,128.2,0.0,True,0.0518720748829953,2021-02-01,YUANTA_ETF_NAV_HISTORY,-0.0202931228861331,-0.0682346027926238,0.0957438470448586,0.2552279962379147,0.000618557916266,0.0984083165100433,54.07407891146985,0.015060212959392,-0.0682346027926238,0.2470967122026198,0.3311575669409722,0.001844593036661,0.0510164940544687,0.0699831365935919,,-0.251007802824846,1.0,0.021965317919075,20,0.935483870967742,-0.9510565162951536,0.3090169943749472,2021-01,20,26.00594738254384,2021-01-04,0.1008198785572376,False,False,28.627863839417817,28.3559426403352,0.0095438785117061,0.3724759840428435,-0.0022762800511924,28.43292733042604,130.7038924620008,2020-12,technical_valuation_calendar,8b0702da5fced1077837418bcf8fc45dd7defeb913c42dd902bc57b28a7bcc9a,True,technical_valuation_calendar
2021-02-26,134.65,135.2,133.3,133.4,27725975,3715513046,-4.15,37326,0.0,1.0,0.9698291530352598,651.0794208229947,29.019430366096778,0.2175369592660928,29.2913515651794,29.410996892775746,28.99767667017017,33.6625,33.8,33.325,33.35,132.51,133.4,123171995326.0,929500000.0,1015,78,-21332404.0,-18388306.0,211000.0,-3155098.0,133.4,0.0,True,0.0281109445277361,2021-03-02,YUANTA_ETF_NAV_HISTORY,0.0080615610113594,-0.0199501246882792,0.0192259441009292,0.2178624425181732,0.0145504987221307,0.1034022515054893,59.29752066115692,0.5811347099776741,-0.0213447171824975,0.2820559387055581,-0.4602338609955581,-0.0030441400304412,0.0272628135223555,-0.0882917466410748,0.0098039215686274,0.1915746082816861,1.0,-0.0054945054945054,13,0.9285714285714286,-0.9510565162951536,0.3090169943749472,2021-02,13,27.88823817791309,2021-02-01,0.0503120124804994,False,False,29.2913515651794,29.922208747051062,-0.0213086681129754,0.1814622442825519,-0.0018889312271693,30.015069806608267,137.97687486241645,2021-01,technical_valuation_calendar,8b0702da5fced1077837418bcf8fc45dd7defeb913c42dd902bc57b28a7bcc9a,True,technical_valuation_calendar
2021-03-05,130.05,132.6,129.5,131.95,14721332,1927803083,-0.8,17078,0.0,1.0,0.9939736346516008,644.0024705966578,28.70400177516094,0.2175369592660928,28.29068155255537,28.8454007986839,28.171036224959018,32.5125,33.15,32.375,32.9875,131.82,131.95,124370410990.0,943500000.0,1176,103,-4693237.0,-4760273.0,38000.0,29036.0,131.95,0.0,True,0.0284198560060629,2021-03-08,YUANTA_ETF_NAV_HISTORY,-0.0195716395864107,-0.0271161597654817,-0.0210176991150444,0.1835648279983501,-0.0160836050993181,0.0527090471950835,46.1187214611872,-0.6590647228561387,-0.0554962646744932,0.2779753821247427,1.1063192450074766,0.0043123014071719,0.0282485875706214,0.2070815450643777,-0.146551724137931,-0.6076843900927607,1.0,0.0381215469613258,4,0.1612903225806451,-0.9510565162951536,0.3090169943749472,2021-03,22,28.29068155255537,2021-03-05,0.0,True,True,28.29068155255537,28.878031342573816,-0.0205486682273875,0.6835331446443522,-0.0184589724137579,28.491611596112,130.97365933694445,2021-02,technical_valuation_calendar,8b0702da5fced1077837418bcf8fc45dd7defeb913c42dd902bc57b28a7bcc9a,False,technical_valuation_calendar
2021-04-29,141.0,142.0,140.6,140.6,9026319,1276309167,0.2,5454,0.0,1.0,1.0014245014245011,686.2201391882537,30.58569647281264,0.2175369592660927,30.67271125651908,30.89024821578517,30.58569647281264,35.25,35.5,35.15,35.15,140.66,140.6,138128947944.0,982000000.0,396,157,4830053.0,3347108.0,-14000.0,1496945.0,140.6,0.0,True,0.0266714082503556,2021-05-03,YUANTA_ETF_NAV_HISTORY,-0.0060176991150442,0.0173913043478259,0.0365448504983387,0.0384620851471315,0.0154780847678288,0.0341340686145748,61.62162162162168,1.2935532413798398,-0.0060176991150442,0.1030230571232965,-1.5842413719945252,-0.0019193857965449,0.0267094017094017,-0.3670295489891135,-0.0555555555555555,-0.1667208457864845,1.0,0.0241596638655461,19,0.9666666666666668,-0.587785252292473,-0.8090169943749475,2021-04,19,29.51976537240879,2021-04-01,0.039056742815033,False,False,30.67271125651908,30.542189080959425,0.0042643987864575,0.1818612549150758,-0.000527551614974,30.678711152892483,141.02758104367024,2021-03,technical_valuation_calendar,8b0702da5fced1077837418bcf8fc45dd7defeb913c42dd902bc57b28a7bcc9a,True,technical_valuation_calendar
2021-05-11,135.75,135.8,132.6,133.25,26853369,3602198584,-5.2,37645,0.0,1.0,0.9624413145539908,650.3473225237187,28.98679982220687,0.2175369592660928,29.5306422203721,29.541519068335408,28.845400798683904,33.9375,33.95,33.15,33.3125,132.94,133.25,161383730142.0,1214000000.0,644,144,-18651482.0,-13731852.0,123000.0,-5042630.0,133.25,0.0,True,0.0281425891181988,2021-05-12,YUANTA_ETF_NAV_HISTORY,-0.0068149210903873,0.0014466546112117,0.0036245016310259,0.0799531981279251,-0.0016584943755407,0.0161467889908257,46.6019417475728,-0.1575342465738947,-0.0198230088495573,0.1351025310002117,-1.156251103206032,0.0032608695652172,0.0270855904658721,0.2684729064039408,0.0127388535031847,-0.2386095150514518,1.0,0.2103377686796315,7,0.3548387096774194,0.9510565162951536,0.3090169943749474,2021-05,21,27.23562730011482,2021-05-17,0.0842651757188499,False,False,27.23562730011482,30.11799201039055,-0.1005967909509727,0.6345209266299356,-0.0123286632249695,29.897701743418157,137.43734326472344,2021-04,technical_valuation_calendar,8b0702da5fced1077837418bcf8fc45dd7defeb913c42dd902bc57b28a7bcc9a,False,technical_valuation_calendar
2021-06-30,138.1,139.35,138.05,138.95,9756709,1355932363,1.35,8757,0.0,1.0,1.009811046511628,678.1670578962156,30.22676049002361,0.2175369592660929,30.041854074647432,30.313775273730048,30.030977226684133,34.525,34.8375,34.5125,34.7375,139.04,138.95,192435897462.0,1384000000.0,505,145,6966780.0,6254585.0,0.0,712195.0,138.95,0.0,True,0.026988125224901,2021-07-01,YUANTA_ETF_NAV_HISTORY,0.0029154518950438,0.0203930292918057,0.0036469730123998,0.0211502782931358,0.002970278987554,0.0087360254138921,54.54545454545457,0.3706738363184669,-0.0258407079646011,0.127651164338198,0.9413152283785222,-0.0036927087104483,0.0272529069767441,-0.0770519262981574,0.0458015267175573,0.4015895465047105,1.0,0.0390003786444528,21,1.0,0.5877852522924732,-0.8090169943749473,2021-06,21,29.36748950092253,2021-06-23,0.0229629629629632,False,False,30.041854074647432,29.933085595014383,0.0036271349160032,0.2081141535250526,-0.0004131561679459,30.070324716034968,138.23087726096563,2021-05,technical_valuation_calendar,8b0702da5fced1077837418bcf8fc45dd7defeb913c42dd902bc57b28a7bcc9a,True,technical_valuation_calendar
2021-07-27,136.5,137.05,136.05,136.4,10677894,1457154226,-0.05,12162,0.0,1.0,0.9996335654085748,667.4258673160763,29.74801208833811,0.2180939302664084,29.76982148136475,29.88977314301128,29.67167921274487,34.125,34.2625,34.0125,34.1,135.85,136.4,181694593780.0,1337500000.0,573,26,-6571504.0,-5878686.0,144000.0,-836818.0,136.4,0.0,True,0.0249266862170087,2021-07-28,YUANTA_ETF_NAV_HISTORY,-0.0087177624409737,-0.0108506152406616,-0.002920117257897,-0.0270315795717169,-0.013989104525356,0.0026149426933916,38.61240783899643,-1.566826408784583,-0.0352654449067947,0.1150394027158677,1.0690224525127237,0.0017619851699579,0.0249175522169292,0.1155462184873949,,-0.6757587961354561,1.0,0.0151860288534548,19,0.8709677419354839,0.9510565162951536,0.3090169943749474,2021-07,22,29.628060426691583,2021-07-29,0.0047846889952154,False,True,29.628060426691583,29.758916784851426,-0.0044069112819906,0.6162122107854062,-0.0027010895506494,29.827036965556665,136.76234331291124,2021-06,technical_valuation_calendar,8b0702da5fced1077837418bcf8fc45dd7defeb913c42dd902bc57b28a7bcc9a,False,technical_valuation_calendar
2021-08-31,139.4,140.35,138.1,140.35,16604451,2314461154,0.85,12191,0.0,1.0,1.0060931899641576,686.7538158197311,30.60948311289043,0.2180939302664085,30.402293879137343,30.60948311289043,30.11877176979101,34.85,35.0875,34.525,35.0875,141.54,140.35,191650648274.0,1354000000.0,448,146,13198881.0,9894283.0,189000.0,3115598.0,140.35,0.0,True,0.0242251514071962,2021-09-01,YUANTA_ETF_NAV_HISTORY,0.009771986970684,0.0383327130628956,0.0116026105873825,0.021227958986308,0.0226148150863174,0.01723755952613,55.5223880597015,1.3000252877788558,-0.0137012060424902,0.1559861621458934,1.6608695639829916,-0.0058437856328391,0.0243727598566308,-0.4716024340770791,0.2952380952380953,0.8542707290490998,1.0,-0.010204081632653,22,1.0,0.9510565162951536,0.3090169943749474,2021-08,22,28.8320175812192,2021-08-20,0.05446293494705,False,False,30.402293879137343,30.424103272163983,-0.0007171029349967,0.13161390900989,-0.0005652983724974,30.558943983563005,140.11826897811557,2021-07,technical_valuation_calendar,8b0702da5fced1077837418bcf8fc45dd7defeb913c42dd902bc57b28a7bcc9a,True,technical_valuation_calendar
2021-09-29,136.9,136.9,135.45,136.0,31469085,4284361418,-3.0,43917,0.0,1.0,0.9784172661870504,665.4686067081112,29.660774516231545,0.2180939302664084,29.85705905347132,29.85705905347132,29.540822854585016,34.225,34.225,33.8625,34.0,135.93,136.0,167879150130.0,1235000000.0,653,86,-26584447.0,-23721095.0,121000.0,-2984352.0,136.0,0.0,True,0.0249999999999999,2021-09-30,YUANTA_ETF_NAV_HISTORY,-0.007142857142857,-0.0106761565836299,0.0061527325370969,0.0076347708431514,-0.010059645686816,0.0055303522772667,36.90036900368983,-1.0760148146287118,-0.024903542616626,0.139558471690148,1.129682922687853,0.0009361273133146,0.0244604316546762,0.2573363431151241,-0.1829268292682927,-0.7694709515728329,1.0,0.0094455852156056,19,0.9666666666666668,0.5877852522924732,-0.8090169943749473,2021-09,20,29.726202695311464,2021-09-30,0.0044020542920031,False,True,29.726202695311464,30.31505630703077,-0.0196155944282049,0.5087444103607194,-0.0004453047721793,30.453067672389743,139.63280699829835,2021-08,technical_valuation_calendar,8b0702da5fced1077837418bcf8fc45dd7defeb913c42dd902bc57b28a7bcc9a,False,technical_valuation_calendar
2021-10-12,132.7,133.15,131.6,132.85,11588565,1533572691,-1.35,16091,0.0,1.0,0.9899403874813713,650.0551794203866,28.973778635892355,0.2180939302664084,28.9410645463524,29.03920681497228,28.701161223059348,33.175,33.2875,32.9,33.2125,133.05,132.85,175687717096.0,1320500000.0,1820,121,-5972387.0,-6349902.0,175000.0,202515.0,132.85,0.0,True,0.0255927738050432,2021-10-13,YUANTA_ETF_NAV_HISTORY,-0.0084964905799778,0.001866368047779,-0.0458585140419485,-0.0423943122977559,-0.0261778205104946,-0.0249486972246903,34.63541666666654,-1.1754139201385652,-0.058575938267275,0.1726080716770865,-0.6152881194740819,-0.0002234969827907,0.0253353204172876,0.9154175588865096,0.5952380952380953,-0.5055485736325672,1.0,0.0608870967741934,7,0.3870967741935484,0.9510565162951536,0.3090169943749474,2021-10,20,28.788398795165907,2021-10-05,0.0053030303030303,False,False,28.9410645463524,29.26820544175201,-0.0112402831994195,0.7461873885565483,-0.0148813341721683,28.98005966331849,132.878799643431,2021-09,technical_valuation_calendar,8b0702da5fced1077837418bcf8fc45dd7defeb913c42dd902bc57b28a7bcc9a,False,technical_valuation_calendar
2021-11-29,137.6,138.8,137.5,138.15,11534852,1593014716,0.0,10364,0.0,1.0,1.0,675.9888824759233,30.129676466304325,0.2180939302664084,30.0097248046578,30.27143752097749,29.98791541163116,34.4,34.7,34.375,34.5375,138.06,138.15,171748548228.0,1244000000.0,627,129,-5621511.0,-2855101.0,87000.0,-2853410.0,138.15,0.0,True,0.0246109301483894,2021-11-30,YUANTA_ETF_NAV_HISTORY,-0.0163759344962618,-0.0325630252100841,0.0173048600883651,-0.0156750979693625,-0.011325210670388,-0.0012531026339251,45.29147982062783,-0.7591811083247424,-0.0325630252100841,0.1134537286417467,0.9861114676744316,-0.0018784769886568,0.0246109301483894,0.1533101045296168,0.03125,-0.8182102658346901,1.0,-0.0012043356081894,21,0.9666666666666668,0.0,1.0,2021-11,22,29.704393302284824,2021-11-01,0.0102790014684288,False,False,30.0097248046578,30.129676466304325,-0.0039891258701822,0.5830179969610827,-0.0005730631376001,30.262977281770823,138.76120827756955,2021-10,technical_valuation_calendar,8b0702da5fced1077837418bcf8fc45dd7defeb913c42dd902bc57b28a7bcc9a,False,technical_valuation_calendar
2021-12-06,140.7,141.9,140.0,141.35,4060985,573477544,-0.4,7070,0.0,1.0,0.9971781305114638,691.6469673396435,30.82757704315684,0.2180939302664084,30.685815988483665,30.94752870480336,30.533150237297185,35.175,35.475,35.0,35.3375,141.26,141.35,176430117037.0,1249000000.0,742,113,-1562868.0,-771404.0,0.0,-791464.0,141.35,0.0,True,0.0240537672444287,2021-12-07,YUANTA_ETF_NAV_HISTORY,-0.0003526093088858,0.0260586319218241,0.0264301230992032,-0.0010570824524315,0.008519948062112,0.0256688554838009,53.80952380952382,0.8495538894407995,-0.0073529411764707,0.1199806699048828,-0.5369554821479903,0.0009179494421691,0.0239858906525573,0.1314199395770392,-0.1363636363636363,0.3225220322426613,1.0,0.0040192926045015,4,0.1935483870967742,0.0,1.0,2021-12,22,30.118771769791003,2021-12-01,0.0188269370021723,False,False,30.554959630323825,30.9148146152634,-0.0117084892649001,0.5331198260641022,-0.0118870889533387,30.70225052640004,140.77535532005086,2021-11,technical_valuation_calendar,8b0702da5fced1077837418bcf8fc45dd7defeb913c42dd902bc57b28a7bcc9a,False,technical_valuation_calendar
2022-01-24,142.1,144.0,141.7,144.0,13767241,1965019247,1.35,17460,0.0,1.0,1.0094637223974765,720.4200874995587,32.1100312725357,0.2229863282814979,31.686357248800853,32.1100312725357,31.597162717488253,35.525,36.0,35.425,36.0,143.88,144.0,169055620488.0,1175000000.0,1157,48,-5457715.0,-1286838.0,90000.0,-4260877.0,144.0,0.0,True,0.0246527777777777,2022-01-25,YUANTA_ETF_NAV_HISTORY,-0.0217974513749161,-0.0296074517631402,0.0224325271643883,0.0634341961356181,-0.013026560649636,0.0213287427421005,48.54881266490779,-0.8382151856508888,-0.0404605263157893,0.1535223440868376,2.8933233263500755,0.0011228858165484,0.0462670872765509,0.6466275659824048,-0.9090909090909092,-0.8404481216754316,1.0,0.0068610634648369,16,0.7741935483870968,0.0,1.0,2022-01,18,31.47452023693344,2022-01-26,0.0067304286220331,False,False,31.47452023693344,31.80899972935568,-0.0105709229600106,0.6590298244117581,-0.0051283901614862,31.80451979017582,142.62990935491706,2021-12,technical_valuation_calendar,8b0702da5fced1077837418bcf8fc45dd7defeb913c42dd902bc57b28a7bcc9a,False,technical_valuation_calendar
2022-02-25,139.05,139.2,137.85,138.5,24731645,3424810229,-0.3,43146,0.0,1.0,0.9978386167146972,692.9040424908951,30.883606466987462,0.2229863282814979,31.006248947542293,31.03969689678452,30.73866535360449,34.7625,34.8,34.4625,34.625,138.3,138.5,185604159479.0,1342000000.0,1848,166,-18933131.0,-13377379.0,-500000.0,-5055752.0,138.5,0.0,True,0.0256317689530685,2022-03-01,YUANTA_ETF_NAV_HISTORY,-0.0242530755711775,-0.0394463667820068,-0.0557975065175174,-0.003765287676959,-0.0307162906676627,-0.0193427475023569,41.10032362459548,-2.714076217251811,-0.0663576659840977,0.1721672025463422,2.066557209867232,0.0055784974280954,0.0255763688760806,0.159400544959128,0.323076923076923,-0.7972970074200612,1.0,0.0220673635307782,15,0.8928571428571429,-0.9510565162951536,0.3090169943749472,2022-02,15,31.006248947542293,2022-02-25,0.0,True,True,31.006248947542293,30.95050236547192,0.0017995326072697,0.7562463285045519,-0.0021964315917125,31.037009288638465,139.18794720659892,2022-01,technical_valuation_calendar,8b0702da5fced1077837418bcf8fc45dd7defeb913c42dd902bc57b28a7bcc9a,False,technical_valuation_calendar
2022-03-04,138.5,138.85,137.95,138.45,14283278,1977417838,-1.5,33012,0.0,1.0,0.9892818863879956,692.65389662718,30.872457150573386,0.2229863282814979,30.883606466987462,30.961651681885986,30.760963986432635,34.625,34.7125,34.4875,34.6125,138.09,138.45,189046333126.0,1369000000.0,1870,202,-11861520.0,-9638208.0,0.0,-2223312.0,138.45,0.0,True,0.0256410256410256,2022-03-07,YUANTA_ETF_NAV_HISTORY,0.0021482277121376,-0.0161687170474517,-0.0281249999999998,0.0357541236095273,-0.0160995500562427,-0.012455119795518,33.33333333333333,-1.1833953716976586,-0.0586221567325251,0.158261015919784,-0.8649295624742696,0.0012161968808126,0.0253662022150768,0.1567023285084958,0.5508474576271187,-0.6814543189734765,1.0,0.0390954388654656,4,0.1290322580645161,-0.9510565162951536,0.3090169943749472,2022-03,23,29.47879259881402,2022-03-09,0.0476550680786689,False,False,29.47879259881402,31.20693664299564,-0.0569692885438769,0.7253743184978219,-0.0138293934663302,30.93222579524426,138.7180372609904,2022-02,technical_valuation_calendar,8b0702da5fced1077837418bcf8fc45dd7defeb913c42dd902bc57b28a7bcc9a,False,technical_valuation_calendar
2022-04-06,135.25,136.35,135.0,136.25,12266186,1663822127,-0.7,18875,0.0,1.0,0.9948886454910552,681.6474786237143,30.38188722835408,0.2229863282814978,30.15890090007258,30.404185861182228,30.103154318002208,33.8125,34.0875,33.75,34.0625,136.07,136.25,214993243643.0,1580000000.0,2191,533,-9364966.0,-7762973.0,30000.0,-1631993.0,136.25,0.0,True,0.0260550458715596,2022-04-07,YUANTA_ETF_NAV_HISTORY,-0.008327299058653,-0.0090448625180897,-0.0108342361863491,-0.0286359029125011,0.0090627763041553,-0.027735805059451,58.25242718446591,0.5370794993188098,-0.0788017460844542,0.2401936899372841,-0.5342579794399425,-0.0029848573092605,0.0259218692953632,-0.072258064516129,-0.1185840707964601,-0.8005340504935727,1.0,0.0041599999999999,2,0.2,0.5877852522924732,-0.8090169943749473,2022-04,19,28.31926369175024,2022-04-27,0.0649606299212592,False,False,28.31926369175024,30.53797765815113,-0.0754288092504954,0.5343925899567353,-0.0128288869093836,30.29945521814714,135.88032706604832,2022-03,technical_valuation_calendar,8b0702da5fced1077837418bcf8fc45dd7defeb913c42dd902bc57b28a7bcc9a,False,technical_valuation_calendar
2022-05-06,126.45,126.85,125.95,126.65,18804033,2373840312,-2.6,37094,0.0,1.0,0.9798839458413928,633.6194727904106,28.24121847685172,0.2229863282814979,28.196621211195414,28.28581574250801,28.085128047054663,31.6125,31.7125,31.4875,31.6625,126.59,126.65,215768330898.0,1704500000.0,3155,504,-15090154.0,-13477252.0,100000.0,-1712902.0,126.65,0.0,True,0.0280300039478878,2022-05-09,YUANTA_ETF_NAV_HISTORY,0.0113458528951486,0.0213354405373369,-0.0513761467889906,-0.0868950900741789,-0.0139233263398819,-0.0510511245441864,32.33333333333309,-0.7087913143944781,-0.1089279558772838,0.173661802174132,-0.8785458482575395,0.0014721834805515,0.0274661508704061,0.0057896429720167,0.2433035714285714,-0.0046394785887356,1.0,0.0038507109004739,4,0.1935483870967742,-0.9510565162951536,0.3090169943749472,2022-05,21,27.22663068317089,2022-05-13,0.0356265356265359,False,False,27.22663068317089,28.820982930383607,-0.0569081322718798,0.5444220523111355,-0.0197938581776493,28.39739396513505,127.35038145157576,2022-04,technical_valuation_calendar,8b0702da5fced1077837418bcf8fc45dd7defeb913c42dd902bc57b28a7bcc9a,False,technical_valuation_calendar
2022-06-13,124.1,124.25,123.45,123.55,18437079,2280313744,-3.55,32400,0.0,1.0,0.9720692368214005,618.1104292400729,27.54996085917908,0.2229863282814979,27.672603339733897,27.706051288976123,27.527662226350927,31.025,31.0625,30.8625,30.8875,123.68,123.55,241909435860.0,1956000000.0,2602,715,-11440049.0,-13800856.0,100000.0,2260807.0,123.55,0.0,True,0.0287333063537029,2022-06-14,YUANTA_ETF_NAV_HISTORY,-0.0101246105919005,-0.0054773082942098,0.0482474226804126,-0.054315476190476,0.0086100861008611,-0.0235970449278515,56.67574931880113,0.4582293014259245,-0.0826416456153009,0.1848236080800716,-0.453024856424854,0.0020498265531376,0.0279307631785995,0.0011732499022292,-0.0612745098039215,-0.5879066809428428,1.0,0.097430104490257,8,0.4333333333333333,0.0,1.0,2022-06,21,26.245490838732312,2022-06-30,0.0543755310110449,False,False,26.245490838732312,28.3415623245784,-0.0768351639291774,0.5081306807073844,-0.0133827593817166,28.104624697175847,126.03743428474492,2022-05,technical_valuation_calendar,8b0702da5fced1077837418bcf8fc45dd7defeb913c42dd902bc57b28a7bcc9a,False,technical_valuation_calendar
2022-07-29,118.15,118.5,117.65,118.0,8291615,979364354,1.1,8204,0.0,1.0,1.009409751924722,599.6491387973074,26.72711787668252,0.2265009989549365,26.76109302652576,26.840368376159983,26.64784252704829,29.5375,29.625,29.4125,29.5,118.19,118.0,247024358747.0,2090000000.0,3255,372,-380036.0,-919760.0,134000.0,405724.0,118.0,0.0,True,0.0423728813559322,2022-08-01,YUANTA_ETF_NAV_HISTORY,0.0017137960582693,0.0047271164589601,0.0254106814998984,-0.0708720115986834,0.0365848228354124,-0.0169075792304895,68.03344200836052,1.2962478285920571,-0.0851883134230491,0.2583005416251076,-1.0427796134958014,-0.0017079419299742,0.0427715996578272,-0.1173361522198731,1.295774647887324,-0.1401305531935379,1.0,0.0091743119266054,21,0.935483870967742,-0.9510565162951536,0.3090169943749472,2022-07,21,24.405853630409943,2022-07-07,0.0965030533978603,False,False,26.76109302652576,26.477966777832087,0.0106361351548941,0.0952839071401444,-0.0016445306541539,26.56663102844092,117.29145191861376,2022-06,technical_valuation_calendar,8b0702da5fced1077837418bcf8fc45dd7defeb913c42dd902bc57b28a7bcc9a,True,technical_valuation_calendar
2022-08-30,116.55,117.2,116.2,116.75,12722112,1482741825,0.2,14210,0.0,1.0,1.0017160017160018,593.2969233439461,26.44399162798885,0.2265009989549366,26.39869142819786,26.54591707751857,26.31941607856364,29.1375,29.3,29.05,29.1875,116.52,116.75,246798361165.0,2118000000.0,3038,441,-4521214.0,-8693831.0,100000.0,4072617.0,116.75,0.0,True,0.0428265524625267,2022-08-31,YUANTA_ETF_NAV_HISTORY,-0.0255016722408026,-0.0271285475792987,-0.0093497662558437,-0.0801317771545445,-0.0226824871074589,-0.0066314941416475,41.27516778523488,-1.3621155712779067,-0.080845960557375,0.1869022140148108,2.170879054346308,-0.0011997600479903,0.0429000429000429,0.0433151432469305,-0.0480167014613778,-0.6685558290800221,1.0,0.0112198615421341,22,0.967741935483871,0.9510565162951536,0.3090169943749474,2022-08,23,26.19484052913842,2022-08-03,0.0077821011673151,False,False,26.262790828824905,26.39869142819786,-0.0051613017802252,0.6465326489695178,-0.0004951396654071,26.51755174253998,117.07476728531236,2022-07,technical_valuation_calendar,8b0702da5fced1077837418bcf8fc45dd7defeb913c42dd902bc57b28a7bcc9a,False,technical_valuation_calendar
2022-09-01,115.5,115.6,114.75,115.15,23181870,2670144230,-2.45,41161,0.0,1.0,0.9791666666666669,585.1660875636438,26.08159002966096,0.2265009989549366,26.160865379295185,26.18351547919068,25.99098963007898,28.875,28.9,28.6875,28.7875,115.19,115.15,244321956260.0,2121000000.0,3270,463,-17045571.0,-9609403.0,0.0,-7436168.0,115.15,0.0,True,0.0434216239687364,2022-09-02,YUANTA_ETF_NAV_HISTORY,0.0072805139186296,-0.0025445292620863,0.0116129032258063,-0.0725652935353692,-0.0149309990995329,0.004869238311288,40.239043824701305,-0.9902290697861804,-0.0696760888423329,0.1763461444697194,-0.6549049872576501,-0.0022906592008145,0.042517006802721,-0.0069721115537848,0.0615384615384615,-0.0404416613263601,1.0,0.0155428024868484,1,0.0333333333333333,-0.587785252292473,-0.8090169943749475,2022-09,21,23.397553192044963,2022-09-30,0.1181026137463694,False,False,23.397553192044963,26.636517477100547,-0.1296516593389333,0.6922235342928317,-0.0152400225179994,26.36482224258667,116.40046783119077,2022-08,technical_valuation_calendar,8b0702da5fced1077837418bcf8fc45dd7defeb913c42dd902bc57b28a7bcc9a,False,technical_valuation_calendar
2022-10-11,102.0,102.15,100.5,100.7,34441616,3486069852,-5.5,60659,0.0,1.0,0.948210922787194,511.7344769227873,22.80865059476213,0.2265009989549367,23.103101893403547,23.13707704324679,22.763350394971145,25.5,25.5375,25.125,25.175,100.29,100.7,211815063861.0,2112000000.0,4972,608,-26546783.0,-17802736.0,100000.0,-8844047.0,100.7,0.0,True,0.0496524329692154,2022-10-12,YUANTA_ETF_NAV_HISTORY,-0.0166666666666666,0.0265828902851621,-0.0601769911504421,-0.053737671674808,-0.0284956318894932,-0.0739795793725072,34.961439588689004,-0.771407752406711,-0.1305771592304538,0.2218054436761036,-0.4558746184075757,0.0020758633704471,0.0470809792843691,-0.0979955456570156,-0.1512385919165579,-0.6347747346496327,1.0,-0.0002373605506764,6,0.3548387096774194,0.9510565162951536,0.3090169943749474,2022-10,20,21.936621748785623,2022-10-26,0.0531750129065564,False,False,21.936621748785623,24.05440608901428,-0.0921607189548334,0.6660378787849653,-0.0205677307587675,23.68253829749561,104.55820683690384,2022-09,technical_valuation_calendar,8b0702da5fced1077837418bcf8fc45dd7defeb913c42dd902bc57b28a7bcc9a,False,technical_valuation_calendar
2022-11-30,115.1,116.4,114.85,116.35,9535815,1105729102,0.95,7145,0.0,1.0,1.0082322357019062,591.2642143988708,26.353391228406885,0.2265009989549367,26.07026497971321,26.364716278354635,26.01363972997448,28.775,29.1,28.7125,29.0875,116.88,116.35,268706081641.0,2299000000.0,3088,672,1168736.0,6179576.0,0.0,-5010840.0,116.35,0.0,True,0.0429737859905457,2022-12-01,YUANTA_ETF_NAV_HISTORY,0.0091823349365982,0.005226480836237,0.1586345381526099,0.0131694468832312,0.0528716755622462,0.0782359536564096,78.09278350515456,0.878411262423622,-0.0111396743787488,0.2707640084154945,-0.5404060052315821,-0.0020754064337599,0.0433275563258232,-0.0358910891089109,-0.0415430267062314,0.4886237718033391,1.0,0.0059068037628526,22,1.0,0.5877852522924732,-0.8090169943749473,2022-11,22,22.2197479974793,2022-11-04,0.1732925586136589,False,False,26.07026497971321,26.1382152793997,-0.0026030383461624,0.0953856183459965,-0.0007785357037902,26.248463033260023,115.8867429034265,2022-10,technical_valuation_calendar,8b0702da5fced1077837418bcf8fc45dd7defeb913c42dd902bc57b28a7bcc9a,True,technical_valuation_calendar
2022-12-30,110.6,110.75,110.2,110.2,8890361,982130895,0.7,7376,0.0,1.0,1.006392694063927,560.011314368333,24.960410084834024,0.2265009989549367,25.051010484416,25.08498563425924,24.960410084834024,27.65,27.6875,27.55,27.55,109.7,110.2,253076160575.0,2307000000.0,3109,808,-4559523.0,-3948110.0,150000.0,-761413.0,110.2,0.0,True,0.0453720508166969,2023-01-03,YUANTA_ETF_NAV_HISTORY,-0.0045454545454545,-0.0275310834813498,-0.0747782002534857,0.0209790209790208,-0.0317446281722522,0.0120537605422266,31.543624161073765,-1.5826499832230498,-0.0747782002534857,0.1695348332034834,1.7386801015830282,0.0025636330342428,0.045662100456621,0.045348449483161,-0.1485042735042735,-0.4798760647180398,1.0,0.0,22,0.967741935483871,-0.9510565162951536,0.3090169943749472,2022-12,22,24.733909085879088,2022-12-29,0.0128205128205127,False,False,25.051010484416,24.801859385565567,0.009995539831679,0.4933658175321408,-0.0007637716570923,24.90683827883188,109.96348092834326,2022-11,technical_valuation_calendar,8b0702da5fced1077837418bcf8fc45dd7defeb913c42dd902bc57b28a7bcc9a,True,technical_valuation_calendar
2023-01-31,120.6,120.6,118.3,118.3,22474562,2681531250,-2.4,23552,0.0,1.0,0.980115990057995,614.1235590174308,27.3722610285526,0.2313800594129552,27.9044351652024,27.9044351652024,27.3722610285526,30.15,30.15,29.575,29.575,118.35,118.3,267540485034.0,2260500000.0,1908,170,5745819.0,5440416.0,323000.0,-17597.0,118.3,0.0,True,0.0371935756551141,2023-02-01,YUANTA_ETF_NAV_HISTORY,0.0440304826418289,0.0597335625268586,0.1178603807796918,0.2750775594622539,0.0855067679102015,0.1079660331581073,92.08860759493686,2.6561813018557223,0.0,0.2184142123443828,3.2011417515814427,-0.0062572040177835,0.0364540182270091,-0.2773865414710484,-0.1388888888888888,0.6616123309903732,1.0,-0.0294117647058823,13,1.0,0.9510565162951536,0.3090169943749474,2023-01,13,24.824509485461057,2023-01-03,0.1240679370339687,False,False,27.9044351652024,27.92757317114369,-0.0008288438104005,0.0194912192677831,-0.0036143248957893,27.965950122548865,120.86586110100646,2022-12,technical_valuation_calendar,8b0702da5fced1077837418bcf8fc45dd7defeb913c42dd902bc57b28a7bcc9a,True,technical_valuation_calendar
2023-02-24,119.9,120.1,118.8,118.8,5828709,695430436,-0.6,9038,0.0,1.0,0.9949748743718592,616.7191784553744,27.48795105825908,0.2313800594129552,27.742469123613336,27.78874513549593,27.48795105825908,29.975,30.025,29.7,29.7,118.09,118.8,269765342733.0,2284500000.0,1654,372,-2044361.0,-1966103.0,0.0,-78258.0,118.8,0.0,True,0.037037037037037,2023-03-01,YUANTA_ETF_NAV_HISTORY,0.0148746281342966,-0.0074812967581046,0.0327857467061674,0.067588592437622,-0.0016345313273188,0.045260157743048,44.40559440559454,-0.1369953857579795,-0.0184956843403204,0.2327167742547323,-0.6031855339012777,0.0005027652086475,0.0368509212730318,0.1046195652173913,0.2271186440677965,0.168466834494867,1.0,0.004627589246364,18,0.8571428571428571,-0.9510565162951536,0.3090169943749472,2023-02,18,27.18715698102224,2023-02-22,0.0204255319148936,False,False,27.742469123613336,27.62677909390686,0.0041788610749668,0.2305328740783119,-0.0045995989802398,27.63749877568217,119.44632932415404,2023-01,technical_valuation_calendar,8b0702da5fced1077837418bcf8fc45dd7defeb913c42dd902bc57b28a7bcc9a,True,technical_valuation_calendar
2023-03-01,117.3,119.45,116.85,119.35,7996077,945839757,0.55,14283,0.0,1.0,1.0046296296296295,619.5743598371122,27.61521009093621,0.2313800594129552,27.14088096913965,27.638348096877504,27.03675994240382,29.325,29.8625,29.2125,29.8375,119.64,119.35,273318478119.0,2284500000.0,1682,370,-4050036.0,-2605541.0,0.0,-1444495.0,119.35,0.0,True,0.0368663594470046,2023-03-02,YUANTA_ETF_NAV_HISTORY,-0.0050251256281407,0.000421052631579,0.0275958685820156,0.0659558373257447,-0.0079746148386286,0.0388933758972536,48.28897338403052,-0.8548706933242284,-0.0234278668310726,0.2338317074415365,-0.6194872618173102,0.0060123634516047,0.037037037037037,0.0343964978111319,0.3144876325088339,-0.3507399322903236,1.0,0.0112881806108897,1,0.032258064516129,0.5877852522924732,-0.8090169943749473,2023-03,23,27.11774296319836,2023-03-16,0.0008532423208189,False,True,27.11774296319836,27.48795105825908,-0.0135595297856319,0.6985471327789248,-0.0155811141024023,27.19829242210716,117.54812619165703,2023-02,technical_valuation_calendar,8b0702da5fced1077837418bcf8fc45dd7defeb913c42dd902bc57b28a7bcc9a,False,technical_valuation_calendar
2023-04-24,117.8,118.5,117.7,118.15,7308582,863114882,-0.45,16153,0.0,1.0,0.9962057335581788,613.3448731860481,27.33755401964067,0.2313800594129553,27.256570998846133,27.418537040435204,27.23343299290484,29.45,29.625,29.425,29.5375,118.18,118.15,270695433667.0,2290500000.0,1635,540,-5153940.0,-4242079.0,-150000.0,-761861.0,118.15,0.0,True,0.037240795598815,2023-04-25,YUANTA_ETF_NAV_HISTORY,-0.0025231286795627,-0.0169912971404891,-0.0004214075010536,0.042191517224791,-0.0164206336042461,-0.0068598104240197,34.12698412698393,-2.095150117285999,-0.0294599018003275,0.1042425618456339,-0.7208462642702526,0.0016045942065703,0.0370994940978077,0.0513654096228868,0.0407407407407407,-0.5009770404413456,1.0,0.0026229508196722,13,0.8,0.0,1.0,2023-04,17,26.851655894873456,2023-04-27,0.0150797070228352,False,False,26.851655894873456,27.441675046376496,-0.0217353538431791,0.6995589473708955,-0.0079312868055301,27.361012527789864,118.25138517644396,2023-03,technical_valuation_calendar,8b0702da5fced1077837418bcf8fc45dd7defeb913c42dd902bc57b28a7bcc9a,False,technical_valuation_calendar
2023-05-31,126.7,126.7,125.15,126.15,9229280,1162014425,-0.6,8924,0.0,1.0,0.9952662721893492,654.874784193144,29.188594494944315,0.2313800594129553,29.31585352762144,29.31585352762144,28.95721443553136,31.675,31.675,31.2875,31.5375,125.99,126.15,303763481154.0,2411000000.0,1073,483,3119659.0,68605.0,0.0,3051054.0,126.15,0.0,True,0.0348791121680539,2023-06-01,YUANTA_ETF_NAV_HISTORY,0.0,0.0372340425531916,0.076890399320306,0.0620025136154172,0.0509514530906678,0.0574984356532017,87.44769874476998,1.9283348845722388,0.0,0.1261036316381011,0.0719620207333923,-0.0014181044670291,0.0347140039447731,-0.2083639031548055,-0.1334488734835355,0.7955753597235681,1.0,0.0259574468085106,22,1.0,0.5877852522924732,-0.8090169943749473,2023-05,22,27.059897948345125,2023-05-15,0.0833689610944847,False,False,29.31585352762144,29.327422530592084,-0.000394555144199,0.0766832180733365,-0.0010543155572132,29.44300105928008,127.24951810446083,2023-04,technical_valuation_calendar,8b0702da5fced1077837418bcf8fc45dd7defeb913c42dd902bc57b28a7bcc9a,True,technical_valuation_calendar
2023-06-30,128.8,129.1,128.3,129.1,7504016,964915657,0.05,11593,0.0,1.0,1.000387446726075,670.1889388770102,29.87116567021252,0.2313800594129551,29.801751652388628,29.87116567021252,29.68606162268215,32.2,32.275,32.075,32.275,129.46,129.1,342035289045.0,2642000000.0,948,376,-1558297.0,-2842032.0,-131000.0,1414735.0,129.1,0.0,True,0.0340821068938807,2023-07-03,YUANTA_ETF_NAV_HISTORY,-0.0003872966692486,-0.0114898506319418,0.0181459566074946,0.0700663349917076,0.0009695559433777,0.0496492357745617,54.922279792745954,0.0605635864455013,-0.0216072782410919,0.1195625356242344,-0.6027124003103943,-0.0017790841584157,0.0340953118946144,-0.0065645514223194,-0.0306122448979592,0.011568266037157,1.0,-0.0005674295441648,20,1.0,-0.9510565162951536,0.3090169943749472,2023-06,20,29.00349044741394,2023-06-01,0.0275229357798161,False,False,29.801751652388628,29.859596667241867,-0.0019391124943695,0.2755592160926242,-0.0005776708639363,29.991564392553997,129.62035046860544,2023-05,technical_valuation_calendar,8b0702da5fced1077837418bcf8fc45dd7defeb913c42dd902bc57b28a7bcc9a,True,technical_valuation_calendar
2023-07-06,129.7,129.7,127.7,127.9,18056472,2319934035,-2.9,35216,0.0,1.0,0.97782874617737,663.9594522259459,29.59350959891697,0.2313800594129552,30.00999370586029,30.00999370586029,29.547233587034384,32.425,32.425,31.925,31.975,127.88,127.9,338878351722.0,2650000000.0,891,285,-13342064.0,-11215565.0,-60000.0,-2066499.0,127.9,0.0,True,0.034401876465989,2023-07-07,YUANTA_ETF_NAV_HISTORY,-0.0015267175572519,0.0131680867544539,0.0352196280174115,0.0809917355371896,0.0078206264206186,0.0586021541636596,43.5897435897433,0.6545288863899483,-0.0083396512509478,0.1118403239758123,-0.6831681815423823,-0.0004585052728106,0.0336391437308868,-0.0735135135135135,-0.2263157894736842,-0.4729914987470192,1.0,0.0003785727806171,4,0.1935483870967742,-0.587785252292473,-0.8090169943749475,2023-07,21,29.51252657812244,2023-07-07,0.0168561348490785,False,False,29.51252657812244,30.264511771214544,-0.0251609944352778,0.5387556513239103,-0.0118944829055905,30.056196799878084,129.89968485674618,2023-06,technical_valuation_calendar,8b0702da5fced1077837418bcf8fc45dd7defeb913c42dd902bc57b28a7bcc9a,False,technical_valuation_calendar
2023-08-28,124.85,125.7,124.75,125.35,4490279,563092008,0.8,5969,0.0,1.0,1.006423123243677,660.2433287634052,29.4278772926206,0.2347656744524978,29.310494455394352,29.510045278678977,29.287017887949105,31.2125,31.425,31.1875,31.3375,125.23,125.35,306313536071.0,2446000000.0,1105,181,-1399813.0,-1612795.0,0.0,212982.0,125.35,0.0,True,0.0358994814519345,2023-08-29,YUANTA_ETF_NAV_HISTORY,-0.0192913385826772,0.0056519983851432,-0.0382239382239381,-0.0029787062754101,-0.0128202587829671,-0.0205625507051872,35.74007220216613,-0.8237855013778886,-0.0444427298329541,0.1397380710250201,-0.2370907435122551,0.0,0.0361300682456844,-0.1316808675445391,0.2253521126760562,-0.6968979886696418,1.0,0.0041093075816724,19,0.9032258064516128,0.0,1.0,2023-08,22,29.017037362328736,2023-08-17,0.0101132686084139,False,False,29.310494455394352,29.240064753058604,0.0024057750175927,0.5439027907267874,-0.0022936892875473,29.31893935707401,124.88597162020965,2023-07,technical_valuation_calendar,8b0702da5fced1077837418bcf8fc45dd7defeb913c42dd902bc57b28a7bcc9a,False,technical_valuation_calendar
2023-09-21,123.8,123.85,122.65,122.75,23194776,2852690919,-2.0,42629,0.0,1.0,0.9839679358717436,646.5486127300202,28.81748653904412,0.2347656744524979,29.063990497219244,29.07572878094187,28.79400997159887,30.95,30.9625,30.6625,30.6875,122.84,122.75,284140205997.0,2313000000.0,1200,120,-18948639.0,-19074349.0,-210000.0,335710.0,122.75,0.0,True,0.0366598778004073,2023-09-22,YUANTA_ETF_NAV_HISTORY,-0.0055799123156636,-0.0035942492012779,-0.0008009611533839,-0.0180343255764767,-0.0075774149281037,-0.0158441017238755,45.320197044335096,-0.9993874509305568,-0.0429083143047851,0.1359680545763994,0.3966055028714752,0.0014449706992052,0.0360721442885771,-0.0398481973434534,-0.0320855614973262,-0.5845372349923248,1.0,-0.0335790335790335,15,0.7,-0.587785252292473,-0.8090169943749475,2023-09,20,28.606197432036872,2023-09-27,0.0160032827246614,False,False,28.606197432036872,29.28701788794912,-0.0235209545604129,0.5111850690403125,-0.0085751179568394,29.18213671950253,124.30325168940826,2023-08,technical_valuation_calendar,8b0702da5fced1077837418bcf8fc45dd7defeb913c42dd902bc57b28a7bcc9a,False,technical_valuation_calendar
2023-10-04,122.1,122.2,121.35,121.9,12322148,1500309693,-1.6,23810,0.0,1.0,0.9870445344129556,642.0714940267981,28.617935715759497,0.2347656744524979,28.664888850649994,28.688365418095245,28.48881459481062,30.525,30.55,30.3375,30.475,122.02,121.9,287116176308.0,2353000000.0,1287,93,-7886792.0,-8261712.0,0.0,374920.0,121.9,0.0,True,0.0369155045118949,2023-10-05,YUANTA_ETF_NAV_HISTORY,-0.0060362173038228,-0.000404694455686,-0.0256410256410254,-0.0187385661848845,-0.0079325233457173,-0.0209657860250895,43.67346938775516,-0.6374990695018806,-0.0524984113558393,0.1254552554106445,-0.4389599661998937,-0.0009707167125061,0.0364372469635627,0.0378331900257953,-0.02803738317757,-0.4314029495441503,1.0,0.0083565459610028,3,0.1290322580645161,0.5877852522924732,-0.8090169943749473,2023-10,20,28.606197432036872,2023-10-26,0.0020517029134181,False,True,28.606197432036872,28.993560794883496,-0.0134503759968167,0.7339136941336426,-0.0153501821798037,28.69466230622152,122.22682201365664,2023-09,technical_valuation_calendar,8b0702da5fced1077837418bcf8fc45dd7defeb913c42dd902bc57b28a7bcc9a,False,technical_valuation_calendar
2023-11-30,131.3,131.5,130.65,131.35,11141866,1461693142,0.2,7269,0.0,1.0,1.001524971406786,691.8465196096794,30.8364713393356,0.2347656744524978,30.82473305561297,30.87168619050347,30.67213536721885,32.825,32.875,32.6625,32.8375,131.97,131.35,302148908070.0,2289500000.0,692,128,5924760.0,6954572.0,0.0,-1029812.0,131.35,0.0,True,0.0342596117244004,2023-12-01,YUANTA_ETF_NAV_HISTORY,-0.0007619047619047,-0.0015226494099733,0.077207392197125,0.0416997617156476,0.0150339570071396,0.0409280914334091,70.31249999999966,0.8350442102746708,-0.0105620520558282,0.1192307108359219,-0.8808955406559631,-0.0025098874353512,0.0343118566526877,0.0382775119617224,-0.044776119402985,0.4676398221987324,1.0,-0.0058619192357793,22,1.0,-0.587785252292473,-0.8090169943749475,2023-11,22,28.64141228320476,2023-11-01,0.0762295081967205,False,False,30.82473305561297,30.789518204445105,0.0011430749958674,0.1753308431986006,-0.0006397238012536,30.9236768543079,131.72145768935636,2023-10,technical_valuation_calendar,8b0702da5fced1077837418bcf8fc45dd7defeb913c42dd902bc57b28a7bcc9a,True,technical_valuation_calendar
2023-12-29,135.7,136.0,135.35,135.45,13407035,1819068025,-0.3,7710,0.0,1.0,0.9977900552486187,713.4420333546333,31.799010604590848,0.2347656744524979,31.85770202320397,31.92813172553972,31.7755340371456,33.925,34.0,33.8375,33.8625,136.2,135.45,310267261856.0,2278000000.0,468,108,4833159.0,8550384.0,0.0,-3717225.0,135.45,0.0,True,0.0332225913621262,2024-01-02,YUANTA_ETF_NAV_HISTORY,0.0,0.0237556561085969,0.0334982870194138,0.0991902834008098,0.0236591573192572,0.0541369536800961,79.37500000000018,1.9322905079315504,0.0,0.0859901941227707,0.5891648512579091,-0.002571638501102,0.0331491712707182,-0.1606837606837606,-0.0442477876106194,0.3616058884609057,1.0,-0.002831627096493,21,0.935483870967742,-0.9510565162951536,0.3090169943749472,2023-12,21,30.61344394860572,2023-12-06,0.0406441717791414,False,False,31.85770202320397,31.869440306926595,-0.0003683919732214,0.104139847886354,-0.0018314030990784,31.970183567857703,136.17912261839837,2023-11,technical_valuation_calendar,8b0702da5fced1077837418bcf8fc45dd7defeb913c42dd902bc57b28a7bcc9a,True,technical_valuation_calendar
2024-01-03,133.7,133.9,132.3,132.55,14783894,1963126583,-2.35,25258,0.0,1.0,0.9825796886582654,698.1671577789344,31.118190148678607,0.2347656744524979,31.388170674298976,31.43512380918948,31.05949873006548,33.425,33.475,33.075,33.1375,132.66,132.55,300676003971.0,2266500000.0,510,101,-6886430.0,-8033755.0,0.0,1147325.0,132.55,0.0,True,0.0339494530365899,2024-01-04,YUANTA_ETF_NAV_HISTORY,-0.0040605389442596,0.0104868913857678,0.0274181264280277,0.0909826122118888,0.0144764053393497,0.0441849964522997,70.23809523809555,1.1022292071160218,-0.0062615101289132,0.0869475053933768,-0.543454555018844,-0.0040605389442597,0.0333580429948109,-0.048,-0.0530973451327433,0.0916423839162519,1.0,-0.0076236114136353,2,0.0967741935483871,0.5877852522924732,-0.8090169943749473,2024-01,22,30.733313515220065,2024-01-18,0.0213077304129476,False,False,30.733313515220065,31.669889483641978,-0.0300191738683002,0.5109154147281929,-0.0114436605842253,31.46608351182249,134.03187491188913,2023-12,technical_valuation_calendar,8b0702da5fced1077837418bcf8fc45dd7defeb913c42dd902bc57b28a7bcc9a,False,technical_valuation_calendar
2024-02-29,143.0,143.95,142.7,143.3,7372502,1055974598,-0.05,10899,0.0,1.0,0.999651203348448,772.5562626349662,34.43380630751396,0.2402917397593437,34.36171878558616,34.58999593835753,34.28963126365835,35.75,35.9875,35.675,35.825,143.8,143.3,301625567096.0,2097500000.0,378,65,2024506.0,574494.0,0.0,1450012.0,143.3,0.0,True,0.0341939986043265,2024-03-01,YUANTA_ETF_NAV_HISTORY,-0.0041681139284472,0.0120014119308151,0.0786305492851768,0.1174734532933634,0.0361402240693891,0.0824059040240474,71.74603174603165,1.3224921883910332,-0.0041681139284472,0.1839222525841675,-1.0104577843318308,-0.0029213326841484,0.0341820718521102,-0.0646766169154229,0.0892857142857141,0.2888440478959989,1.0,-0.010370021211407,13,1.0,-0.587785252292473,-0.8090169943749475,2024-02,13,32.283195236667844,2024-02-01,0.0643840714551542,False,False,34.36171878558616,34.44582089450193,-0.0024445620694714,0.1505312998700637,-0.0021015033248341,34.54537644041057,143.76431114531178,2024-01,technical_valuation_calendar,8b0702da5fced1077837418bcf8fc45dd7defeb913c42dd902bc57b28a7bcc9a,True,technical_valuation_calendar
2024-03-29,156.9,158.4,156.9,157.9,8255237,1302182597,1.0,7944,0.0,1.0,1.0063734862970044,851.267507816198,37.94206570800039,0.2402917397593438,37.70177396824104,38.062211577880056,37.70177396824104,39.225,39.6,39.225,39.475,158.83,157.9,301459598080.0,1898000000.0,298,72,4321208.0,1859286.0,0.0,2461922.0,157.9,0.0,True,0.0310322989233692,2024-04-01,YUANTA_ETF_NAV_HISTORY,-0.0047573739295909,-0.0031766200762392,0.0949057920446616,0.2079218730704446,0.0220998973991499,0.113423913560124,58.53658536585365,0.8632198502131806,-0.0047573739295909,0.1801254958279445,-1.3584988821066704,-0.001463756125501,0.0312300828553218,-0.1934673366834171,-0.0519480519480519,-0.1167403206456538,1.0,-0.0340447154471544,21,0.935483870967742,-0.9510565162951536,0.3090169943749472,2024-03,21,34.4938792424538,2024-03-01,0.0929989550679206,False,False,37.70177396824104,37.70177396824104,0.0,0.1702251853618419,-0.0023014089158261,37.803182069022725,157.3220207522874,2024-02,technical_valuation_calendar,8b0702da5fced1077837418bcf8fc45dd7defeb913c42dd902bc57b28a7bcc9a,True,technical_valuation_calendar
2024-04-30,158.6,159.35,158.25,158.25,4792141,761950562,-0.55,6586,0.0,1.0,0.996536523929471,853.1544212280766,38.02616781691614,0.2402917397593437,38.11026992583191,38.29048873065142,38.02616781691614,39.65,39.8375,39.5625,39.5625,157.93,158.25,301330804896.0,1908000000.0,500,66,2633289.0,1051601.0,0.0,1581688.0,158.25,0.0,True,0.0309636650868878,2024-05-02,YUANTA_ETF_NAV_HISTORY,0.0179487179487181,0.0555001661681624,0.0121096239643081,0.1868460388639758,0.0070710593905571,0.0586254978973037,43.348281016442456,0.3000633935720691,-0.0272588055130168,0.2858225220249993,-0.1198082483553291,-0.0009436929852153,0.0308564231738035,-0.2211267605633803,0.0476190476190476,0.4062392375972257,1.0,0.0015756302521008,20,1.0,0.9510565162951536,0.3090169943749474,2024-04,20,36.13987765980529,2024-04-22,0.0545212765957445,False,False,38.11026992583191,38.15832827378379,-0.0012602396122879,0.0885187105139562,-0.0009337132556301,38.31332954511787,159.44505451368957,2024-03,technical_valuation_calendar,8b0702da5fced1077837418bcf8fc45dd7defeb913c42dd902bc57b28a7bcc9a,True,technical_valuation_calendar
2024-05-31,168.25,168.9,166.0,166.0,9114336,1525397907,-1.9,18205,0.0,1.0,0.98868374032162,894.936075348251,39.88842880005106,0.2402917397593437,40.429085214509584,40.58527484535316,39.88842880005106,42.0625,42.225,41.5,41.5,165.04,166.0,318041404114.0,1927000000.0,645,76,-2602458.0,-2480035.0,0.0,-122423.0,166.0,0.0,True,0.0295180722891566,2024-06-03,YUANTA_ETF_NAV_HISTORY,-0.0172666081357918,-0.0198482194979567,0.0752481588216458,0.1425654984688671,0.0117048039407678,0.0529231315944875,66.31853785900788,0.4099335876832683,-0.0306004618937643,0.1372875063175321,0.9852982235735432,0.0022683858643743,0.0291840381179273,0.0213523131672597,0.0410958904109588,-0.3737416616306309,1.0,0.009958071278826,22,1.0,-0.9510565162951536,0.3090169943749472,2024-05,22,37.80990525113274,2024-05-02,0.0692723228471559,False,False,40.429085214509584,40.34498310559382,0.002082404441342,0.2728756901474531,-0.0007047217380156,40.5181439406207,168.62062749722617,2024-04,technical_valuation_calendar,8b0702da5fced1077837418bcf8fc45dd7defeb913c42dd902bc57b28a7bcc9a,True,technical_valuation_calendar
2024-06-28,185.3,187.4,184.65,186.45,4455951,830033644,1.15,7487,0.0,1.0,1.006206152185645,1005.1857304137432,44.80239487812963,0.2402917397593437,44.52605937740639,45.03067203090101,44.36986974656281,46.325,46.85,46.1625,46.6125,186.24,186.45,414292347072.0,2224500000.0,631,107,198550.0,17826.0,0.0,180724.0,186.45,0.0,True,0.0262805041566103,2024-07-01,YUANTA_ETF_NAV_HISTORY,-0.0002697599136765,-0.0234519104084319,0.0845771144278604,0.1735275490816972,0.0403391067568705,0.1091657313879537,71.67968750000009,0.9435442984137108,-0.0234519104084319,0.2373357968150216,-0.9268128665013932,0.0001619258379661,0.0264436049649217,-0.0820895522388059,0.1847826086956521,-0.0227800379887533,1.0,-0.0002247191011236,19,0.9333333333333332,-0.9510565162951536,0.3090169943749472,2024-06,19,40.22483723571416,2024-06-05,0.106929510155316,False,False,44.52605937740639,44.5260593774064,-1.1102230246251563e-16,0.1259361346022567,-0.0027498714367782,44.62580556591001,185.7151045250391,2024-05,technical_valuation_calendar,8b0702da5fced1077837418bcf8fc45dd7defeb913c42dd902bc57b28a7bcc9a,True,technical_valuation_calendar
2024-07-22,185.4,185.4,180.05,180.7,23474914,4268806758,-5.55,48514,0.0,1.0,0.9702013422818792,979.1353156532437,43.641295059931295,0.24151242423869,44.77640345385314,44.77640345385314,43.48431198417615,46.35,46.35,45.0125,45.175,180.38,180.7,382053612185.0,2118000000.0,930,48,-6550893.0,-8122846.0,193000.0,1378953.0,180.7,0.0,True,0.0221361372440509,2024-07-23,YUANTA_ETF_NAV_HISTORY,-0.0228226652675761,-0.0466200565709,-0.0074435212497151,0.1972891070822113,-0.0225255559052357,0.0608117431670867,50.764221892488216,-0.7465454530796429,-0.0767144173005978,0.2549491047146578,1.4331204390901775,0.0019905315257155,0.021476510067114,-0.0528511821974965,,-0.3925601713278598,1.0,-0.0189376443418013,16,0.7096774193548387,0.0,1.0,2024-07,21,43.00128713569877,2024-07-26,0.0412805391743893,False,False,43.00128713569877,44.98168901445602,-0.0450254475358821,0.5344451051803452,-0.0090270221092854,44.800352852936754,185.49916425276723,2024-06,technical_valuation_calendar,8b0702da5fced1077837418bcf8fc45dd7defeb913c42dd902bc57b28a7bcc9a,False,technical_valuation_calendar
2024-08-02,178.15,178.9,174.7,174.7,32816025,5798178503,-9.3,68966,0.0,1.0,0.9494565217391304,946.6239050615476,42.19222051449916,0.2415124242386901,43.02543837812264,43.20657269630166,42.19222051449916,44.5375,44.725,43.675,43.675,174.52,174.7,373988608840.0,2143000000.0,1452,101,-19502044.0,-13367444.0,-1967000.0,-4167600.0,174.7,0.0,True,0.0228963938179736,2024-08-05,YUANTA_ETF_NAV_HISTORY,0.0174177495161738,-0.0123456790123458,-0.0022405078530146,0.1616502629990182,-0.0296629243192309,0.0305102342987109,35.58209323548495,-0.815672408031869,-0.0878682028634093,0.3211829224672116,-0.0111303341151617,0.0001630700657715,0.0217391304347826,1.1140861466821883,0.8870967741935485,-0.3495036727562005,1.0,0.0106182161396886,2,0.064516129032258,-0.9510565162951536,0.3090169943749472,2024-08,22,40.2480454993777,2024-08-05,0.0690069006900688,False,False,40.2480454993777,44.43828605991897,-0.0990399528552369,0.5119181207346404,-0.0230301307308775,43.643694122378015,180.70993349495075,2024-07,technical_valuation_calendar,8b0702da5fced1077837418bcf8fc45dd7defeb913c42dd902bc57b28a7bcc9a,False,technical_valuation_calendar
2024-09-04,171.0,173.8,170.0,171.25,34040370,5856531211,-8.8,76198,0.0,1.0,0.9511246875867814,927.9298439713224,41.35900265087567,0.24151242423869,41.29862454481599,41.974859332684325,41.0571121205773,42.75,43.45,42.5,42.8125,171.11,171.25,372598069395.0,2177500000.0,1551,231,-24525667.0,-16871657.0,25000.0,-7679010.0,171.25,0.0,True,0.0233576642335766,2024-09-05,YUANTA_ETF_NAV_HISTORY,-0.004423555432679,-0.0022166805209198,0.0749253731343282,0.0388326970683785,0.0005418096442115,-0.0165267684104495,47.95321637426902,0.0304455400345219,-0.1074492930736787,0.2296076204787647,-0.4733095488811917,0.0012790568346126,0.0222160510969175,0.0015094339622641,0.125,-0.302783131873951,1.0,-0.0084244080145718,3,0.1333333333333333,0.5877852522924732,-0.8090169943749473,2024-09,20,41.15371709027279,2024-09-09,0.003521126760563,False,True,41.15371709027279,43.48431198417615,-0.0550859756996688,0.569759986588496,-0.0184654639183255,42.9021656751368,177.63958028401888,2024-08,technical_valuation_calendar,8b0702da5fced1077837418bcf8fc45dd7defeb913c42dd902bc57b28a7bcc9a,False,technical_valuation_calendar
2024-10-30,192.95,194.05,191.5,191.8,14531256,2800185309,0.3,15214,0.0,1.0,1.0015665796344648,1039.2814252478806,46.32208296898074,0.2415124242386899,46.59982225685523,46.86548592351779,46.24962924170913,48.2375,48.5125,47.875,47.95,191.63,191.8,405579504870.0,2116500000.0,1300,209,6678941.0,6489767.0,277000.0,-87826.0,191.8,0.0,True,0.0208550573514077,2024-11-01,YUANTA_ETF_NAV_HISTORY,-0.0232083652129558,-0.0293968575772936,0.0116217643951397,0.0588885816975388,-0.0025522162612637,0.0464909764061365,57.74134790528227,-0.1037827017111191,-0.03331650681474,0.2178444615182305,2.040642998621488,-0.0069487658162207,0.02088772845953,0.2043996333638864,0.0049261083743843,-0.1664072622422054,1.0,-0.0226275686908334,19,0.967741935483871,0.5877852522924732,-0.8090169943749473,2024-10,19,44.4141348174951,2024-10-01,0.0492115280043496,False,False,46.59982225685523,46.24962924170912,0.0075432793629272,0.4280872079554823,-0.0009030158911707,46.43892336242758,192.28378626406143,2024-09,technical_valuation_calendar,8b0702da5fced1077837418bcf8fc45dd7defeb913c42dd902bc57b28a7bcc9a,True,technical_valuation_calendar
2024-11-01,186.15,190.55,185.95,190.5,21072030,3965634116,-1.3,31562,0.0,1.0,0.9932221063607924,1032.2372862863465,46.00811681747044,0.2415124242386899,44.95753777203214,46.02019243868237,44.9092352871844,46.5375,47.6375,46.4875,47.625,190.5,190.5,404154217635.0,2121500000.0,1365,202,-9288703.0,-8184489.0,44000.0,-1148214.0,190.5,0.0,True,0.0209973753280839,2024-11-04,YUANTA_ETF_NAV_HISTORY,0.0015665796344648,-0.0214285714285714,0.0153520381154046,0.0423913043478254,-0.0017435657220186,0.0473863124411251,55.38461538461531,-0.0717573052977903,-0.0318021201413427,0.2176236032832576,0.105238538815186,0.0008871262328447,0.0208550573514077,0.1711711711711712,0.0195121951219512,0.4596258575308287,1.0,-0.0116740602381508,1,0.0333333333333333,-0.9510565162951536,0.3090169943749472,2024-11,21,44.6677228629457,2024-11-29,0.0064882400648826,False,False,44.6677228629457,46.32208296898074,-0.036367644170875,0.6194623378290788,-0.0131155413737966,45.94710306765847,190.24736807017567,2024-10,technical_valuation_calendar,8b0702da5fced1077837418bcf8fc45dd7defeb913c42dd902bc57b28a7bcc9a,False,technical_valuation_calendar
2024-12-31,196.7,196.9,195.6,195.75,8290222,1625749078,-2.05,11738,0.0,1.0,0.9896359959555106,1060.6847705540806,47.27605704472357,0.24151242423869,47.50549384775032,47.55379633259807,47.23983018108777,49.175,49.225,48.9,48.9375,196.17,195.75,436088735742.0,2223000000.0,959,212,-2599392.0,-2314194.0,200000.0,-485198.0,195.75,0.0,True,0.020434227330779,2025-01-02,YUANTA_ETF_NAV_HISTORY,-0.0055304172951232,0.0027883396704688,0.0318205529473138,0.0773420479302831,0.0087590682493337,0.0208549272937625,58.83977900552485,0.9917943660709518,-0.0065293822199899,0.1344454041302949,0.3957926066105921,-0.0013631544403492,0.0202224469160768,-0.09284332688588,-0.0464135021097046,-0.4249124821986392,1.0,-0.0042639138240574,22,1.0,0.9510565162951536,0.3090169943749474,2024-12,22,45.52509196899306,2024-12-02,0.043501326259947,False,False,47.50549384775032,47.77115751441288,-0.0055766937935982,0.2268158175587739,-0.0004497656283179,47.98842490341037,198.6996116439242,2024-11,technical_valuation_calendar,8b0702da5fced1077837418bcf8fc45dd7defeb913c42dd902bc57b28a7bcc9a,True,technical_valuation_calendar
2025-01-22,200.3,201.7,200.3,201.3,13730665,2759777870,2.6,18273,0.0,1.0,1.0130850528434827,1105.7606074627022,49.28514390652272,0.2448342966046831,49.04030960991803,49.38307762516459,49.04030960991803,50.075,50.425,50.075,50.325,200.15,201.3,446925629918.0,2233000000.0,1342,59,6597016.0,4452720.0,-560000.0,2704296.0,201.3,0.0,True,0.0183805265772478,2025-02-03,YUANTA_ETF_NAV_HISTORY,0.0020171457387794,0.0298211180874814,0.0212066448563312,0.0256263273824413,0.0156686069627405,0.0325387890719754,58.85672911345776,1.130744049582882,-0.0145156032391812,0.1929702891501595,-0.2118248676838503,0.0027756749936915,0.0186210367388022,-0.0538745387453875,,-0.4167386639143082,1.0,0.0083239595050619,15,0.7096774193548387,0.5877852522924732,-0.8090169943749473,2025-01,15,47.02246899927294,2025-01-14,0.0429122641492154,False,False,49.04030960991803,48.64857473535054,0.0080200931140013,0.1906163733823566,-0.0089809794926165,48.45468706611335,197.90808615489752,2024-12,technical_valuation_calendar,8b0702da5fced1077837418bcf8fc45dd7defeb913c42dd902bc57b28a7bcc9a,True,technical_valuation_calendar
2025-02-26,192.9,194.7,191.9,194.7,19951637,3853695188,1.05,37866,0.0,1.0,1.005422153369481,1069.5061613163844,47.66923754893182,0.2448342966046832,47.228535815043394,47.66923754893182,46.98370151843871,48.225,48.675,47.975,48.675,194.32,194.7,467814813289.0,2407500000.0,1900,92,-9973005.0,-12368881.0,1100000.0,1295876.0,194.7,0.0,True,0.0190035952747817,2025-02-27,YUANTA_ETF_NAV_HISTORY,-0.0129969418960242,-0.0202377940804451,-0.0134997452878246,0.0367760796816631,-0.0158685791967879,-0.0028290118307293,41.77545691906026,-1.591400481636842,-0.039561885089418,0.2036939313592027,1.1628774824497652,0.0031599668462496,0.0191066356829331,0.2583333333333333,-0.4025974025974026,-0.8446366421211206,1.0,0.0255754475703324,18,0.9285714285714286,0.5877852522924732,-0.8090169943749473,2025-02,19,47.081635237080576,2025-02-03,0.0031201248049923,False,True,47.228535815043394,47.41216153749691,-0.0038804860490778,0.5535508695269868,-0.0026979453362832,47.520840609306696,194.0938882677669,2025-01,technical_valuation_calendar,8b0702da5fced1077837418bcf8fc45dd7defeb913c42dd902bc57b28a7bcc9a,False,technical_valuation_calendar
2025-03-03,188.8,189.0,186.8,188.05,65048097,12215218709,-4.45,167213,0.0,1.0,0.9768831168831168,1032.9770602750186,46.04108947651069,0.2448342966046832,46.224715198964205,46.27368205828514,45.73504660575484,47.2,47.25,46.7,47.0125,187.92,188.05,464631988289.0,2472500000.0,2386,58,-50602984.0,-35470879.0,1000000.0,-16132105.0,188.05,0.0,True,0.0196756181866524,2025-03-04,YUANTA_ETF_NAV_HISTORY,-0.0112994350282484,-0.0206054439074028,-0.0312028183190737,0.014545012017886,-0.0192706940251932,-0.0093483709778184,35.35108958837759,-1.796143368517685,-0.045265493827591,0.204043274427029,0.3580769386717485,0.0088041085840058,0.0192207792207792,0.3526244952893673,0.1052631578947369,-0.7372869314850105,1.0,0.0265822784810125,1,0.0967741935483871,0.0,1.0,2025-03,21,42.503233890573,2025-03-31,0.0875576036866363,False,False,42.503233890573,47.130602096401525,-0.1033423515015893,0.8586963459803624,-0.0154521275263426,46.6399714573781,190.4960706247965,2025-02,technical_valuation_calendar,8b0702da5fced1077837418bcf8fc45dd7defeb913c42dd902bc57b28a7bcc9a,False,technical_valuation_calendar
2025-04-07,158.4,158.4,158.4,158.4,29578872,4685331802,-17.6,110835,0.0,1.0,0.9,870.1067075116347,38.78175258218182,0.2448342966046831,38.78175258218182,38.78175258218182,38.78175258218182,39.6,39.6,39.6,39.6,158.99,158.4,440556517729.0,2771000000.0,2779,439,-8251862.0,-4941377.0,0.0,-3310485.0,158.4,0.0,True,0.0233585858585858,2025-04-08,YUANTA_ETF_NAV_HISTORY,-0.001701644923426,-0.0460704607046068,-0.0700132100396302,-0.1000212634880218,-0.0319165027983663,-0.0778990969287489,41.02112676056336,-1.621872208967197,-0.1270998800709404,0.206887158494879,-0.5102732768289135,-0.001418439716312,0.0210227272727272,0.1207096027767065,3.261904761904762,-0.3554771926525233,1.0,0.0192663949610967,3,0.2333333333333333,0.0,1.0,2025-04,20,37.01894564662809,2025-04-08,0.0476190476190478,False,False,37.01894564662809,43.09083620242424,-0.1518805312927193,0.7968478192137844,-0.0192624821173588,42.48008665293123,173.50545753612644,2025-03,technical_valuation_calendar,8b0702da5fced1077837418bcf8fc45dd7defeb913c42dd902bc57b28a7bcc9a,False,technical_valuation_calendar
2025-05-29,181.5,181.7,179.3,179.75,9749184,1754874194,0.4,16687,0.0,1.0,1.0022302759966546,987.384347697072,44.00896481469177,0.244834296604683,44.437424833749965,44.4863916930709,43.89878938121967,45.375,45.425,44.825,44.9375,178.48,179.75,539529995199.0,3023000000.0,2694,318,-2596478.0,-4715510.0,300000.0,1819032.0,179.75,0.0,True,0.0205841446453407,2025-06-02,YUANTA_ETF_NAV_HISTORY,0.00167550963418,-0.0231481481481483,0.0688319427890342,-0.0683116883116891,0.0095551709095,0.0259074767023377,65.51724137931024,0.3627553422828232,-0.0523117569352716,0.1790581678371738,-0.8330747319734896,0.0033005146565228,0.0206300529690549,0.1697866782760122,-0.2094594594594594,-0.2965543651578772,1.0,0.0253358272402652,20,0.935483870967742,-0.587785252292473,-0.8090169943749475,2025-05,20,41.60958870796589,2025-05-06,0.0679611650485432,False,False,44.437424833749965,43.9110310960499,0.0119164497266136,0.229569785553033,-0.0026496560440825,44.01381015350744,179.76979027808957,2025-04,technical_valuation_calendar,8b0702da5fced1077837418bcf8fc45dd7defeb913c42dd902bc57b28a7bcc9a,True,technical_valuation_calendar
2025-06-30,48.37,48.42,48.24,48.36,60476067,2923441387,0.07,33764,0.0,1.0,1.001449575481466,1062.584857961177,47.36074633520987,0.9793371864187318,47.37053970707405,47.41950656639499,47.24322587283962,48.37,48.42,48.24,48.36,47.84,48.36,637936377631.0,13334000000.0,9494,1343,212354.0,9211656.0,372000.0,-9371302.0,48.36,0.0,True,0.0191273779983457,2025-07-01,YUANTA_ETF_NAV_HISTORY,0.0010364842454393,0.0267914097384647,0.0636563876651978,0.0569630642954848,0.0463393560863567,0.1021224434679155,84.93927125506072,1.5785823548635498,0.0,0.1802197837673354,0.3244809894111888,-0.0053553038105046,0.0191551045765168,-0.0995973926380368,0.8232758620689655,-0.1045855702283408,1.0,0.0024809232041498,16,1.0,0.0,1.0,2025-06,16,43.45808764733123,2025-06-03,0.090028169014084,False,False,47.37053970707405,47.29219273216056,0.0016552869494412,0.1030848408177631,-0.0023328523758596,47.41790559283934,48.418365247865744,2025-05,technical_valuation_calendar,8b0702da5fced1077837418bcf8fc45dd7defeb913c42dd902bc57b28a7bcc9a,True,technical_valuation_calendar
2025-07-31,51.1,51.6,51.1,51.55,83010418,4262147126,0.55,34626,0.0,1.0,1.0107843137254902,1140.687860721279,50.84189560439562,0.9862637362637368,50.39807692307695,50.89120879120882,50.39807692307695,51.1,51.6,51.1,51.55,51.5,51.55,669240825312.0,12994500000.0,7657,578,33622955.0,21117905.0,0.0,12505050.0,51.55,0.0,True,0.0200775945683802,2025-08-01,YUANTA_ETF_NAV_HISTORY,0.0109018830525271,0.0059171597633138,0.055718546128576,0.2290926059026068,0.0228309030180233,0.0915422203634694,69.40786001618457,1.090804895600806,-0.0017355244090337,0.1303686657810333,0.5983165778692471,-0.0031274433150898,0.0202941176470588,0.0181505034446209,0.6956521739130435,0.297566531834678,1.0,-0.0018796992481202,23,1.0,-0.587785252292473,-0.8090169943749475,2025-07,23,47.35095296334568,2025-07-09,0.064351903584497,False,False,50.39807692307695,50.299450549450576,0.0019588644853329,0.0875156879017959,-0.000493089744588,50.52602779266284,51.2297329151233,2025-06,technical_valuation_calendar,8b0702da5fced1077837418bcf8fc45dd7defeb913c42dd902bc57b28a7bcc9a,True,technical_valuation_calendar
2025-08-04,50.65,50.8,50.4,50.8,88936360,4503157892,-0.3,68549,0.0,1.0,0.99412915851272,1124.092014057051,50.10219780219781,0.9862637362637364,49.954258241758254,50.10219780219781,49.70769230769232,50.65,50.8,50.4,50.8,50.88,50.8,661368721415.0,12999500000.0,7739,372,6494592.0,21187676.0,1300000.0,-15993084.0,50.8,0.0,True,0.0203740157480315,2025-08-05,YUANTA_ETF_NAV_HISTORY,-0.0087293889427737,0.0039292730844793,0.0532422132278025,0.2209113769468658,0.0195614064246336,0.0862657844779839,69.26220921767978,0.9297440342641649,-0.0087293889427737,0.1268764643283673,1.3725673032241716,0.0011755485893416,0.0202544031311154,-0.0350703877500617,0.3611111111111111,-0.5977227850070448,1.0,-0.0029540397452619,2,0.1290322580645161,0.0,1.0,2025-08,21,49.954258241758254,2025-08-04,0.0,True,True,49.954258241758254,50.39807692307693,-0.0088452665149662,0.5207823834041091,-0.0128282126377007,50.00446727487303,50.70090832326958,2025-07,technical_valuation_calendar,8b0702da5fced1077837418bcf8fc45dd7defeb913c42dd902bc57b28a7bcc9a,False,technical_valuation_calendar
2025-09-30,57.55,57.9,57.55,57.8,64586624,3728927072,0.55,47696,0.0,1.0,1.0096069868995632,1278.9865829231794,57.00604395604394,0.986263736263736,56.759478021978005,57.10467032967031,56.759478021978005,57.55,57.9,57.55,57.8,57.31,57.8,727277670798.0,12691000000.0,6461,1421,-10173704.0,-10706507.0,0.0,532803.0,57.8,0.0,True,0.0179065743944636,2025-10-01,YUANTA_ETF_NAV_HISTORY,-0.0163230240549827,0.0043859649122808,0.0904761904761903,0.1800022839000326,0.0338600451467268,0.087423875724637,77.46478873239431,0.8395650970244051,-0.0205303678357571,0.1431445588122699,3.501201054066947,0.0054443273621356,0.0180786026200873,0.2032245969253843,0.0619012527634488,-0.5911493308508484,1.0,-0.0006318366702207,21,1.0,0.9510565162951536,0.3090169943749474,2025-09,21,51.18708791208792,2025-09-03,0.1088631984585737,False,False,56.759478021978005,56.46359890109889,0.0052264927335425,0.222306875979885,-0.0009829870543181,56.690163800685205,57.47972039958056,2025-08,technical_valuation_calendar,8b0702da5fced1077837418bcf8fc45dd7defeb913c42dd902bc57b28a7bcc9a,True,technical_valuation_calendar
2025-10-31,64.6,64.8,64.4,64.75,55956524,3616991558,0.35,44302,0.0,1.0,1.0054347826086956,1432.7747620116936,63.86057692307692,0.9862637362637362,63.71263736263735,63.9098901098901,63.51538461538462,64.6,64.8,64.4,64.75,64.06,64.75,883515058234.0,13791500000.0,7995,1834,-16027851.0,-6054165.0,-152000.0,-9821686.0,64.75,0.0,True,0.0159845559845559,2025-11-03,YUANTA_ETF_NAV_HISTORY,0.0,0.0271132376395537,0.1248908296943231,0.2602739726027392,0.0425351086648591,0.1391845278457502,67.01570680628289,1.4248846783290123,0.0,0.1994451503251877,-0.456701878010745,0.0024906600249068,0.0160714285714285,-0.0082097782134542,0.0737217598097503,-0.4271163772069861,1.0,0.0221816963787264,20,1.0,-0.9510565162951536,0.3090169943749472,2025-10,20,57.10467032967031,2025-10-01,0.1157167530224525,False,False,63.71263736263735,63.51538461538462,0.0031007776782479,0.0848776613922851,-0.0008853261642107,63.77647355630638,64.6647252771463,2025-09,technical_valuation_calendar,8b0702da5fced1077837418bcf8fc45dd7defeb913c42dd902bc57b28a7bcc9a,True,technical_valuation_calendar
2025-11-28,61.95,62.4,61.85,62.35,68386478,4252497861,0.45,37281,0.0,1.0,1.007269789983845,1379.6680526861635,61.49354395604396,0.9862637362637364,61.09903846153847,61.54285714285714,61.00041208791209,61.95,62.4,61.85,62.35,61.87,62.35,942345149601.0,15230500000.0,10797,1711,11252890.0,-15209273.0,0.0,26462163.0,62.35,0.0,True,0.0165998396150761,2025-12-01,YUANTA_ETF_NAV_HISTORY,0.0089649551752242,0.0,-0.0388198757763975,0.1790476190476189,-0.004182754182754,0.0356510463867938,47.2103004291846,-0.1757559331954133,-0.0440154440154438,0.2297761366993248,-0.931217856888577,0.0016181229773462,0.0167205169628433,0.1233480176211454,0.1252446183953033,0.1886603431401813,1.0,0.0279083928148573,20,0.9333333333333332,-0.9510565162951536,0.3090169943749472,2025-11,20,59.27445054945056,2025-11-21,0.0307820299500831,False,False,61.09903846153847,61.04972527472528,0.000807428384601,0.1629567862487706,-0.0023145234932882,61.21313058573904,62.06568115100002,2025-10,technical_valuation_calendar,8b0702da5fced1077837418bcf8fc45dd7defeb913c42dd902bc57b28a7bcc9a,True,technical_valuation_calendar
2025-12-31,65.1,65.85,64.9,65.6,71868485,4709518474,0.45,52512,0.0,1.0,1.0069071373752876,1451.5833882311522,64.69890109890109,0.9862637362637362,64.20576923076922,64.94546703296702,64.00851648351649,65.1,65.85,64.9,65.6,65.88,65.6,1018446404233.0,15460000000.0,8464,1738,18361490.0,21916908.0,0.0,-3555418.0,65.6,0.0,True,0.0157774390243902,2026-01-02,YUANTA_ETF_NAV_HISTORY,-0.0015325670498084,0.0276025236593062,0.0593495934959349,0.1213425129087784,0.0306913463059643,0.0421776687639972,62.39999999999981,1.9130252219485475,-0.0015325670498084,0.1236092104817221,-0.6008637903850615,0.00184530216823,0.0158864159631619,-0.142362912990832,0.2494654312188169,-0.0488918957105792,1.0,-0.0049536798764796,22,1.0,0.5877852522924732,-0.8090169943749473,2025-12,22,60.9510989010989,2025-12-02,0.0533980582524269,False,False,64.20576923076922,64.25508241758243,-0.0007677543563309,0.1086699858324121,-0.0004578228460722,64.54680006436617,65.44578056665539,2025-11,technical_valuation_calendar,8b0702da5fced1077837418bcf8fc45dd7defeb913c42dd902bc57b28a7bcc9a,True,technical_valuation_calendar
2026-01-30,73.15,73.2,72.3,72.6,175275799,12738811404,-1.15,241546,0.0,1.0,0.9844067796610168,1628.85230190365,72.6,1.0,73.15,73.2,72.3,73.15,73.2,72.3,72.6,72.27,72.6,1151978068228.0,15939500000.0,7371,354,-77383768.0,-63741015.0,1640000.0,-15282753.0,72.6,0.0,True,0.018732782369146,2026-02-02,YUANTA_ETF_NAV_HISTORY,-0.0060646900269543,0.027158774373259,0.1398957130239828,0.169306626651654,0.0447089306463293,0.1400287948044074,82.67479449524325,1.6166447684607963,-0.0060646900269543,0.1771444533293484,0.2956501076954587,0.0025829255029907,0.0184406779661016,-0.0839278765079777,2.207792207792208,-0.3916836641302856,1.0,0.0102274171007494,21,0.967741935483871,-0.9510565162951536,0.3090169943749472,2026-01,21,65.0934065934066,2026-01-02,0.123769730733519,False,False,73.15,73.75000000000001,-0.0081688677537959,0.0883596760247472,-0.0017763702165448,73.98720453132968,73.98720453132968,2025-12,technical_valuation_calendar,8b0702da5fced1077837418bcf8fc45dd7defeb913c42dd902bc57b28a7bcc9a,True,technical_valuation_calendar
2026-02-02,71.55,71.75,70.9,71.5,234325396,16687566456,-1.1,332048,0.0,1.0,0.984848484848485,1604.1727215717767,71.5,1.0,71.55,71.75,70.9,71.55,71.75,70.9,71.5,71.54,71.5,1142777565230.0,15973000000.0,7914,393,-91789732.0,-79109036.0,-1995000.0,-10685696.0,71.5,0.0,True,0.019020979020979,2026-02-03,YUANTA_ETF_NAV_HISTORY,-0.0155932203389832,0.004844290657439,0.0994942802282496,0.1656554562356507,0.0236553541795463,0.1192769014240004,69.87117470339616,0.9914257227986106,-0.0215633423180595,0.1852745916507427,1.5764567861120544,0.004566210045662,0.018732782369146,-0.0005423728813559,1.744186046511628,-0.4414971629939624,1.0,0.0098837393480533,1,0.0714285714285714,0.0,1.0,2026-02,12,71.40000000000002,2026-02-06,0.0021008403361342,False,True,71.40000000000002,72.6,-0.0166670524852113,0.5842152898943743,-0.0142505160967022,71.93061308831638,71.93061308831638,2026-01,technical_valuation_calendar,8b0702da5fced1077837418bcf8fc45dd7defeb913c42dd902bc57b28a7bcc9a,False,technical_valuation_calendar
2026-03-09,73.15,73.6,71.65,73.6,542230074,39488306757,-3.25,658991,0.0,1.0,0.9577098243331164,1651.2882840235343,73.59999999999997,0.9999999999999996,73.14999999999998,73.59999999999997,71.64999999999998,73.15,73.6,71.65,73.6,73.32,73.6,1287413944029.0,17558500000.0,14387,531,-345683513.0,-200178300.0,4948000.0,-150453213.0,73.6,0.0,True,0.0184782608695652,2026-03-10,YUANTA_ETF_NAV_HISTORY,-0.007105943152455,-0.0529882932840422,0.0520191649555095,0.2497246874392691,0.0135513864618019,0.1103979649809339,60.881542699724406,0.3312127029095779,-0.0529882932840422,0.2922855161951576,-0.1901626660157376,0.0019556714471966,0.0176968119713728,0.3705583756345176,-0.1552878179384204,-0.5253542660449488,1.0,0.0462239781188269,6,0.2903225806451613,0.0,1.0,2026-03,22,73.14999999999998,2026-03-09,0.0,True,True,73.14999999999998,76.84999999999998,-0.0493433425184716,0.519651002675528,-0.0185986589283281,75.8110721504384,75.81107215043843,2026-02,technical_valuation_calendar,8b0702da5fced1077837418bcf8fc45dd7defeb913c42dd902bc57b28a7bcc9a,False,technical_valuation_calendar
2026-04-30,91.25,91.9,90.3,90.5,89209769,8111730781,-0.25,125264,0.0,1.0,0.9972451790633609,2030.4563818495903,90.49999999999996,0.9999999999999996,91.24999999999996,91.89999999999996,90.29999999999995,91.25,91.9,90.3,90.5,89.58,90.5,1656794776113.0,18495000000.0,9569,1498,-33440050.0,-26169005.0,0.0,-7271045.0,90.5,0.0,True,0.0150276243093922,2026-05-04,YUANTA_ETF_NAV_HISTORY,-0.0135869565217391,0.0509554140127386,0.2280108254397823,0.2806392147056593,0.0919920582395761,0.1637226300772603,82.04419889502745,1.3098076324588437,-0.0241935483870968,0.3315377116221336,-0.446468850863318,-0.0003304692663582,0.0149862258953168,0.141885766092475,0.0740740740740741,-0.3788209858362879,1.0,-0.0001627427579472,20,1.0,-0.587785252292473,-0.8090169943749475,2026-04,20,75.00000000000001,2026-04-01,0.2166666666666659,False,False,91.24999999999996,90.74999999999996,0.0054945193176407,0.0545706007942163,-0.0035550805353125,90.8800889849997,90.88008898499974,2026-03,technical_valuation_calendar,8b0702da5fced1077837418bcf8fc45dd7defeb913c42dd902bc57b28a7bcc9a,True,technical_valuation_calendar
2026-05-29,103.2,105.4,102.7,105.4,102355526,10636250508,4.9,80065,0.0,1.0,1.0487562189054729,2364.7525154358773,105.4,1.0,103.2,105.4,102.7,103.2,105.4,102.7,105.4,103.54,105.4,1976911160800.0,19092500000.0,9287,1539,27730717.0,15009792.0,5310000.0,7410925.0,105.4,0.0,True,0.0129032258064516,2026-06-01,YUANTA_ETF_NAV_HISTORY,-0.0199902486591907,0.048513302034429,0.1074380165289257,0.2507778469197259,0.042287847753377,0.1799929552659385,59.16230366492138,1.427050405120262,-0.0199902486591907,0.2905686633618122,1.8399548714678935,-0.0060330333300365,0.0135323383084577,-0.087071519255184,0.1391509433962263,-0.3989021794002244,1.0,0.0123125912166643,20,0.935483870967742,-0.9510565162951536,0.3090169943749472,2026-05,20,92.49999999999996,2026-05-04,0.1156756756756762,False,False,103.2,100.49999999999996,0.0265111255483322,0.1116389784537423,-0.0017715856092429,100.82372382990512,100.82372382990512,2026-04,technical_valuation_calendar,8b0702da5fced1077837418bcf8fc45dd7defeb913c42dd902bc57b28a7bcc9a,True,technical_valuation_calendar
2026-06-30,106.85,108.25,106.75,107.8,107704452,11603335756,3.35,86511,0.0,1.0,1.032072762087123,2418.598872523602,107.8,1.0000000000000002,106.85000000000002,108.25000000000004,106.75000000000004,106.85,108.25,106.75,107.8,106.74,107.8,2210113839173.0,20706500000.0,12748,1063,32497174.0,20819319.0,5350000.0,6327855.0,107.8,0.0,True,0.0126159554730983,2026-07-01,YUANTA_ETF_NAV_HISTORY,0.013094083414161,-0.0602789023841654,-0.0090132827324476,0.4436765722183826,-0.0067280032332449,0.0943379752913959,56.48148148148155,-0.242423654550613,-0.0602789023841654,0.3339542749395143,-0.6296722407579879,0.0040372969335769,0.0130205840114887,0.0991285403050108,0.0498366013071895,-0.1659402811449158,1.0,0.013016882799119,21,1.0,0.9510565162951536,0.3090169943749474,2026-06,21,98.04999999999995,2026-06-08,0.0897501274859773,False,False,106.85000000000002,104.45,0.0227174937625819,0.1889495565659793,-0.0006846741004818,104.90040281791477,104.90040281791474,2026-05,technical_valuation_calendar,8b0702da5fced1077837418bcf8fc45dd7defeb913c42dd902bc57b28a7bcc9a,True,technical_valuation_calendar
2008-07-31,53.15,53.3,51.7,52.4,18531086,974407709,-0.15,3187,0.0,1.0,0.9971455756422456,163.88950846785582,7.304761948557657,0.1394038539801079,7.409314839042738,7.430225417139754,7.207179250771582,13.2875,13.325,12.925,13.1,52.38,52.4,58713315143.0,1121000000.0,32110,2981,0.0,0.0,0.0,0.0,52.4,0.0,False,0.0477099236641221,2008-08-01,YUANTA_ETF_NAV_HISTORY,0.0115495668912415,-0.006616257088847,-0.0428051001821494,-0.166534496431404,-0.0001902587519027,-0.0958102721459093,53.16091954022985,-0.0070930013659516,-0.1995430312261996,0.4236919578977922,-0.6620706266198735,0.000380734818199,0.0475737392959086,-0.0950354609929078,0.0864393338620141,0.0,0.0,0.0409492787342951,22,1.0,-0.587785252292473,-0.8090169943749475,2008-07,22,6.99807346980142,2008-07-16,0.0587649402390437,False,False,7.409314839042738,7.325672526654673,0.0113530074649967,0.2735713940346068,0.0003327049031964,7.364750770413751,52.83032398418954,2008-06,all,0c8176dbe460617de3ee512bbcfae6ce17e4220c9cc72d6079e6a13f5aa65f8c,True,all
2008-08-19,51.85,53.15,51.85,52.9,13420230,705158902,-0.45,3141,0.0,1.0,0.9915651358950328,165.45333965552612,7.3744638755477085,0.1394038539801079,7.228089828868595,7.409314839042735,7.228089828868595,12.9625,13.2875,12.9625,13.225,52.87,52.9,60696077915.0,1148000000.0,30965,3884,0.0,0.0,0.0,0.0,52.9,0.0,False,0.0472589792060491,2008-08-20,YUANTA_ETF_NAV_HISTORY,-0.0193014705882352,-0.0404676258992806,0.0460784313725486,-0.1457165732586071,-0.0062401043121916,-0.046782406718085,57.21649484536074,-0.262834038098646,-0.1491228070175438,0.3456509582638502,-0.7620070273646327,0.0035741158765989,0.0468603561387066,-0.0114305728022415,-0.0570814425603056,0.0,0.0,-0.0047680970957953,13,0.6129032258064516,0.9510565162951536,0.3090169943749474,2008-08,21,7.207179250771582,2008-08-01,0.0029013539651832,False,True,7.228089828868595,7.437195609838757,-0.028519043072226,0.6394967989615792,-0.0175331280360018,7.344474465507242,52.68487388128634,2008-07,all,0c8176dbe460617de3ee512bbcfae6ce17e4220c9cc72d6079e6a13f5aa65f8c,False,all
2008-09-15,47.7,48.05,46.4,46.55,25834765,1218699985,-2.32,7176,0.0,1.0,0.9525271127481072,145.59268357211235,6.489249402774025,0.1394038539801079,6.649563834851151,6.698355183744187,6.4683388246770095,11.925,12.0125,11.6,11.6375,46.81,46.55,52874608642.0,1129500000.0,43665,4097,0.0,0.0,0.0,0.0,46.55,0.0,False,0.0537056928034371,2008-09-16,YUANTA_ETF_NAV_HISTORY,0.0103369857349595,0.0059695347879786,-0.1016544117647055,-0.1639007698887939,-0.0525581124832785,-0.0780173064345727,33.56024506466984,-1.3866492499308416,-0.1500869565217389,0.3787571048138708,0.3537221567382106,0.0039030402629416,0.0511561285041948,0.0967904242360044,-0.020447637468914,0.0,0.0,0.0363218390804598,11,0.5,0.0,1.0,2008-09,21,6.041763031497879,2008-09-30,0.1005999077065069,False,False,6.041763031497879,6.8126663440078765,-0.1200877151738504,0.6044140047014591,-0.0242593661540317,6.682630867929136,47.93720314850626,2008-08,all,0c8176dbe460617de3ee512bbcfae6ce17e4220c9cc72d6079e6a13f5aa65f8c,False,all
2008-10-08,41.73,42.04,39.95,40.19,29389894,1206151267,-2.76,6954,0.0,1.0,0.9357392316647264,125.70075086494512,5.602640891460538,0.1394038539801079,5.817322826589905,5.860538021323738,5.569183966505314,10.4325,10.51,9.9875,10.0475,40.32,40.19,43400338792.0,1076500000.0,41023,3837,0.0,0.0,0.0,0.0,40.19,0.0,False,0.062204528489674,2008-10-09,YUANTA_ETF_NAV_HISTORY,0.005854800936768,-0.0369955156950672,-0.1732435033686237,-0.1880907372400756,-0.0778017542164535,-0.1527179112869021,43.27868852459019,-1.7001467229899232,-0.2295964125560535,0.4644619230491347,-0.8046903379647496,0.0023337222870478,0.0582072176949941,0.0832368073700939,-0.202020202020202,0.0,0.0,-0.0512593901900132,6,0.2580645161290322,0.5877852522924732,-0.8090169943749473,2008-10,22,4.440749856843141,2008-10-28,0.3099866045428077,False,False,4.440749856843141,5.987395528445638,-0.2988332654477408,0.7170604498985527,-0.0323961349245733,5.825517990436582,41.788787211491645,2008-09,all,0c8176dbe460617de3ee512bbcfae6ce17e4220c9cc72d6079e6a13f5aa65f8c,False,all
2008-11-07,32.6,34.67,32.56,34.39,21622371,725498202,0.16,5179,0.0,1.0,1.004674262342974,114.212152568981,5.090579585894522,0.1480249952281047,4.825614844436215,5.132026584558392,4.819693844627091,8.15,8.6675,8.14,8.5975,34.26,34.39,37752971641.0,1102000000.0,38428,1870,0.0,0.0,0.0,0.0,34.39,0.0,False,0.0581564408258214,2008-11-10,YUANTA_ETF_NAV_HISTORY,-0.069836956521739,-0.0060975609756096,-0.0956237094579967,-0.3456906729634001,-0.0313312084711752,-0.1989609296285288,44.97502025460059,-0.4864016104536723,-0.3480379709976122,0.6650839112041034,-0.3202839640817541,0.003518029903254,0.058428279287175,-0.023125363814362,0.0052600818234951,0.0,0.0,0.0115633672525439,5,0.2333333333333333,-0.9510565162951536,0.3090169943749472,2008-11,20,4.307527361137847,2008-11-21,0.1202749140893473,False,False,4.307527361137847,5.066895586658024,-0.162364278364647,0.6648183985159073,-0.0489270235607795,4.84907923121132,32.75851638258085,2008-10,all,0c8176dbe460617de3ee512bbcfae6ce17e4220c9cc72d6079e6a13f5aa65f8c,False,all
2008-12-31,33.3,33.33,32.7,32.87,11538329,381048172,-0.29,3362,0.0,1.0,0.991254523522316,109.16410162670552,4.865581593147799,0.1480249952281046,4.929232341095884,4.933673090952728,4.840417343959022,8.325,8.3325,8.175,8.2175,33.1,32.87,39302824998.0,1187500000.0,33974,8494,0.0,0.0,0.0,0.0,32.87,0.0,False,0.0608457560085184,2009-01-05,YUANTA_ETF_NAV_HISTORY,0.042767295597484,0.0444094488188973,0.0836601307189537,-0.1753931804784938,0.0228254164096235,-0.0083143636168186,43.21475625823444,0.6039417939342114,-0.1801929873441603,0.4665582709745339,-0.2716405941151253,0.0006035003017499,0.060313630880579,-0.0318901370413997,0.0229992959399201,0.0,0.0,0.0042301184433164,23,1.0,0.5877852522924732,-0.8090169943749473,2008-12,23,4.45259185646139,2008-12-05,0.1070478723404249,False,False,4.929232341095884,4.90850884176395,0.0042130667193035,0.1246005205895688,-0.0013849369503078,4.9262241495678,33.279677813713505,2008-11,all,0c8176dbe460617de3ee512bbcfae6ce17e4220c9cc72d6079e6a13f5aa65f8c,True,all
2009-01-20,30.63,30.89,30.53,30.7,27865305,854151168,-0.83,5266,0.0,1.0,0.9736758642562638,101.95734468937816,4.544367353502812,0.1480249952281046,4.534005603836845,4.5724921025961525,4.519203104314035,7.6575,7.7225,7.6325,7.675,30.43,30.7,37518985235.0,1233000000.0,28786,13163,0.0,0.0,0.0,0.0,30.7,0.0,False,0.0651465798045602,2009-01-21,YUANTA_ETF_NAV_HISTORY,0.0041401273885348,-0.0345988977342313,-0.0343032159264935,0.04750830564784,-0.0255887261264602,-0.0327874719442927,39.34640522875818,-0.8466558633636061,-0.1432065217391307,0.3784083852299648,-0.9042176545323564,0.0047801147227533,0.0634316523945448,-0.0353138246957472,0.089069541397897,0.0,0.0,0.0095238095238094,14,0.6451612903225806,0.9510565162951536,0.3090169943749474,2009-01,15,4.499959854934381,2009-01-21,0.0075657894736842,False,False,4.499959854934381,4.66722809954214,-0.0364968651447935,0.5302307104268492,-0.0176348012668322,4.608572153767244,31.13374296459523,2008-12,all,0c8176dbe460617de3ee512bbcfae6ce17e4220c9cc72d6079e6a13f5aa65f8c,False,all
2009-02-27,32.8,33.05,32.65,33.05,11184488,367402187,0.25,2071,0.0,1.0,1.007621951219512,109.7618971330276,4.892226092288857,0.1480249952281046,4.855219843481831,4.892226092288857,4.833016094197616,8.2,8.2625,8.1625,8.2625,32.92,33.05,41559034357.0,1262500000.0,21398,15605,0.0,0.0,0.0,0.0,33.05,0.0,False,0.0605143721633888,2009-03-02,YUANTA_ETF_NAV_HISTORY,0.0018326206475256,-0.0036452004860269,0.0684039087947876,0.0718954248366001,0.0161877468825031,0.015165583410708,54.77707006369413,0.706772736438364,-0.0528443546058337,0.2475863476996665,1.0213519912167348,0.00336494340777,0.0609756097560975,-0.0161657559198542,-0.0112547152309689,0.0,0.0,0.0392237819983485,20,0.9642857142857144,-0.9510565162951536,0.3090169943749472,2009-02,20,4.496999355029819,2009-02-02,0.0796576695194204,False,False,4.855219843481831,4.855219843481831,0.0,0.2299930097418727,-0.0009570229152669,4.874828387102205,32.93246778755275,2009-01,all,0c8176dbe460617de3ee512bbcfae6ce17e4220c9cc72d6079e6a13f5aa65f8c,True,all
2009-03-31,36.78,37.24,36.61,36.64,16999866,626537864,0.35,2757,0.0,1.0,1.0096445301736017,121.68459639800706,5.423635825157755,0.1480249952281046,5.44435932448969,5.5124508222946185,5.419195075300912,9.195,9.31,9.1525,9.16,36.79,36.64,51224295165.0,1392500000.0,13200,8030,0.0,0.0,0.0,0.0,36.64,0.0,False,0.0545851528384279,2009-04-01,YUANTA_ETF_NAV_HISTORY,-0.0391845379931163,-0.0076565490839484,0.136548700281867,0.1401193842287149,0.0294451378645186,0.0897625184554944,66.8667466986796,0.5844891092415743,-0.04750656167979,0.2726602588290713,0.8467258590547546,-0.0127856365614797,0.0551116009920088,-0.0311602828933548,-0.3565254237288136,0.0,0.0,-0.0309565217391304,22,1.0,0.9510565162951536,0.3090169943749474,2009-03,22,4.664267599637577,2009-03-04,0.1672484925420505,False,False,5.44435932448969,5.371827076827919,0.0134119979511959,0.344804520026171,-0.0030776767198378,5.382096343560355,36.35937522083087,2009-02,all,0c8176dbe460617de3ee512bbcfae6ce17e4220c9cc72d6079e6a13f5aa65f8c,True,all
2009-04-30,42.15,42.15,42.15,42.15,37282829,1571471228,2.75,2829,0.0,1.0,1.0697969543147208,139.9837810637554,6.239253548864613,0.1480249952281047,6.239253548864613,6.239253548864613,6.239253548864613,10.5375,10.5375,10.5375,10.5375,42.04,42.15,52399791929.0,1246500000.0,10318,7595,0.0,0.0,0.0,0.0,42.15,0.0,False,0.0474495848161328,2009-05-04,YUANTA_ETF_NAV_HISTORY,0.0089628681177977,-0.0307503075030748,0.0565835344596408,0.2432944146418429,-0.0079190220196653,0.0948245918721781,50.882352941176485,-0.3545578973631367,-0.0436893203883496,0.2893302854868288,-1.0922308022596194,0.000253871541,0.0507614213197969,0.0701382581491574,-0.054828352679674,0.0,0.0,0.0004016064257028,22,1.0,-0.587785252292473,-0.8090169943749475,2009-04,22,5.490247073010404,2009-04-01,0.1364249123753032,False,False,6.239253548864613,5.832184811987325,0.0674688681439762,0.2768381029050878,-0.0033107526453578,5.841972358073571,39.46612090121106,2009-03,all,0c8176dbe460617de3ee512bbcfae6ce17e4220c9cc72d6079e6a13f5aa65f8c,True,all
2009-05-27,46.1,48.14,46.1,48.0,29646748,1393469812,2.4,4505,0.0,1.0,1.0526315789473684,159.41213501922326,7.105199770949026,0.1480249952281047,6.823952280015628,7.125923270280961,6.823952280015628,11.525,12.035,11.525,12.0,47.45,48.0,56891960729.0,1199000000.0,10239,7585,0.0,0.0,0.0,0.0,48.0,0.0,False,0.0416666666666666,2009-06-01,YUANTA_ETF_NAV_HISTORY,-0.0028427727968508,-0.0108459869848156,0.1538461538461539,0.4281240212965873,0.0190285707900823,0.1448752604842291,44.26934097421209,0.4047022720423877,-0.0172413793103447,0.4021747790678534,-0.7599445549128242,-0.0039318479685451,0.043859649122807,-0.1540604423434071,0.0259215839520645,0.0,0.0,-0.0294236195082627,18,0.8709677419354839,0.5877852522924732,-0.8090169943749473,2009-05,18,6.498297290513797,2009-05-15,0.050113895216401,False,False,6.823952280015628,6.749939782401576,0.0109052334822623,0.2992946624480114,-0.0114835621638306,6.706234144225915,45.30474149917513,2009-04,all,0c8176dbe460617de3ee512bbcfae6ce17e4220c9cc72d6079e6a13f5aa65f8c,True,all
2009-06-30,44.88,44.89,44.08,44.46,7966972,354968737,0.18,1543,0.0,1.0,1.0040650406504066,147.65549006155564,6.58119128784154,0.1480249952281048,6.643361785837344,6.644842035789625,6.52494178965486,11.22,11.2225,11.02,11.115,44.5,44.46,52372686464.0,1177000000.0,10525,7573,0.0,0.0,0.0,0.0,44.46,0.0,False,0.0449842555105713,2009-07-01,YUANTA_ETF_NAV_HISTORY,-0.0071748878923765,0.0086560364464696,-0.074608150470219,0.1477449455676527,-0.0074864392343204,0.0186804085764247,48.88010540184462,-0.2295018309103764,-0.0774999999999993,0.2584271237023341,-0.9118403957402632,0.0056779468544174,0.04516711833785,-0.1152548093148835,-0.0114518889035145,0.0,0.0,0.0129533678756477,23,1.0,0.9510565162951536,0.3090169943749474,2009-06,23,6.328068546001478,2009-06-19,0.0498245614035093,False,False,6.643361785837344,6.55454678870048,0.0134591533740049,0.3468824269657892,-0.0004731790780992,6.584203278194093,44.4803478496852,2009-05,all,0c8176dbe460617de3ee512bbcfae6ce17e4220c9cc72d6079e6a13f5aa65f8c,True,all
2009-07-31,49.11,49.58,48.95,49.02,13207439,652064633,0.17,1629,0.0,1.0,1.0034800409416582,162.79964288838192,7.2561852660817,0.1480249952281048,7.269507515652229,7.339079263409439,7.245823516415733,12.2775,12.395,12.2375,12.255,49.49,49.02,65699520214.0,1327500000.0,6442,6077,0.0,0.0,0.0,0.0,49.02,0.0,False,0.0407996736026111,2009-08-03,YUANTA_ETF_NAV_HISTORY,-0.0101317122593718,0.0070088641517211,0.0642701525054465,0.0528017241379319,0.0290384757170092,0.0628576401731908,64.39499304589705,1.0243444447572068,-0.017102615694165,0.196377909022021,-0.7737317652169761,-0.0018389865140988,0.0409416581371545,-0.0684025334271639,-0.1178696158323632,0.0,0.0,-0.0103819058212829,23,1.0,-0.9510565162951536,0.3090169943749472,2009-07,23,6.5841517877461015,2009-07-01,0.1040917266187053,False,False,7.269507515652229,7.231021016892923,0.0053083015623613,0.208847981632708,-0.0009209355920836,7.260486601614209,49.04905817038456,2009-06,all,0c8176dbe460617de3ee512bbcfae6ce17e4220c9cc72d6079e6a13f5aa65f8c,True,all
2009-08-31,48.69,48.84,48.07,48.45,5273077,255179832,0.05,812,0.0,1.0,1.00103305785124,160.90662378502864,7.171811018801681,0.1480249952281048,7.2073370176564255,7.229540766940642,7.1155615206150005,12.1725,12.21,12.0175,12.1125,48.72,48.45,51642161444.0,1060000000.0,5857,5697,0.0,0.0,0.0,0.0,48.45,0.0,False,0.0412796697626419,2009-09-01,YUANTA_ETF_NAV_HISTORY,0.013612565445026,0.02585841458245,-0.0092118730808598,0.038181038181039,0.0005581626113739,0.0357113560899757,50.964187327823765,0.045610906297585,-0.0261569416498994,0.1912928361377471,-0.231962577816066,-0.007383100902379,0.0413223140495867,-0.0954751131221719,-0.0706823375775383,0.0,0.0,-0.0841242450388265,20,1.0,0.0,1.0,2009-08,20,7.051910772666917,2009-08-27,0.0220403022670023,False,False,7.2073370176564255,7.164409769040276,0.0059738564720233,0.2564281499386721,-0.001824740241148,7.187105245076872,48.55332191702912,2009-07,all,0c8176dbe460617de3ee512bbcfae6ce17e4220c9cc72d6079e6a13f5aa65f8c,True,all
2009-09-30,52.95,53.85,52.95,53.3,11654453,622532750,0.45,1850,0.0,1.0,1.0085146641438032,177.01389159426256,7.889732245657984,0.1480249952281047,7.837923497328148,7.971145993033442,7.837923497328148,13.2375,13.4625,13.2375,13.325,53.61,53.3,52913290451.0,987000000.0,6930,4734,0.0,0.0,0.0,0.0,53.3,0.0,False,0.0375234521575985,2009-10-01,YUANTA_ETF_NAV_HISTORY,0.0202702702702703,-0.0018885741265345,0.052788844621513,0.1567082512584805,0.0113380854422808,0.0679644348646093,56.06060606060592,0.6896677940687957,-0.0084427767354596,0.1614258593473764,-0.740209442667681,-0.0039577836411609,0.0378429517502365,-0.0481961668545659,-0.0316606929510154,0.0,0.0,-0.0144278606965173,22,1.0,0.5877852522924732,-0.8090169943749473,2009-09,22,7.171811018801682,2009-09-01,0.0928792569659435,False,False,7.837923497328148,7.823120997805337,0.0018903597311689,0.2440320779494389,-0.0002747844788462,7.860076479004735,53.09965703354662,2009-08,all,0c8176dbe460617de3ee512bbcfae6ce17e4220c9cc72d6079e6a13f5aa65f8c,True,all
2009-10-29,51.8,51.85,50.6,51.55,22847985,1173142795,-1.0,4954,0.0,1.0,0.9809705042816366,174.41705169916753,7.773987818638074,0.1508048073450645,7.81168902047434,7.819229260841594,7.630723251660263,12.95,12.9625,12.65,12.8875,51.33,51.55,48074666237.0,936500000.0,6144,1517,0.0,0.0,0.0,0.0,51.55,0.0,False,0.0193986420950533,2009-10-30,YUANTA_ETF_NAV_HISTORY,-0.0159176029962547,-0.0176723952276348,0.0044437985008234,0.1004492180903158,-0.0071926912540651,0.0374708069606573,55.04770249221182,-0.5847056432365727,-0.0248296091057577,0.153199623760062,-0.051601811268733,0.0013338414634145,0.0190294957183634,0.1836435892072787,,0.0,0.0,0.0103825136612021,21,0.935483870967742,-0.587785252292473,-0.8090169943749475,2009-10,22,7.793515998759716,2009-10-06,0.0023318129734404,False,True,7.804148780107089,7.924792625983137,-0.0153406651774813,0.5663860773119918,-0.0007902593805762,7.958125120466169,52.771030715597554,2009-09,all,0c8176dbe460617de3ee512bbcfae6ce17e4220c9cc72d6079e6a13f5aa65f8c,False,all
2009-11-02,50.8,51.4,50.6,51.35,13105691,668419482,-0.3,2145,0.0,1.0,0.9941916747337852,173.74036090693025,7.743826857169062,0.1508048073450645,7.660884213129275,7.751367097536314,7.630723251660263,12.7,12.85,12.65,12.8375,51.35,51.35,49117130275.0,956500000.0,6861,2131,0.0,0.0,0.0,0.0,51.35,0.0,False,0.0194741966893865,2009-11-03,YUANTA_ETF_NAV_HISTORY,0.0019398642095054,-0.0300469483568069,-0.0015189174261253,0.0930609275372493,-0.0230982456071536,0.0167640584943349,40.9140369967356,-1.6905277890014527,-0.0415309098061346,0.1536364668942533,0.6793516509806677,0.0064302416212003,0.0193610842207163,0.2961635750421585,1.5692108667529108,0.0,0.0,0.0325379609544469,1,0.0666666666666666,0.0,1.0,2009-11,21,7.660884213129275,2009-11-02,0.0,True,True,7.660884213129275,7.789068299372582,-0.0165938409812115,0.758366486203663,-0.0204898329190562,7.669251013580399,50.85548099293664,2009-10,all,0c8176dbe460617de3ee512bbcfae6ce17e4220c9cc72d6079e6a13f5aa65f8c,False,all
2009-12-31,55.7,56.45,55.7,56.45,5817282,326366699,0.75,1507,0.0,1.0,1.013464991023339,190.9959761089818,8.512931374628895,0.1508048073450645,8.399827769120098,8.512931374628895,8.399827769120098,13.925,14.1125,13.925,14.1125,56.48,56.45,53624879526.0,949500000.0,3419,2536,0.0,0.0,0.0,0.0,56.45,0.0,False,0.0177147918511957,2010-01-04,YUANTA_ETF_NAV_HISTORY,0.0036036036036035,0.0210815765352889,0.0430711610486895,0.0528016584354618,0.0296700249560959,0.042948530577598,79.34782608695696,1.8869625133766776,0.0,0.12545380658426,1.2755044278429402,-0.003934191702432,0.0179533213644524,-0.0584366304072856,-0.0339824360442917,0.0,0.0,0.0058170280274987,23,1.0,-0.587785252292473,-0.8090169943749475,2009-12,23,7.947413347084899,2009-12-01,0.0569259962049342,False,False,8.399827769120098,8.399827769120096,2.2204460492503126e-16,0.0983222289411593,-0.0023760391230256,8.421792607528785,55.845650783919865,2009-11,all,0c8176dbe460617de3ee512bbcfae6ce17e4220c9cc72d6079e6a13f5aa65f8c,True,all
2010-01-22,55.2,55.2,54.35,54.4,29477562,1612081382,-1.55,3929,0.0,1.0,0.972296693476318,184.05989548854933,8.203781519571512,0.1508048073450645,8.324425365447565,8.324425365447565,8.19624127920426,13.8,13.8,13.5875,13.6,54.62,54.4,48586235220.0,889500000.0,4268,2182,0.0,0.0,0.0,0.0,54.4,0.0,False,0.0183823529411764,2010-01-25,YUANTA_ETF_NAV_HISTORY,-0.007978723404255,-0.0261096605744123,0.0256645279560039,0.0647002854424365,-0.0126615785061984,0.0286187032724603,45.68965517241379,-0.7968196103242383,-0.0336787564766837,0.1351895847683258,0.2361160104157647,-0.0024959885897664,0.0178731009830205,0.0204367301231802,-0.0577001219016659,0.0,0.0,-0.0185589519650655,15,0.7096774193548387,-0.9510565162951536,0.3090169943749472,2010-01,20,7.985114548921168,2010-01-29,0.0424929178470256,False,False,7.985114548921168,8.437528970956363,-0.0551103627105188,0.5287270747537411,-0.0125277870112448,8.374147188499153,55.52970980121225,2009-12,all,0c8176dbe460617de3ee512bbcfae6ce17e4220c9cc72d6079e6a13f5aa65f8c,False,all
2010-02-05,51.25,51.3,50.5,50.75,24216962,1231585083,-1.8,5321,0.0,1.0,0.9657469077069458,171.71028853021838,7.653343972762028,0.1508048073450646,7.728746376434561,7.736286616801814,7.615642770925763,12.8125,12.825,12.625,12.6875,50.61,50.75,44841621579.0,886000000.0,6674,2439,0.0,0.0,0.0,0.0,50.75,0.0,False,0.0197044334975369,2010-02-06,YUANTA_ETF_NAV_HISTORY,-0.0037914691943127,-0.027752081406105,-0.0844947735191634,-0.0241411327762299,-0.0470577568229212,-0.0367519017505265,21.925133689839512,-1.1991901019566564,-0.0924006908462864,0.1982732567327424,-1.215119427056902,-0.0009505703422053,0.0190294957183634,0.1279850746268656,0.0372154115586689,0.0,0.0,0.0445632798573976,5,0.1785714285714285,-0.9510565162951536,0.3090169943749472,2010-02,14,7.660884213129282,2010-02-06,0.0088582677165354,False,False,7.660884213129282,7.924792625983144,-0.0338687427385237,0.7651308752733875,-0.0202620544277416,7.80466505926868,51.75342349272994,2010-01,all,0c8176dbe460617de3ee512bbcfae6ce17e4220c9cc72d6079e6a13f5aa65f8c,False,all
2010-03-31,54.35,54.45,54.2,54.25,10909581,592799089,-0.2,1245,0.0,1.0,0.9963269054178144,183.5523773943713,8.181160798469751,0.1508048073450645,8.196241279204258,8.211321759938764,8.173620558102499,13.5875,13.6125,13.55,13.5625,54.1,54.25,47986045001.0,887000000.0,6441,3872,0.0,0.0,0.0,0.0,54.25,0.0,False,0.0184331797235023,2010-04-01,YUANTA_ETF_NAV_HISTORY,-0.0009174311926605,0.020618556701031,0.0341880341880338,-0.0135869565217389,0.0158108297187631,0.0056330224397451,56.84210526315785,1.3996916465381608,-0.059585492227979,0.1317186136869078,-0.8553544951470381,-0.0009174311926605,0.0183654729109274,-0.0723329937418134,0.0395310796074155,0.0,0.0,-0.0072747621712366,23,1.0,0.5877852522924732,-0.8090169943749473,2010-03,23,7.766447578270827,2010-03-01,0.0553398058252423,False,False,8.196241279204258,8.211321759938766,-0.0018382358117511,0.1999430654252195,0.0002531186130866,8.254467463689075,54.73610297317372,2010-02,all,0c8176dbe460617de3ee512bbcfae6ce17e4220c9cc72d6079e6a13f5aa65f8c,True,all
2010-04-30,55.4,55.7,54.7,54.8,5323236,294390784,-0.2,1128,0.0,1.0,0.9963636363636365,185.41327707302395,8.264103442509537,0.1508048073450645,8.354586326916575,8.399827769120096,8.249022961775031,13.85,13.925,13.675,13.7,54.89,54.8,51565973556.0,939500000.0,5705,3846,0.0,0.0,0.0,0.0,54.8,0.0,False,0.0182481751824817,2010-05-03,YUANTA_ETF_NAV_HISTORY,-0.004524886877828,0.0101010101010103,0.013824884792627,0.0387157695939563,9.09173561234322e-05,0.0254020041948264,48.55072463768117,0.0088739144678258,-0.0161001788908763,0.1626488505483544,-1.358361960383342,0.000363768643143,0.0181818181818181,-0.0809492847854356,0.0041483017889552,0.0,0.0,0.048494983277592,21,1.0,-0.9510565162951536,0.3090169943749472,2010-04,21,8.128379115898978,2010-04-20,0.0278293135435991,False,False,8.354586326916575,8.29426440397855,0.007246408520767,0.3198311870774343,-0.0002533035334658,8.333624522084003,55.26100042033404,2010-03,all,0c8176dbe460617de3ee512bbcfae6ce17e4220c9cc72d6079e6a13f5aa65f8c,True,all
2010-05-05,53.4,53.45,52.85,53.0,20067366,1064924964,-1.5,3590,0.0,1.0,0.9724770642201837,179.32305994288816,7.992654789288423,0.1508048073450645,8.052976712226448,8.060516952593701,7.970034068186663,13.35,13.3625,13.2125,13.25,52.92,53.0,49693552859.0,939000000.0,6312,3534,0.0,0.0,0.0,0.0,53.0,0.0,False,0.0188679245283018,2010-05-06,YUANTA_ETF_NAV_HISTORY,0.0009182736455466,-0.0241718889883615,-0.0144665461121152,0.0283018867924529,-0.0080538745051642,0.0148818298909081,44.35483870967751,-0.7667368414465435,-0.025044722719141,0.1575616457932337,0.65661620858311,0.0,0.018348623853211,0.0598802395209581,-0.0439867785405543,0.0,0.0,-0.0058262711864406,3,0.1612903225806451,0.5877852522924732,-0.8090169943749473,2010-05,21,7.437693098258586,2010-05-27,0.0827250608272505,False,False,7.437693098258586,8.21886200030602,-0.0998710233730547,0.6718077679225543,-0.0151962225109109,8.135385079566362,53.94645716400377,2010-04,all,0c8176dbe460617de3ee512bbcfae6ce17e4220c9cc72d6079e6a13f5aa65f8c,False,all
2010-06-07,48.85,48.85,48.3,48.74,15955142,773811848,-1.31,3896,0.0,1.0,0.973826173826174,164.90954606823337,7.350226309998447,0.1508048073450645,7.366814838806404,7.366814838806404,7.283872194766618,12.2125,12.2125,12.075,12.185,48.65,48.74,46535175344.0,956500000.0,10281,4672,0.0,0.0,0.0,0.0,48.74,0.0,False,0.0205170291341813,2010-06-08,YUANTA_ETF_NAV_HISTORY,-0.002988047808765,0.0036093843994384,-0.0365736284889318,-0.0671015843429638,-0.0153452685421994,-0.0588419650552376,38.00259403372254,-0.5949589249029129,-0.1046511627906974,0.2120200742907092,-1.223803245227087,0.0001998401278975,0.0199800199800199,-0.0031036623215394,0.0731862537123462,0.0,0.0,0.0079872204472843,5,0.2333333333333333,0.0,1.0,2010-06,21,7.265775617885213,2010-06-10,0.0139061851390616,False,False,7.265775617885213,7.547780607620481,-0.038078508574504,0.6242988297765248,-0.0195634903686319,7.438562456274557,49.32576478980532,2010-05,all,0c8176dbe460617de3ee512bbcfae6ce17e4220c9cc72d6079e6a13f5aa65f8c,False,all
2010-07-30,53.9,54.05,53.5,53.9,7817682,420410866,-0.2,1326,0.0,1.0,0.9963031423290204,182.3681685079561,8.128379115898984,0.1508048073450646,8.128379115898984,8.150999837000743,8.068057192960957,13.475,13.5125,13.375,13.475,54.07,53.9,53823707828.0,995500000.0,6109,4995,0.0,0.0,0.0,0.0,53.9,0.0,False,0.0185528756957328,2010-08-02,YUANTA_ETF_NAV_HISTORY,0.0009250693802038,0.0217186024551463,0.0998170359829238,0.0207547169811326,0.0285757742837045,0.0552048319669205,70.58823529411767,1.283996000545551,0.0,0.1327699832767149,0.2034758614867285,-0.0049659738826558,0.0184842883548983,-0.0838414634146341,-0.0525214081826831,0.0,0.0,-0.0059731209556993,22,0.967741935483871,-0.9510565162951536,0.3090169943749472,2010-07,22,7.404516040642672,2010-07-02,0.0977596741344197,False,False,8.128379115898984,8.158540077367997,-0.0037037079374844,0.1432130958957564,-0.0005617693379189,8.194727937559016,54.33996489785778,2010-06,all,0c8176dbe460617de3ee512bbcfae6ce17e4220c9cc72d6079e6a13f5aa65f8c,True,all
2010-08-27,53.6,53.9,53.45,53.85,8466348,454575678,0.25,1000,0.0,1.0,1.0046641791044777,182.1989958098969,8.120838875531733,0.1508048073450646,8.083137673695468,8.128379115898987,8.060516952593709,13.4,13.475,13.3625,13.4625,54.01,53.85,48578691840.0,899500000.0,5201,4339,0.0,0.0,0.0,0.0,53.85,0.0,False,0.0185701021355617,2010-08-30,YUANTA_ETF_NAV_HISTORY,-0.0064874884151996,-0.0245677888989992,-0.0092421441774489,0.0927624872579011,-0.0222546515870121,0.0201977584834078,34.00000000000004,-2.433438561920964,-0.0342342342342341,0.1292699610498569,0.5659529062861693,-0.003717472118959,0.0186567164179104,-0.1092408685406497,-0.0034145231049397,0.0,0.0,-0.0389541088580576,20,0.8709677419354839,-0.9510565162951536,0.3090169943749472,2010-08,22,8.083137673695468,2010-08-27,0.0,True,True,8.083137673695468,8.083137673695468,0.0,0.6333524621689335,-0.0025188703470092,8.103116933550048,53.73248423711632,2010-07,all,0c8176dbe460617de3ee512bbcfae6ce17e4220c9cc72d6079e6a13f5aa65f8c,False,all
2010-09-30,57.7,57.8,57.5,57.7,6992312,403020952,-0.1,988,0.0,1.0,0.9982698961937716,195.22529356046527,8.701437383810237,0.1508048073450647,8.701437383810237,8.716517864544743,8.671276422341224,14.425,14.45,14.375,14.425,57.78,57.7,50787314121.0,879000000.0,5711,3370,0.0,0.0,0.0,0.0,57.7,0.0,False,0.0173310225303292,2010-10-01,YUANTA_ETF_NAV_HISTORY,0.0069686411149825,0.0078465562336527,0.0844277673545967,0.1245136186770436,0.0289732520361385,0.0567854585345788,79.04761904761862,1.2150535111803156,0.0,0.1244937896651645,0.5938354860091533,0.0005193006750907,0.0173010380622837,-0.0250914793518034,-0.0421892816419612,0.0,0.0,-0.0028360748723765,21,1.0,-0.587785252292473,-0.8090169943749475,2010-09,21,8.068057192960966,2010-09-01,0.078504672897196,False,False,8.701437383810237,8.716517864544743,-0.0017316021642778,0.1257425492402619,-0.0021475936525899,8.741307504768793,57.96438229430797,2010-08,all,0c8176dbe460617de3ee512bbcfae6ce17e4220c9cc72d6079e6a13f5aa65f8c,True,all
2010-10-29,56.2,56.35,55.9,56.0,7155507,401298561,-0.5,1028,0.0,1.0,0.991150442477876,196.9037520941519,8.776248396081415,0.1567187213585967,8.807592140353135,8.831099948556925,8.760576523945556,14.05,14.0875,13.975,14.0,56.0,56.0,50313461218.0,898500000.0,5702,1344,0.0,0.0,0.0,0.0,56.0,0.0,False,0.0392857142857142,2010-11-01,YUANTA_ETF_NAV_HISTORY,0.0080285459411242,0.0346376436036968,0.0176028817072755,0.0656204405537173,0.0235244858024215,0.0463228016782397,57.60085492920102,1.7474990935273549,0.0,0.1522205203597763,-1.3604772234678864,0.0010630758327427,0.0389380530973451,0.1272834413671184,,0.0,0.0,0.0107770845150312,21,0.935483870967742,-0.9510565162951536,0.3090169943749472,2010-10,21,8.414908249854614,2010-10-20,0.0466652610865134,False,False,8.807592140353135,8.854607756760714,-0.0053238812527498,0.3533631415877942,-0.0028968338124315,8.87313951886449,56.61824855347927,2010-09,all,0c8176dbe460617de3ee512bbcfae6ce17e4220c9cc72d6079e6a13f5aa65f8c,True,all
2010-11-30,57.05,57.5,56.95,57.1,8006464,458479034,0.2,993,0.0,1.0,1.0035149384885764,200.77150436742983,8.94863898957587,0.1567187213585966,8.940803053507938,9.011326478119308,8.92513118137208,14.2625,14.375,14.2375,14.275,56.71,57.1,52597664230.0,927500000.0,5907,2247,0.0,0.0,0.0,0.0,57.1,0.0,False,0.0385288966725043,2010-12-01,YUANTA_ETF_NAV_HISTORY,0.0017605633802817,-0.0078465562336529,0.0017605633802817,0.0839848313294151,-0.0013163668275559,0.0231423025140613,40.90909090909064,-0.1684967868926071,-0.0138648180242637,0.1113509102900942,0.2385531536077919,-0.0010533707865169,0.0386643233743409,0.0453652437935345,0.0461837627613028,0.0,0.0,0.0027085590465871,22,1.0,0.9510565162951536,0.3090169943749474,2010-11,22,8.791920268217273,2010-11-16,0.0169340463458107,False,False,8.940803053507938,8.917295245304151,0.0026327351757991,0.432225663234498,-0.0001457797241126,8.960575356108885,57.176164266971696,2010-10,all,0c8176dbe460617de3ee512bbcfae6ce17e4220c9cc72d6079e6a13f5aa65f8c,True,all
2010-12-31,60.8,61.4,60.75,61.4,13970805,853433428,0.6,1726,0.0,1.0,1.0098684210526316,215.89089961751645,9.622529491417833,0.1567187213585966,9.528498258602674,9.622529491417833,9.520662322534744,15.2,15.35,15.1875,15.35,61.33,61.4,51363464628.0,837500000.0,6195,2674,0.0,0.0,0.0,0.0,61.4,0.0,False,0.0358306188925081,2011-01-03,YUANTA_ETF_NAV_HISTORY,0.0049586776859502,0.0057899090157147,0.0402053036783571,0.0903246544519438,0.016424959251055,0.0578454518346673,74.19354838709634,1.822670256334052,0.0,0.0727164297738256,-1.0623652024779826,-0.0001644466370663,0.0361842105263157,0.0188865166694038,0.0101449275362319,0.0,0.0,-0.0266976204294834,23,1.0,-0.9510565162951536,0.3090169943749472,2010-12,23,8.948638989575867,2010-12-01,0.0647985989492119,False,False,9.528498258602674,9.528498258602673,2.2204460492503126e-16,0.1362508552168723,-0.0009210211177691,9.567324982415498,61.04774783431255,2010-11,all,0c8176dbe460617de3ee512bbcfae6ce17e4220c9cc72d6079e6a13f5aa65f8c,True,all
2011-01-28,62.5,63.0,62.45,63.0,11849231,743247153,0.55,1615,0.0,1.0,1.0088070456365092,221.51672110592088,9.87327944559159,0.1567187213585966,9.794920084912292,9.87327944559159,9.787084148844365,15.625,15.75,15.6125,15.75,63.12,63.0,49044465966.0,777000000.0,4768,2464,0.0,0.0,0.0,0.0,63.0,0.0,False,0.0349206349206349,2011-02-08,YUANTA_ETF_NAV_HISTORY,0.007258064516129,0.0129764801297649,0.0271381578947376,0.0946538124452236,0.02217857435142,0.0523063961244123,75.45454545454562,1.959912597026451,0.0,0.1272226580126842,1.0178323259730393,-0.0028740220341689,0.0352281825460368,0.076891447368421,-0.0491551459293394,0.0,0.0,-0.0431610942249239,20,0.9032258064516128,-0.9510565162951536,0.3090169943749472,2011-01,20,9.35610766510822,2011-01-11,0.0469011725293133,False,False,9.794920084912292,9.787084148844365,0.0008003201707688,0.104534367253812,-0.0022800968389778,9.813618040992278,62.619309013740654,2010-12,all,0c8176dbe460617de3ee512bbcfae6ce17e4220c9cc72d6079e6a13f5aa65f8c,True,all
2011-02-23,59.45,59.7,58.8,59.0,28150332,1669981084,-0.85,3513,0.0,1.0,0.985797827903091,207.45216738491,9.246404560157202,0.1567187213585966,9.316927984768572,9.35610766510822,9.215060815885485,14.8625,14.925,14.7,14.75,58.73,59.0,48453762695.0,825000000.0,7891,3142,0.0,0.0,0.0,0.0,59.0,0.0,False,0.0372881355932203,2011-02-24,YUANTA_ETF_NAV_HISTORY,-0.0131904369332235,0.0016736401673638,-0.0164338537387022,0.0435919790758498,-0.0188926683332653,-0.0034688497294298,40.697674418604485,-1.0150664447860274,-0.0500000000000002,0.1843131395627266,1.7489922342071589,0.0041946308724831,0.0367585630743525,0.0280425473131649,0.4148841354723707,0.0,0.0,0.0171211160431199,12,0.8214285714285714,0.5877852522924732,-0.8090169943749473,2011-02,14,9.246404560157202,2011-02-24,0.0076271186440679,False,False,9.246404560157202,9.37961547331201,-0.0143039880982626,0.5562353362647375,-0.0064716505010717,9.365705426231145,59.76124195654306,2011-01,all,0c8176dbe460617de3ee512bbcfae6ce17e4220c9cc72d6079e6a13f5aa65f8c,False,all
2011-03-31,59.5,59.7,59.1,59.55,8065305,479324432,-0.05,932,0.0,1.0,0.9991610738255032,209.38604352154897,9.332599856904428,0.1567187213585966,9.3247639208365,9.35610766510822,9.26207643229306,14.875,14.925,14.775,14.8875,59.91,59.55,59911285992.0,1000000000.0,6728,4227,0.0,0.0,0.0,0.0,59.55,0.0,False,0.0369437447523089,2011-04-01,YUANTA_ETF_NAV_HISTORY,0.0059071729957806,0.0188034188034189,0.0025231286795628,-0.0140612076095947,0.010512037978976,-0.008649367930805,51.020408163265365,0.6116171316818994,-0.053968253968254,0.1292967186720731,-0.4867737164846722,0.0001678133915086,0.0369127516778523,-0.1710108073744437,0.0347424684159378,0.0,0.0,-0.0094105993065873,23,1.0,-0.587785252292473,-0.8090169943749475,2011-03,23,8.901623373168288,2011-03-17,0.0475352112676057,False,False,9.3247639208365,9.34043579297236,-0.00167926151972,0.2018251693179669,-0.0001427089693821,9.385798438735772,59.889452628059786,2011-02,all,0c8176dbe460617de3ee512bbcfae6ce17e4220c9cc72d6079e6a13f5aa65f8c,True,all
2011-04-29,62.0,62.4,61.65,62.0,50487944,3134706959,-0.15,2559,0.0,1.0,0.997586484312148,218.00058267566808,9.71656072423299,0.1567187213585966,9.71656072423299,9.779248212776428,9.66170917175748,15.5,15.6,15.4125,15.5,62.37,62.0,55724058421.0,893500000.0,7912,3609,0.0,0.0,0.0,0.0,62.0,0.0,False,0.0354838709677419,2011-05-03,YUANTA_ETF_NAV_HISTORY,0.0,0.0072933549432738,0.0489451476793247,0.0188524590163932,0.0243942640514256,0.0345975640207527,58.01526717557245,1.6335401532974765,-0.0134920634920638,0.1619754415484818,1.1662723923200815,-0.0044850232260131,0.0353982300884955,0.0761995637949837,0.1096305269533615,0.0,0.0,-0.0832922621981271,19,0.9666666666666668,-0.9510565162951536,0.3090169943749472,2011-04,19,9.30125611263271,2011-04-19,0.0446503791069921,False,False,9.71656072423299,9.74006853243678,-0.0024164329116286,0.1592294343478037,-0.000945707179141,9.779515942071049,62.40170834277041,2011-03,all,0c8176dbe460617de3ee512bbcfae6ce17e4220c9cc72d6079e6a13f5aa65f8c,True,all
2011-05-25,60.1,60.4,59.8,60.25,22809627,1369585578,-0.2,2224,0.0,1.0,0.9966914805624484,211.8473404227258,9.442302961855445,0.1567187213585966,9.418795153651656,9.465810770059235,9.371779537244077,15.025,15.1,14.95,15.0625,60.16,60.25,60730146987.0,1009500000.0,7500,3623,0.0,0.0,0.0,0.0,60.25,0.0,False,0.0365145228215767,2011-05-26,YUANTA_ETF_NAV_HISTORY,0.0016570008285006,-0.0130612244897956,-0.016273393002441,0.0245762711864403,-0.0200210748155954,0.0020721094073767,34.48275862068948,-2.069065709453748,-0.0296950240770464,0.1032663658651006,0.3478438117219875,0.000330961442992,0.0363937138130686,-0.013486711622372,-0.0439905734485467,0.0,0.0,0.0671602326811211,17,0.8064516129032258,0.5877852522924732,-0.8090169943749473,2011-05,21,9.418795153651656,2011-05-25,0.0,True,True,9.418795153651656,9.473646706127164,-0.0058067355196397,0.6590765568117604,-0.0064737128722988,9.459577700771767,60.36022766627093,2011-04,all,0c8176dbe460617de3ee512bbcfae6ce17e4220c9cc72d6079e6a13f5aa65f8c,False,all
2011-06-27,57.5,57.85,57.2,57.8,27066148,1553984167,-0.4,5801,0.0,1.0,0.9931271477663228,203.23280126860664,9.058342094526884,0.1567187213585966,9.011326478119305,9.066178030594816,8.964310861711725,14.375,14.4625,14.3,14.45,57.66,57.8,103699302529.0,1798500000.0,10601,3712,0.0,0.0,0.0,0.0,57.8,0.0,False,0.0380622837370242,2011-06-28,YUANTA_ETF_NAV_HISTORY,-0.0076726342710996,-0.0168918918918914,-0.0435497124075593,-0.0160608622147085,-0.0376984126984124,-0.0436937738768469,22.22222222222216,-1.6638125574186682,-0.0665597433841217,0.1714191916561027,1.756194751782193,0.0029295192141995,0.0378006872852233,0.205839416058394,0.0215291195142146,0.0,0.0,0.6202702702702703,18,0.9,0.0,1.0,2011-06,21,9.011326478119305,2011-06-27,0.0,True,True,9.011326478119305,9.12102958307032,-0.012100406934087,0.6413426320104655,-0.0020326188922553,9.148021379386602,58.372230835488494,2011-05,all,0c8176dbe460617de3ee512bbcfae6ce17e4220c9cc72d6079e6a13f5aa65f8c,False,all
2011-07-29,60.75,60.9,59.9,59.9,13902656,837041345,-0.95,2361,0.0,1.0,0.9843878389482332,210.61669197213743,9.38745140937994,0.1567187213585966,9.520662322534749,9.544170130738536,9.38745140937994,15.1875,15.225,14.975,14.975,60.14,59.9,96254967025.0,1600500000.0,11451,5037,0.0,0.0,0.0,0.0,59.9,0.0,False,0.0367278797996661,2011-08-01,YUANTA_ETF_NAV_HISTORY,-0.0081499592502037,0.0041254125412542,0.0339847068819034,-0.0153721682847894,0.0145048349449821,0.0070335126189498,56.34920634920665,1.0457667466672549,-0.0240577385725735,0.1498779780017361,-0.5060427392318911,-0.0019681810726586,0.0361544782251437,-0.0843129306850425,-0.0016464293064416,0.0,0.0,-0.0092821782178217,21,0.935483870967742,-0.9510565162951536,0.3090169943749472,2011-07,21,9.191553007681687,2011-07-13,0.0358056265984665,False,False,9.520662322534749,9.536334194670609,-0.0016447372128783,0.2336044033207971,-0.0012540989005452,9.572004095432264,61.07760459281724,2011-06,all,0c8176dbe460617de3ee512bbcfae6ce17e4220c9cc72d6079e6a13f5aa65f8c,True,all
2011-08-05,55.7,55.7,54.45,54.45,93524542,5148697495,-3.4,17533,0.0,1.0,0.9412273120138288,191.45373752726016,8.533334377975587,0.1567187213585966,8.729232779673833,8.729232779673833,8.533334377975587,13.925,13.925,13.6125,13.6125,54.63,54.45,93688787474.0,1715000000.0,17770,4735,0.0,0.0,0.0,0.0,54.45,0.0,False,0.0404040404040404,2011-08-08,YUANTA_ETF_NAV_HISTORY,-0.0127986348122867,-0.0493015612161054,-0.0414250207125099,-0.0676873489121673,-0.0319611780455153,-0.0387438034838956,41.91616766467072,-1.9576619683731056,-0.0721732157177221,0.1691597916090781,1.5198248215706422,0.0032951786333681,0.038029386343993,0.4067286409915891,-0.0453514739229025,0.0,0.0,0.0346658338538412,5,0.1612903225806451,-0.9510565162951536,0.3090169943749472,2011-08,23,7.992654789288428,2011-08-09,0.0921568627450981,False,False,7.992654789288428,9.066178030594816,-0.1260278209153599,0.7718466049711852,-0.0176984313452883,8.951668143455175,57.11932860256292,2011-07,all,0c8176dbe460617de3ee512bbcfae6ce17e4220c9cc72d6079e6a13f5aa65f8c,False,all
2011-09-23,50.5,50.85,49.93,50.35,64025634,3218883268,-1.75,18626,0.0,1.0,0.9664107485604606,177.03756996322403,7.890787620405342,0.1567187213585966,7.914295428609131,7.96914698108464,7.824965757434731,12.625,12.7125,12.4825,12.5875,50.13,50.35,86482413358.0,1725000000.0,28239,5244,0.0,0.0,0.0,0.0,50.35,0.0,False,0.0436941410129096,2011-09-26,YUANTA_ETF_NAV_HISTORY,-0.0279850746268657,-0.0141911069063388,-0.0095057034220534,-0.1116794543904514,-0.0255307210324513,-0.0726924845374586,37.344398340248944,-1.4723240114981764,-0.1507742461287695,0.2663463669750692,1.0285972132956702,0.0034668721109398,0.0422264875239923,0.027518194737522,-0.0257436075839276,0.0,0.0,0.0062724014336916,16,0.7666666666666667,-0.9510565162951536,0.3090169943749472,2011-09,21,7.875115748269482,2011-09-26,0.0049751243781095,False,True,7.875115748269482,8.165045382782885,-0.036154401820136,0.5869518140073537,-0.0108622222498627,8.117218967948233,51.794826409888735,2011-08,all,0c8176dbe460617de3ee512bbcfae6ce17e4220c9cc72d6079e6a13f5aa65f8c,False,all
2011-10-31,52.8,52.95,52.1,52.2,16939650,888578737,-0.2,3056,0.0,1.0,0.9961832061068704,190.4054697948661,8.48661176397132,0.1625787694247379,8.584159025626162,8.608545841039874,8.470353887028846,13.2,13.2375,13.025,13.05,52.48,52.2,95674414235.0,1823000000.0,20184,2583,0.0,0.0,0.0,0.0,52.2,0.0,False,0.0373563218390804,2011-11-01,YUANTA_ETF_NAV_HISTORY,0.0028708133971291,0.0463782104815364,0.0534757371030203,-0.0723660744963166,0.0369833932002519,0.0268967931997585,71.2528377976517,1.6077402328967083,-0.0603397055399161,0.2105862545999959,2.580146451948473,-0.0036128541547824,0.0372137404580152,-0.1017162368586576,1165.0,0.0,0.0,0.0127884348067834,20,1.0,0.0,1.0,2011-10,20,7.820264195793973,2011-10-04,0.0976814607162557,False,False,8.584159025626162,8.519127517856267,0.0076045993852192,0.0069359976941129,-0.00259004031303,8.539576639888454,52.52577978111499,2011-09,all,0c8176dbe460617de3ee512bbcfae6ce17e4220c9cc72d6079e6a13f5aa65f8c,True,all
2011-11-02,51.6,52.5,51.45,52.4,23425870,1214957891,-0.15,4930,0.0,1.0,0.9971455756422456,191.1349926676434,8.519127517856267,0.1625787694247379,8.389064502316478,8.535385394798741,8.364677686902766,12.9,13.125,12.8625,13.1,52.4,52.4,95979276688.0,1831500000.0,21405,2790,0.0,0.0,0.0,0.0,52.4,0.0,False,0.0372137404580152,2011-11-03,YUANTA_ETF_NAV_HISTORY,0.0067049808429122,0.017070090582562,0.0837963589508024,0.0011929633650202,0.0333316522800313,0.0310157605293635,64.9191989484267,1.4573649054931408,-0.011514834900719,0.1845941961706493,-1.2039738472591377,-0.0013302926643862,0.0371075166508087,0.1140088201666031,,0.0,0.0,0.0133296306581505,2,0.0666666666666666,0.5877852522924732,-0.8090169943749473,2011-11,22,7.771265178502471,2011-11-24,0.079497907949791,False,False,7.771265178502471,8.543514333269979,-0.0947394578255501,0.6447018500632848,-0.0165014426088374,8.445709293484688,51.94841444161893,2011-10,all,0c8176dbe460617de3ee512bbcfae6ce17e4220c9cc72d6079e6a13f5aa65f8c,False,all
2011-12-09,48.0,48.63,48.0,48.24,18170218,877077245,-0.62,5042,0.0,1.0,0.9873106835857552,175.96091691387628,7.842799837049357,0.1625787694247379,7.80378093238742,7.906205557125006,7.80378093238742,12.0,12.1575,12.0,12.06,48.37,48.24,99348636098.0,2054000000.0,28090,6094,0.0,0.0,0.0,0.0,48.24,0.0,False,0.0404228855721393,2011-12-12,YUANTA_ETF_NAV_HISTORY,-0.0069105691056912,-0.0286282306163021,-0.0334322453016814,-0.0176941886478331,-0.0136964179375637,-0.0298236167339983,42.40506329113926,-0.4961719549405659,-0.0702188392007614,0.2675708724181695,-0.6737805575003165,-0.0050906129097942,0.0399099467867376,-0.0430296151068001,0.0297688341925828,0.0,0.0,0.0002440810349035,7,0.2903225806451613,-0.9510565162951536,0.3090169943749472,2011-12,22,7.6493311014339165,2011-12-20,0.0201912858661001,False,False,7.6493311014339165,7.943598674092694,-0.037748199798206,0.5745777904576231,-0.0178469774848173,7.842102466192318,48.23571056627193,2011-11,all,0c8176dbe460617de3ee512bbcfae6ce17e4220c9cc72d6079e6a13f5aa65f8c,False,all
2012-01-31,52.0,52.4,51.75,51.95,20611434,1073539049,0.15,4022,0.0,1.0,1.002895752895753,189.4935662038945,8.445967071615135,0.1625787694247379,8.45409601008637,8.519127517856266,8.413451317730186,13.0,13.1,12.9375,12.9875,52.58,51.95,106454995874.0,2024500000.0,13923,7505,0.0,0.0,0.0,0.0,51.95,0.0,False,0.0375360923965351,2012-02-01,YUANTA_ETF_NAV_HISTORY,0.0277777777777776,0.020689655172414,0.0537021969080557,-0.0086124401913875,0.0326336144170007,0.0373173930892234,66.12641815235006,2.8071387557879874,-0.0142721217887727,0.1635970606962283,1.698159482448403,-0.0038461538461539,0.0376447876447876,-0.2268277109715867,-0.1394386671139438,0.0,0.0,-0.000245941957698,15,1.0,0.9510565162951536,0.3090169943749474,2012-01,15,8.03952014805329,2012-01-02,0.0515672396359958,False,False,8.45409601008637,8.421580256201425,0.0038535693159897,0.0922954459987126,-0.0013560528553971,8.45221872732362,51.98845308788231,2011-12,all,0c8176dbe460617de3ee512bbcfae6ce17e4220c9cc72d6079e6a13f5aa65f8c,True,all
2012-02-29,55.25,56.0,55.25,56.0,28925369,1612404203,1.25,4957,0.0,1.0,1.0228310502283104,204.2664043776341,9.10441108778532,0.1625787694247378,8.982477010716767,9.10441108778532,8.982477010716767,13.8125,14.0,13.8125,14.0,56.21,56.0,92882938055.0,1652500000.0,8260,7010,0.0,0.0,0.0,0.0,56.0,0.0,False,0.0348214285714285,2012-03-01,YUANTA_ETF_NAV_HISTORY,0.0027472527472527,0.0,0.0569498069498068,0.1439615545340578,0.0151578361841191,0.0761564996904209,64.76190476190465,0.9570941234113058,-0.0027322404371584,0.1325355296425029,-1.744107136689535,-0.0030954115076474,0.0356164383561643,-0.079222108495394,0.0313792611610326,0.0,0.0,-0.0618790803292648,20,1.0,0.5877852522924732,-0.8090169943749473,2012-02,20,8.486611763971318,2012-02-01,0.0584291187739463,False,False,8.982477010716767,8.9011876260044,0.0090909717012516,0.238982651856277,-0.0021961209796479,8.926069295342161,54.90304377949105,2012-01,all,0c8176dbe460617de3ee512bbcfae6ce17e4220c9cc72d6079e6a13f5aa65f8c,True,all
2012-03-30,54.5,54.9,54.2,54.9,8895286,485424630,0.2,1591,0.0,1.0,1.0036563071297988,200.2540285773592,8.925574441418112,0.1625787694247379,8.860542933648217,8.925574441418112,8.811769302820796,13.625,13.725,13.55,13.725,55.18,54.9,82874317540.0,1502000000.0,8003,6489,0.0,0.0,0.0,0.0,54.9,0.0,False,0.0355191256830601,2012-04-02,YUANTA_ETF_NAV_HISTORY,-0.0135256988277728,-0.0161870503597122,-0.0161870503597122,0.0972918756268808,-0.0065834279228148,0.0253494373387153,48.12030075187964,-0.8350035768321901,-0.0232142857142855,0.143036330450011,-0.3324804925253387,-0.0029165147648558,0.0356489945155393,0.0158791634391943,0.0073914382506929,0.0,0.0,-0.0160445317616241,23,0.967741935483871,-0.9510565162951536,0.3090169943749472,2012-03,23,8.779253548935849,2012-03-07,0.0092592592592593,False,False,8.860542933648217,8.893058687533165,-0.0036630077587371,0.4283940965513999,-0.0005548949715187,8.932565969570975,54.94300394312002,2012-02,all,0c8176dbe460617de3ee512bbcfae6ce17e4220c9cc72d6079e6a13f5aa65f8c,True,all
2012-04-05,53.45,53.8,53.05,53.65,14638663,781567154,-0.6,2882,0.0,1.0,0.9889400921658986,195.69451062250127,8.72235097963719,0.1625787694247379,8.689835225752242,8.7467377950509,8.624803717982346,13.3625,13.45,13.2625,13.4125,53.58,53.65,80698322553.0,1506000000.0,8267,6453,0.0,0.0,0.0,0.0,53.65,0.0,False,0.0363466915191053,2012-04-06,YUANTA_ETF_NAV_HISTORY,-0.0082266910420475,-0.018099547511312,-0.0064102564102564,0.0891387271632202,-0.0138604862531241,0.0122149938427476,34.579439252336655,-1.67101339229567,-0.0312499999999998,0.1418187164197474,-0.3514216110530807,-0.0016562384983438,0.0359447004608294,0.059115229022576,-0.0048884815154293,0.0,0.0,-0.0092378752886835,3,0.1666666666666666,-0.587785252292473,-0.8090169943749475,2012-04,20,8.470353887028844,2012-04-30,0.025911708253359,False,False,8.470353887028844,8.819898241292032,-0.0404380436612478,0.7753431229374413,-0.0159201510610785,8.72399890770507,53.66013618244075,2012-03,all,0c8176dbe460617de3ee512bbcfae6ce17e4220c9cc72d6079e6a13f5aa65f8c,False,all
2012-05-07,52.45,52.45,51.85,52.05,21312453,1110096207,-1.15,4255,0.0,1.0,0.9783834586466164,189.8583276402832,8.462224948557607,0.1625787694247379,8.527256456327503,8.527256456327503,8.429709194672661,13.1125,13.1125,12.9625,13.0125,52.06,52.05,83140688762.0,1597000000.0,10007,6271,-17454000.0,-14010000.0,1500000.0,-4944000.0,52.05,0.0,True,0.0374639769452449,2012-05-08,YUANTA_ETF_NAV_HISTORY,0.001883239171375,0.0172084130019118,-0.0083876980428704,-0.0018761726078799,0.0044843049327354,-0.0189931772081873,41.93548387096766,0.4376672070257003,-0.0499999999999998,0.1379644868495956,0.0431472481118787,-0.0018761726078798,0.0366541353383458,0.0060763888888888,-0.061527057079318,-0.4360685973891202,1.0,0.0134831460674156,4,0.2258064516129032,0.0,1.0,2012-05,22,7.967985489506407,2012-05-28,0.0701897571924095,False,False,7.967985489506407,8.649190533396057,-0.0820340374261424,0.5056451244890044,-0.0171098177578506,8.544975593774511,52.5589880155306,2012-04,all,0c8176dbe460617de3ee512bbcfae6ce17e4220c9cc72d6079e6a13f5aa65f8c,False,all
2012-06-29,49.48,50.3,49.35,50.2,13651507,681895217,0.67,2362,0.0,1.0,1.0135271552594387,183.1102410670935,8.161454225121846,0.1625787694247379,8.044397511136033,8.17771210206432,8.023262271110818,12.37,12.575,12.3375,12.55,50.33,50.2,99067514691.0,1968500000.0,9703,7245,4944000.0,1371000.0,100000.0,3473000.0,50.2,0.0,True,0.0388446215139442,2012-07-02,YUANTA_ETF_NAV_HISTORY,0.0016177957532861,-0.0123629112662014,-0.0123629112662014,-0.0870046082949306,0.0083161141251795,-0.0274568838563993,63.212435233160726,0.5737310036984076,-0.0819277108433734,0.1988832779261472,0.1320132457574439,0.0038508309687879,0.0393700787401574,0.0240312406127967,0.0867000884694779,-0.7299165689382389,1.0,0.0774087290694482,21,0.9666666666666668,-0.9510565162951536,0.3090169943749472,2012-06,21,7.820038809329894,2012-06-12,0.0286902286902288,False,False,8.044397511136033,8.05252644960727,-0.0010099990758592,0.0849773325963223,-0.0007671943830357,8.086582720575786,49.73947551201809,2012-05,all,0c8176dbe460617de3ee512bbcfae6ce17e4220c9cc72d6079e6a13f5aa65f8c,True,all
2012-07-31,50.5,51.1,50.1,51.1,14837371,752407676,0.85,3749,0.0,1.0,1.016915422885572,186.3930939945911,8.307775117604105,0.1625787694247378,8.210227855949263,8.307775117604105,8.145196348179367,12.625,12.775,12.525,12.775,51.32,51.1,102981203965.0,2006500000.0,9264,6535,10897000.0,627000.0,0.0,10270000.0,51.1,0.0,True,0.0381604696673189,2012-08-01,YUANTA_ETF_NAV_HISTORY,0.0066105769230768,0.020304568527919,-0.0069169960474312,-0.0345821325648415,0.0038054714889281,0.0074379999599027,48.73524451939289,0.2403826633940112,-0.0345821325648415,0.1620095367544085,-0.0191764288608885,-0.0011926058437686,0.0388059701492537,0.0053410794602699,-0.0339543269230768,0.3946379490950946,1.0,0.0133669609079445,22,1.0,0.9510565162951536,0.3090169943749474,2012-07,22,7.937095523315704,2012-07-25,0.0344121261777958,False,False,8.210227855949263,8.16958316359308,0.0049627893421288,0.3395012166827397,-0.0011187657471755,8.201250666673058,50.44478252413912,2012-06,all,0c8176dbe460617de3ee512bbcfae6ce17e4220c9cc72d6079e6a13f5aa65f8c,True,all
2012-08-31,52.5,52.85,52.45,52.75,3002955,158160865,0.2,755,0.0,1.0,1.003805899143673,192.4116576950036,8.576030087154924,0.1625787694247379,8.53538539479874,8.592287964097398,8.527256456327503,13.125,13.2125,13.1125,13.1875,52.84,52.75,94615968284.0,1790500000.0,6566,5491,562000.0,395000.0,0.0,167000.0,52.75,0.0,True,0.0369668246445497,2012-09-03,YUANTA_ETF_NAV_HISTORY,-0.0028462998102467,-0.0140712945590992,0.0263671875000002,0.0806086777709231,-0.0026570506737519,0.0348698289330304,46.15384615384649,-0.2054385448103049,-0.0159176029962545,0.1154201059095623,-0.5947908563260007,-0.0009505703422053,0.0371075166508087,0.0159888233467866,0.0089677891654464,-0.4280417120459487,1.0,-0.0412315930388219,22,1.0,-0.9510565162951536,0.3090169943749472,2012-08,22,8.250872548305448,2012-08-03,0.0344827586206895,False,False,8.53538539479874,8.543514333269977,-0.0009519277253821,0.2571634915147811,-0.0006215798528474,8.5808965345235,52.77993285891999,2012-07,all,0c8176dbe460617de3ee512bbcfae6ce17e4220c9cc72d6079e6a13f5aa65f8c,True,all
2012-09-28,55.25,55.35,54.8,55.15,4580522,252268059,0.05,949,0.0,1.0,1.000907441016334,201.1659321683308,8.966219133774295,0.1625787694247379,8.982477010716769,8.998734887659243,8.909316564475636,13.8125,13.8375,13.7,13.7875,55.41,55.15,91449874039.0,1650500000.0,5147,4451,2160000.0,1154000.0,0.0,1006000.0,55.15,0.0,True,0.0353581142339075,2012-10-01,YUANTA_ETF_NAV_HISTORY,0.0036429872495444,-0.0027149321266966,0.048525214081827,0.0719844357976651,0.0157618213660246,0.053003736156632,73.11827956989262,0.7065210954018092,-0.0098831985624435,0.1349434133572228,-0.9152092680888912,0.0007264802034143,0.0353901996370235,-0.0928981348637015,-0.0585995345885339,0.3123168231681693,1.0,-0.01697438951757,20,0.9333333333333332,-0.9510565162951536,0.3090169943749472,2012-09,20,8.502869640913794,2012-09-06,0.0564053537284894,False,False,8.982477010716769,8.958090195303058,0.0027186242389934,0.2261017078894821,-0.0016314253317058,8.98820509302455,55.28523265877857,2012-08,all,0c8176dbe460617de3ee512bbcfae6ce17e4220c9cc72d6079e6a13f5aa65f8c,True,all
2012-10-11,53.7,53.7,53.2,53.3,30659151,1639203857,-1.1,4471,0.0,1.0,0.9797794117647058,194.41784559514107,8.665448410338533,0.1625787694247379,8.73047991810843,8.73047991810843,8.649190533396059,13.425,13.425,13.3,13.325,53.24,53.3,87998703760.0,1653000000.0,6365,4047,-24455850.0,-549850.0,0.0,-23906000.0,53.3,0.0,True,0.0365853658536585,2012-10-12,YUANTA_ETF_NAV_HISTORY,-0.0045745654162854,-0.0153846153846155,0.0206378986866793,0.0989898989898989,-0.0122111761768576,0.02759780124294,28.81355932203438,-1.5195315186947052,-0.0224618149146448,0.1188084069508979,-0.4612719136546592,0.0003677822728944,0.0358455882352941,0.0873713751169316,-0.0380090497737556,-0.5295970329379213,1.0,-0.0078764010905786,8,0.3548387096774194,-0.587785252292473,-0.8090169943749475,2012-10,22,8.422126967161356,2012-10-29,0.0366122420321339,False,False,8.422126967161356,8.844285056705743,-0.0489090888444966,0.6280182865937344,-0.0156975636013538,8.750068002334379,53.82048365414048,2012-09,all,0c8176dbe460617de3ee512bbcfae6ce17e4220c9cc72d6079e6a13f5aa65f8c,False,all
2012-11-30,53.1,53.7,53.0,53.55,29758835,1591443347,0.45,5492,0.0,1.0,1.0084745762711864,202.41524008796188,9.02190236230227,0.1684762345901451,8.946088056736707,9.047173797490794,8.929240433277691,13.275,13.425,13.25,13.3875,53.64,53.55,98351751514.0,1833500000.0,8537,4069,20152000.0,17933000.0,0.0,2219000.0,53.55,0.0,True,0.034547152194211,2012-12-03,YUANTA_ETF_NAV_HISTORY,0.0123927550047664,0.0577689243027887,0.054617676266137,0.0511208494859265,0.0424437551533236,0.0273694243173507,68.93939393939412,2.330320524502777,-0.0112097669256376,0.1462659236269797,2.242153181428318,0.0020758633704471,0.0348399246704331,-0.1781172991621488,0.0902687190190452,0.6201470985473247,1.0,-0.0024483133841132,22,1.0,-0.9510565162951536,0.3090169943749472,2012-11,22,8.41538791777775,2012-11-14,0.063063063063063,False,False,8.946088056736707,8.946088056736706,2.2204460492503126e-16,0.0683759631207165,-0.0013242260949209,8.978920500109599,53.29487878188141,2012-10,all,0c8176dbe460617de3ee512bbcfae6ce17e4220c9cc72d6079e6a13f5aa65f8c,True,all
2012-12-28,53.7,53.95,53.65,53.8,19932723,1072073599,0.35,2088,0.0,1.0,1.0065481758652943,203.3602225346844,9.064021420949809,0.1684762345901451,9.047173797490794,9.08929285613833,9.038749985761283,13.425,13.4875,13.4125,13.45,53.99,53.8,94292315176.0,1746500000.0,7204,3572,14845000.0,14152000.0,0.0,693000.0,53.8,0.0,True,0.0343866171003717,2013-01-02,YUANTA_ETF_NAV_HISTORY,-0.0009345794392522,0.0123106060606059,-0.0018674136321193,0.0061557229613011,-0.0021934941895735,0.0288091566312143,47.42268041237128,-0.2568229323358695,-0.0228519195612429,0.1141654308642158,0.0347709885796359,-0.0027985074626865,0.0346117867165575,-0.0592297476759627,0.0065887990416291,0.1138597661716279,1.0,-0.0037079292641186,21,0.9032258064516128,-0.9510565162951536,0.3090169943749472,2012-12,21,8.861849939441633,2012-12-22,0.0209125475285172,False,False,9.047173797490794,9.005054738843258,0.0046663640437648,0.2991691299144161,-0.002120623272575,9.030908537167218,53.60345664857039,2012-11,all,0c8176dbe460617de3ee512bbcfae6ce17e4220c9cc72d6079e6a13f5aa65f8c,True,all
2013-01-31,54.5,54.6,54.3,54.6,12643402,688778596,0.0,1555,0.0,1.0,1.0,206.3841663641965,9.198802408621924,0.1684762345901451,9.18195478516291,9.198802408621924,9.14825953824488,13.625,13.65,13.575,13.65,54.94,54.6,92929430851.0,1691500000.0,6140,3619,7329000.0,1710000.0,-60000.0,5679000.0,54.6,0.0,True,0.0338827838827838,2013-02-01,YUANTA_ETF_NAV_HISTORY,0.0018348623853212,0.0111111111111112,0.0036764705882357,0.0726915520628683,0.0092421441774492,0.0296188273156998,51.315789473684326,1.256892529618536,-0.0045578851412941,0.1025369262876167,1.7223649882620369,-0.0038314176245211,0.0338827838827838,-0.0110706942906847,-0.0806577916992952,0.680091306376081,1.0,-0.0093403385872737,22,1.0,-0.587785252292473,-0.8090169943749475,2013-01,22,9.038749985761283,2013-01-25,0.0158434296365335,False,False,9.18195478516291,9.198802408621924,-0.0018331810816609,0.176587064578276,-0.0005871323087347,9.239370095140185,54.84079174500161,2012-12,all,0c8176dbe460617de3ee512bbcfae6ce17e4220c9cc72d6079e6a13f5aa65f8c,True,all
2013-02-27,55.05,55.2,54.95,55.2,4605027,253713018,0.1,1056,0.0,1.0,1.001814882032668,208.65212423633065,9.299888149376018,0.1684762345901452,9.274616714187497,9.299888149376018,9.257769090728482,13.7625,13.8,13.7375,13.8,55.28,55.2,87404679344.0,1581000000.0,5033,3274,-140000.0,442000.0,0.0,-582000.0,55.2,0.0,True,0.0335144927536231,2013-03-01,YUANTA_ETF_NAV_HISTORY,-0.0107719928186712,-0.0178253119429587,0.02226345083488,0.0657640232108325,0.00341452310494,0.0186725827324836,58.33333333333378,0.242726073142897,-0.0178253119429587,0.092042542298993,-1.085218244295475,-0.0005441683294032,0.0335753176043557,-0.0271580989330746,-0.069848661233993,0.026652191565292,1.0,-0.0168067226890756,13,0.9642857142857144,0.5877852522924732,-0.8090169943749473,2013-02,13,9.215650032080942,2013-02-01,0.0063985374771484,False,False,9.274616714187497,9.283040525917002,-0.0009078529901796,0.456563868441763,-0.0015274773133217,9.315216074718323,55.29097974785344,2013-01,all,0c8176dbe460617de3ee512bbcfae6ce17e4220c9cc72d6079e6a13f5aa65f8c,True,all
2013-03-27,54.6,54.85,54.45,54.7,4540031,248241182,0.15,1056,0.0,1.0,1.0027497708524291,206.76215934288567,9.215650032080948,0.1684762345901453,9.198802408621932,9.24092146726947,9.173530973433412,13.65,13.7125,13.6125,13.675,54.92,54.7,82652916493.0,1505000000.0,5092,3374,-1296000.0,-2778000.0,0.0,1482000.0,54.7,0.0,True,0.0338208409506398,2013-03-28,YUANTA_ETF_NAV_HISTORY,0.0,-0.0009157509157509,-0.0206463195691198,0.0282752120640916,-0.0091726455362819,-0.0007174805745946,35.9375,-0.9394231147773948,-0.0276292335115859,0.0976448922561707,-1.592000345709211,-0.0003665017408833,0.0339138405132905,-0.0275283092541975,0.032287266143633,-0.3236153302665711,1.0,0.0046697798532355,19,0.8709677419354839,0.5877852522924732,-0.8090169943749473,2013-03,21,9.131411914785875,2013-03-22,0.0073800738007376,False,False,9.198802408621932,9.190378596892424,0.0009161704717795,0.5414450849163404,-0.0029643258047946,9.208991537864058,54.66047813964333,2013-02,all,0c8176dbe460617de3ee512bbcfae6ce17e4220c9cc72d6079e6a13f5aa65f8c,False,all
2013-04-30,56.25,56.55,56.25,56.4,17616881,994043474,0.6,3793,0.0,1.0,1.010752688172043,213.1880399805989,9.5020596308842,0.1684762345901454,9.47678819569568,9.527331066072724,9.47678819569568,14.0625,14.1375,14.0625,14.1,56.47,56.4,83571130478.0,1480000000.0,3950,3393,8593000.0,6317000.0,50000.0,2226000.0,56.4,0.0,True,0.0328014184397163,2013-05-02,YUANTA_ETF_NAV_HISTORY,-0.0008952551477169,0.007220216606498,0.0229147571035752,0.0323774283071247,0.0196902553794142,0.0164242994626437,75.60975609756093,1.4534045277368244,-0.0053475935828867,0.1471294030527857,0.0272642524260119,-0.0035714285714286,0.0331541218637992,-0.1814054480852743,-0.0288543140028288,0.8433233055865839,1.0,-0.0087073007367716,20,1.0,0.9510565162951536,0.3090169943749474,2013-04,20,9.013478550572776,2013-04-16,0.0514018691588789,False,False,9.47678819569568,9.400973890130112,0.0080321716972644,0.2522259875517226,-0.0004850252542887,9.443397362416858,56.05180686397669,2013-03,all,0c8176dbe460617de3ee512bbcfae6ce17e4220c9cc72d6079e6a13f5aa65f8c,True,all
2013-05-27,56.8,57.35,56.8,57.35,3285598,187924976,0.5,1116,0.0,1.0,1.0087950747581351,216.77897327814424,9.662112053744831,0.1684762345901452,9.56945012472025,9.662112053744831,9.56945012472025,14.2,14.3375,14.2,14.3375,57.6,57.35,81181485105.0,1409500000.0,4346,2828,1019000.0,-75000.0,-295000.0,1389000.0,57.35,0.0,True,0.032258064516129,2013-05-28,YUANTA_ETF_NAV_HISTORY,-0.0026315789473685,-0.0265410958904112,0.0215633423180587,0.0206463195691206,-0.0100992512624067,0.0207226752450062,49.4505494505492,-0.6735085804843326,-0.0315161839863719,0.1156797634396789,-0.9207113940308952,-0.0033309957924263,0.0325417766051011,-0.047032967032967,0.0089541547277935,-0.0020144954458733,1.0,-0.012955182072829,18,0.8709677419354839,0.0,1.0,2013-05,22,9.493635819154692,2013-05-02,0.007985803016858,False,False,9.56945012472025,9.57787393644976,-0.0008798944694397,0.5655378908651699,-0.0028456636209399,9.598410558485517,56.971896254897445,2013-04,all,0c8176dbe460617de3ee512bbcfae6ce17e4220c9cc72d6079e6a13f5aa65f8c,False,all
2013-06-24,53.4,53.5,53.1,53.4,21260360,1132613599,-0.2,5098,0.0,1.0,0.9962686567164178,201.84825061992856,8.996630927113758,0.1684762345901453,8.996630927113758,9.013478550572774,8.946088056736716,13.35,13.375,13.275,13.35,53.14,53.4,75564439881.0,1422000000.0,8442,2804,-17725000.0,-13746000.0,0.0,-3979000.0,53.4,0.0,True,0.0346441947565543,2013-06-25,YUANTA_ETF_NAV_HISTORY,-0.0119815668202766,-0.0218978102189779,-0.0596491228070176,-0.0174152153987166,-0.0437962715190436,-0.0427004420366431,20.86956521739121,-2.3011102998589923,-0.0868824531516188,0.1395929544851957,2.529715277665105,-0.0005593884020138,0.0345149253731343,0.2429248890928561,-0.027603074772886,-0.8232191210626051,1.0,0.0175942549371632,15,0.8,0.0,1.0,2013-06,19,8.979783303654745,2013-06-25,0.0018761726078797,False,True,8.979783303654745,9.030326174031789,-0.0056127369049574,0.7796378662152378,-0.0084141632320232,8.99943561756788,53.41664739517086,2013-05,all,0c8176dbe460617de3ee512bbcfae6ce17e4220c9cc72d6079e6a13f5aa65f8c,False,all
2013-07-31,56.95,56.95,56.55,56.6,4383656,248571828,-0.35,1140,0.0,1.0,0.9938542581211588,213.9440259379768,9.535754877802226,0.1684762345901453,9.594721559908775,9.594721559908775,9.527331066072716,14.2375,14.2375,14.1375,14.15,56.63,56.6,83642966746.0,1477000000.0,5263,3323,-1915000.0,86000.0,0.0,-2001000.0,56.6,0.0,True,0.0326855123674911,2013-08-01,YUANTA_ETF_NAV_HISTORY,0.0079646017699117,-0.001752848378615,0.0261261261261263,0.0008787346221439,0.0079200035396664,0.0093341997991376,60.0,0.5132776062904129,-0.0298126064735949,0.1799511026889436,-0.0774087117155685,-0.0003510619624362,0.0324846356453029,0.0036566589684372,-0.061425753733446,0.3202055322347481,1.0,0.0235620235620235,23,1.0,0.5877852522924732,-0.8090169943749473,2013-07,23,9.23249765553996,2013-07-01,0.0392335766423359,False,False,9.594721559908775,9.594721559908775,0.0,0.2460939475056377,-0.0005204460353651,9.63767797094138,57.20497015135165,2013-06,all,0c8176dbe460617de3ee512bbcfae6ce17e4220c9cc72d6079e6a13f5aa65f8c,True,all
2013-08-27,55.0,55.0,54.6,54.6,7339895,402257761,-0.5,1770,0.0,1.0,0.9909255898366606,206.38416636419672,9.198802408621937,0.1684762345901453,9.266192902457991,9.266192902457991,9.198802408621937,13.75,13.75,13.65,13.65,54.62,54.6,82935554617.0,1518500000.0,8931,5625,-1804000.0,-2066000.0,0.0,262000.0,54.6,0.0,True,0.0338827838827838,2013-08-28,YUANTA_ETF_NAV_HISTORY,0.0045578851412944,-0.0027149321266967,-0.0316344463971876,-0.0324846356453023,-0.0074307588380991,-0.010964354628812,35.18518518518542,-0.5239943868926694,-0.0434027777777774,0.1202494091050883,-0.9285827390725364,0.0003631082062454,0.0335753176043557,0.0877432147725865,0.162669199715032,-0.1393954987133359,1.0,0.0092807424593968,18,0.8709677419354839,0.9510565162951536,0.3090169943749474,2013-08,21,9.148259538244892,2013-08-22,0.0128913443830569,False,False,9.1566833499744,9.28304052591701,-0.0137051025916502,0.5197673355012129,-0.0023813152173445,9.307265784762038,55.24379036250404,2013-07,all,0c8176dbe460617de3ee512bbcfae6ce17e4220c9cc72d6079e6a13f5aa65f8c,False,all
2013-09-30,57.0,57.3,56.75,57.15,16694045,952581260,-0.25,1620,0.0,1.0,0.995644599303136,216.02298732076628,9.628416806826804,0.1684762345901453,9.603145371638282,9.653688242015326,9.561026312990746,14.25,14.325,14.1875,14.2875,57.01,57.15,85465123856.0,1499000000.0,4614,2784,-13248000.0,-3323000.0,0.0,-9925000.0,57.15,0.0,True,0.0323709536307961,2013-10-01,YUANTA_ETF_NAV_HISTORY,0.0026200873362445,-0.0026064291920073,0.0342342342342338,0.0464904284412033,0.0029266588040008,0.0184829217802751,55.88235294117616,0.2991220468724422,-0.0111972437553833,0.083921418793999,-1.277119492783768,-0.0045091918140824,0.0322299651567944,0.001919795221843,-0.009319986192613,0.4353540176821676,1.0,-0.0105680317040951,20,1.0,0.0,1.0,2013-09,20,9.426245325318632,2013-09-02,0.0187667560321713,False,False,9.603145371638282,9.67053586547434,-0.0069930354909705,0.3578512673585947,-0.0002191024060515,9.716759346202185,57.67436202405813,2013-08,all,0c8176dbe460617de3ee512bbcfae6ce17e4220c9cc72d6079e6a13f5aa65f8c,True,all
2013-10-29,57.45,57.8,57.3,57.75,5790985,333532119,0.25,1313,0.0,1.0,1.0043478260869565,223.4115842200144,9.957735882754376,0.1724283269741017,9.906007384662145,9.96635729910308,9.880143135616027,14.3625,14.45,14.325,14.4375,57.78,57.75,78982313416.0,1367000000.0,4695,904,46001.0,607001.0,0.0,-561000.0,57.75,0.0,True,0.0233766233766233,2013-10-30,YUANTA_ETF_NAV_HISTORY,0.007005253940455,-0.0025622524260405,0.025240890363477,0.039731927683102,0.0087318936273714,0.0334967798110961,61.110545913280674,0.9023176625876445,-0.0034068229150955,0.1129926876747989,-0.671604728614058,-0.0038115038115037,0.0234782608695652,0.0577105014191106,,0.5371424024191302,1.0,-0.0270462633451957,20,0.935483870967742,0.9510565162951536,0.3090169943749474,2013-10,22,9.603145371638282,2013-10-01,0.0315377932232836,False,False,9.906007384662145,9.914628801010853,-0.0008699435085403,0.5854839444487064,-0.0014336439579089,9.949927062096846,57.70471265774851,2013-09,all,0c8176dbe460617de3ee512bbcfae6ce17e4220c9cc72d6079e6a13f5aa65f8c,False,all
2013-11-29,57.35,57.7,57.25,57.55,14720545,846658034,0.2,2727,0.0,1.0,1.003487358326068,222.63786444782377,9.923250217359556,0.1724283269741017,9.888764551964735,9.949114466405671,9.871521719267326,14.3375,14.425,14.3125,14.3875,57.6,57.55,85165909726.0,1478500000.0,6662,1884,11499000.0,352000.0,0.0,11147000.0,57.55,0.0,True,0.0234578627280625,2013-12-02,YUANTA_ETF_NAV_HISTORY,0.0061403508771928,0.0342651036970242,-0.0094991364421417,0.0361042970424423,0.0148646257299591,0.0128695465484374,58.33333333333318,1.4742515140237735,-0.0094991364421417,0.1181603359355916,0.1434788983359496,0.000174398325776,0.023539668700959,-0.0814054187801558,0.1822429906542055,0.7443261152210419,1.0,0.0116318850496066,21,0.9666666666666668,-0.9510565162951536,0.3090169943749472,2013-11,21,9.569772147062643,2013-11-22,0.0333333333333336,False,False,9.888764551964735,9.888764551964735,0.0,0.1532080642183504,-0.0004712057284237,9.93352653714909,57.60959763091061,2013-10,all,0c8176dbe460617de3ee512bbcfae6ce17e4220c9cc72d6079e6a13f5aa65f8c,True,all
2013-12-31,59.05,59.05,58.7,58.7,12256516,722130011,-0.1,2036,0.0,1.0,0.9982993197278912,227.08675313791943,10.121542793379778,0.1724283269741018,10.181892707820712,10.181892707820712,10.121542793379778,14.7625,14.7625,14.675,14.675,58.87,58.7,81911407067.0,1391500000.0,5743,2408,5027000.0,3790000.0,0.0,1237000.0,58.7,0.0,True,0.0229982964224872,2014-01-02,YUANTA_ETF_NAV_HISTORY,0.0085763293310463,0.0164217804667243,0.0234986945169719,0.0295863529240394,0.0211879124696077,0.0290631098285578,64.70588235294119,2.749743101159749,0.0,0.0780540458290061,3.163790296788917,-0.0037275499830566,0.0229591836734693,-0.1151957136478643,-0.021004942339374,0.5084216862269934,1.0,-0.0060714285714286,22,1.0,0.9510565162951536,0.3090169943749474,2013-12,22,9.837036053872504,2013-12-06,0.0350569675723053,False,False,10.181892707820712,10.138785626077189,0.0042426877387897,0.1567073909752446,-0.0003706227855608,10.185703800645149,59.07210247522155,2013-11,all,0c8176dbe460617de3ee512bbcfae6ce17e4220c9cc72d6079e6a13f5aa65f8c,True,all
2014-01-27,58.1,58.2,57.45,57.6,21325343,1228049744,-1.05,5733,0.0,1.0,0.9820971867007672,222.8312943908716,9.931871633708266,0.1724283269741018,10.018085797195315,10.035328629892726,9.90600738466215,14.525,14.55,14.3625,14.4,57.68,57.6,77115841543.0,1337000000.0,4974,2390,-11921000.0,-4996000.0,765000.0,-7690000.0,57.6,0.0,True,0.0234375,2014-02-05,YUANTA_ETF_NAV_HISTORY,0.0025641025641025,0.0,0.0138288677614522,0.0129533678756481,0.0069101678183614,0.0215841957818647,69.38775510204079,0.9094593847959034,-0.0025510204081632,0.0796071964619663,0.2262396888245414,-0.0018720217835261,0.0230179028132992,-0.0979918185198959,-0.0039510075069142,0.8293453178510999,1.0,-0.001479837217906,18,0.8709677419354839,0.0,1.0,2014-01,18,9.914628801010858,2014-01-10,0.0104347826086952,False,False,10.018085797195315,10.112921377031071,-0.0094219112416189,0.3211466019692872,-0.0025215287723825,10.137890744707562,58.794810125544174,2013-12,all,0c8176dbe460617de3ee512bbcfae6ce17e4220c9cc72d6079e6a13f5aa65f8c,True,all
2014-02-05,56.4,56.4,55.6,55.8,57559609,3221379831,-1.8,14073,0.0,1.0,0.96875,215.8678164411568,9.621500645154882,0.1724283269741018,9.724957641339342,9.724957641339342,9.58701497976006,14.1,14.1,13.9,13.95,55.76,55.8,75418080597.0,1352500000.0,6384,1666,-48751000.0,-33057000.0,245000.0,-15939000.0,55.8,0.0,True,0.0241935483870967,2014-02-06,YUANTA_ETF_NAV_HISTORY,-0.0179028132992326,-0.0204081632653059,-0.0120068610634647,6.661338147750939e-16,-0.0105217951470903,0.0032949646553355,48.571428571428434,-1.3195138314212322,-0.0204081632653059,0.0982371006283731,2.474814923627036,-0.001386962552011,0.0234375,-0.0721880246222719,-0.0642129992169145,-0.5590062490436848,1.0,-0.0107288198298187,1,0.1785714285714285,0.5877852522924732,-0.8090169943749473,2014-02,17,9.647364894201,2014-02-06,0.0080428954423588,False,False,9.647364894201,9.931871633708266,-0.029064132943911,0.8434854011459786,-0.0147277766965359,9.835602471408984,57.04168592255877,2014-01,all,0c8176dbe460617de3ee512bbcfae6ce17e4220c9cc72d6079e6a13f5aa65f8c,False,all
2014-03-31,60.05,60.15,59.9,60.1,17186901,1032021422,0.2,2088,0.0,1.0,1.003338898163606,232.50279154325307,10.362942451143518,0.1724283269741018,10.354321034794811,10.371563867492222,10.328456785748696,15.0125,15.0375,14.975,15.025,60.6,60.1,74025922277.0,1221500000.0,1777,1518,13874000.0,11286000.0,0.0,2588000.0,60.1,0.0,True,0.0224625623960066,2014-04-01,YUANTA_ETF_NAV_HISTORY,0.0016722408026756,0.0239316239316234,0.0274442538593477,0.0363321799307958,0.0148242270224479,0.0278997268658205,58.252427184465816,1.4777011582338555,0.0,0.1249461549772866,1.010641250264789,-0.0051486464042518,0.0225375626043405,-0.2710915633746501,0.0447966919365954,0.840321965554982,1.0,-0.0032219089810713,21,1.0,0.0,1.0,2014-03,21,9.966357299103084,2014-03-03,0.0389273356401382,False,False,10.354321034794811,10.328456785748696,0.0025010434045888,0.248917823072324,-0.0005447462771624,10.374446089212478,60.16671547692212,2014-02,all,0c8176dbe460617de3ee512bbcfae6ce17e4220c9cc72d6079e6a13f5aa65f8c,True,all
2014-04-28,60.3,61.5,60.3,61.25,8482863,516757486,0.55,1696,0.0,1.0,1.0090609555189456,236.95168023334853,10.56123502716373,0.1724283269741017,10.397428116538334,10.604342108907256,10.397428116538334,15.075,15.375,15.075,15.3125,61.28,61.25,65297775549.0,1065500000.0,823,627,899000.0,487000.0,0.0,412000.0,61.25,0.0,True,0.0220408163265306,2014-04-29,YUANTA_ETF_NAV_HISTORY,-0.0170040485829959,-0.0138099106417547,0.0150501672240803,0.0367207514944489,-0.0053256861941828,0.025280108102021,53.12499999999989,-0.6396881807034005,-0.0170040485829959,0.0811566527170393,1.55493337574403,-0.0034477097356754,0.0222405271828665,0.0858652575957727,-0.0550595238095238,0.0132296108555812,1.0,-0.0503565062388592,19,0.9333333333333332,0.0,1.0,2014-04,21,10.388806700189631,2014-04-01,0.0008298755186719,False,True,10.397428116538334,10.466399447327976,-0.0066115943323129,0.558875669990083,-0.001257139279538,10.505516242509977,60.92685828870727,2014-03,all,0c8176dbe460617de3ee512bbcfae6ce17e4220c9cc72d6079e6a13f5aa65f8c,False,all
2014-05-30,63.4,63.45,63.1,63.1,6715690,424930735,-0.3,887,0.0,1.0,0.995268138801262,244.1085881261109,10.88022743206582,0.1724283269741017,10.931955930158052,10.940577346506757,10.88022743206582,15.85,15.8625,15.775,15.775,63.03,63.1,61956613997.0,983000000.0,742,648,3437000.0,2277000.0,0.0,1160000.0,63.1,0.0,True,0.0213946117274168,2014-06-03,YUANTA_ETF_NAV_HISTORY,-0.0047095761381474,0.011971268954509,0.0393442622950819,0.0987868284228765,0.0216331627925714,0.0421346775519146,75.32467532467544,1.7843485993066437,-0.0047095761381474,0.0822180617105877,0.3905554108213638,-0.0025173064820642,0.0212933753943217,-0.1425598335067638,-0.0257575757575757,0.5126330038010066,1.0,-0.0030287733467945,21,0.967741935483871,-0.9510565162951536,0.3090169943749472,2014-05,21,10.543992194466323,2014-05-02,0.0367947669664758,False,False,10.931955930158052,10.931955930158052,0.0,0.1802905017566162,-0.0006946823778596,10.97898615184948,63.67275229376027,2014-04,all,0c8176dbe460617de3ee512bbcfae6ce17e4220c9cc72d6079e6a13f5aa65f8c,True,all
2014-06-30,65.3,66.0,65.2,65.95,7584505,498698481,0.6,1177,0.0,1.0,1.0091813312930376,255.13409487982588,11.371648163942009,0.1724283269741017,11.259569751408842,11.380269580290712,11.242326918711433,16.325,16.5,16.3,16.4875,66.03,65.95,89234517378.0,1351500000.0,776,641,4470000.0,2694000.0,0.0,1776000.0,65.95,0.0,True,0.0204700530705079,2014-07-01,YUANTA_ETF_NAV_HISTORY,0.0,0.0092664092664089,0.0307570977917979,0.078382838283828,0.0179920554560319,0.0460044550559548,75.40983606557387,1.7348816756124394,0.0,0.0618495552662941,1.0405992692259574,0.0003061380682687,0.0206579954093343,0.1943521594684385,0.0093896713615022,0.263301409437594,1.0,0.1895943562610229,20,1.0,0.0,1.0,2014-06,20,10.888848848414526,2014-06-03,0.0340459224069673,False,False,11.259569751408842,11.268191167757548,-0.0007654037878456,0.1689902556815906,-0.0004575423415103,11.319351855838288,65.6467069795233,2014-05,all,0c8176dbe460617de3ee512bbcfae6ce17e4220c9cc72d6079e6a13f5aa65f8c,True,all
2014-07-31,67.85,67.85,66.6,66.75,11131485,745106345,-1.1,2605,0.0,1.0,0.9837877671333826,258.2289739685879,11.509590825521288,0.1724283269741016,11.699261985192798,11.699261985192798,11.48372657647517,16.9625,16.9625,16.65,16.6875,66.49,66.75,89566201254.0,1347000000.0,2039,705,-6159000.0,-3085000.0,0.0,-3074000.0,66.75,0.0,True,0.0202247191011235,2014-08-01,YUANTA_ETF_NAV_HISTORY,0.0059303187546329,-0.0036710719530103,0.0195341848234409,0.1086601307189538,-0.0005891883929887,0.0457633867218103,50.0,-0.085887550187912,-0.0159535895576504,0.0959152748806608,-1.2920678916392314,-0.0001473622163278,0.0198968312453942,0.5271453590192645,0.0143061516452074,0.1489040022681971,1.0,0.0,22,1.0,-0.587785252292473,-0.8090169943749475,2014-07,22,11.371648163942012,2014-07-01,0.028809704321455,False,False,11.699261985192798,11.699261985192802,-3.33066907387547e-16,0.237028152820217,-0.0002863325392288,11.754392148272167,68.16972799392559,2014-06,all,0c8176dbe460617de3ee512bbcfae6ce17e4220c9cc72d6079e6a13f5aa65f8c,True,all
2014-08-01,65.95,66.3,65.9,66.25,12831792,848041295,-0.5,3119,0.0,1.0,0.99250936329588,256.2946745381116,11.423376662034238,0.1724283269741017,11.371648163942009,11.431998078382945,11.363026747593304,16.4875,16.575,16.475,16.5625,66.16,66.25,89908378586.0,1359000000.0,2401,666,-4895000.0,-6288000.0,0.0,1393000.0,66.25,0.0,True,0.020377358490566,2014-08-04,YUANTA_ETF_NAV_HISTORY,-0.0162122328666175,-0.0241228070175441,-0.0052160953800297,0.0844841592201459,-0.0165383623706214,0.027436795320737,35.45454545454537,-2.24334614188138,-0.0319071791153009,0.109002990050204,2.614135441128463,0.0039103624605205,0.0202247191011235,0.7901668129938542,0.0158501440922189,-0.553295449798477,1.0,0.0,1,0.032258064516129,-0.9510565162951536,0.3090169943749472,2014-08,21,11.25956975140884,2014-08-06,0.0099540581929558,False,False,11.25956975140884,11.509590825521288,-0.0219622609979736,0.8224925564206449,-0.0126582917935606,11.421641378814334,66.2399362056667,2014-07,all,0c8176dbe460617de3ee512bbcfae6ce17e4220c9cc72d6079e6a13f5aa65f8c,False,all
2014-09-15,67.15,67.75,67.15,67.75,13125698,886657069,0.0,2641,0.0,1.0,1.0,262.0975728295407,11.682019152495396,0.1724283269741018,11.578562156310936,11.682019152495396,11.578562156310936,16.7875,16.9375,16.7875,16.9375,67.71,67.75,63781576126.0,942000000.0,3242,1270,-6695000.0,-7394000.0,0.0,699000.0,67.75,0.0,True,0.0199261992619926,2014-09-16,YUANTA_ETF_NAV_HISTORY,-0.0095029239766081,-0.0181159420289854,0.0096870342771988,0.0503875968992251,-0.0118865310289504,0.0051680225513712,40.38461538461564,-1.0771108013007948,-0.0293696275071632,0.1120256042894302,2.3863935857502843,0.0020706996006507,0.0199261992619926,0.4413928396272681,-0.0447257383966245,-0.47980916296597,1.0,0.0161812297734627,10,0.5,0.0,1.0,2014-09,21,11.259569751408849,2014-09-30,0.0283307810107196,False,False,11.259569751408849,11.682019152495396,-0.0368324234774247,0.672901465724913,-0.0138237890713537,11.579248660699529,67.15398138983682,2014-08,all,0c8176dbe460617de3ee512bbcfae6ce17e4220c9cc72d6079e6a13f5aa65f8c,False,all
2014-10-13,64.15,64.55,63.8,64.0,19670686,1262058555,-2.0,4439,0.0,1.0,0.9696969696969696,247.59032710096832,11.035412926342516,0.1724283269741018,11.06127717538863,11.13024850617827,11.000927260947694,16.0375,16.1375,15.95,16.0,64.09,64.0,67165825502.0,1048000000.0,6514,1481,-7166000.0,-1452000.0,-140000.0,-5574000.0,64.0,0.0,True,0.02109375,2014-10-14,YUANTA_ETF_NAV_HISTORY,0.004566210045662,0.0076335877862596,-0.0350877192982455,-0.0427846265409711,-0.008227206130959,-0.0198626322628545,31.481481481481453,-0.607352333050586,-0.0544412607449854,0.1127631051135307,-0.3113212058077877,0.0018214936247724,0.0204545454545454,-0.028886872353297,-0.0570491803278688,-0.2244017792991843,1.0,-0.0014306151645206,8,0.4193548387096774,0.0,1.0,2014-10,22,10.97506301190158,2014-10-16,0.0078554595443831,False,False,10.97506301190158,11.38026958029072,-0.03625541702301,0.6542823910812506,-0.0169173865847256,11.245311343344584,65.21730820385211,2014-09,all,0c8176dbe460617de3ee512bbcfae6ce17e4220c9cc72d6079e6a13f5aa65f8c,False,all
2014-11-28,67.55,67.7,67.35,67.5,9382047,633454608,0.0,1578,0.0,1.0,1.0,267.5499656333694,11.925039171618886,0.1766672469869464,11.933872533968234,11.960372621016276,11.898539084570844,16.8875,16.925,16.8375,16.875,67.62,67.5,74590260894.0,1103000000.0,2919,2160,3947148.0,2511148.0,0.0,1436000.0,67.5,0.0,True,0.0229629629629629,2014-12-01,YUANTA_ETF_NAV_HISTORY,0.0097232610321615,0.0135135135135135,0.0416666666666663,0.0059548698723956,0.0243569314819027,0.036774947922249,68.54838709677414,2.199507390792259,-0.0013083421844448,0.118124568720944,0.6317560800092423,0.0016322896572191,0.0229629629629629,-0.2079385403329064,0.0315533980582525,0.7150619860548695,1.0,0.0013617793917386,20,0.9333333333333332,-0.9510565162951536,0.3090169943749472,2014-11,20,11.483371054151522,2014-11-07,0.0392307692307691,False,False,11.933872533968234,11.925039171618886,0.0007404665277236,0.141769221599969,-0.0007415413014524,11.975780538134725,67.78721433871436,2014-10,all,0c8176dbe460617de3ee512bbcfae6ce17e4220c9cc72d6079e6a13f5aa65f8c,True,all
2014-12-01,66.3,67.45,66.15,66.8,21282946,1420990551,-0.7,2802,0.0,1.0,0.9896296296296296,264.7753733971715,11.801372098728024,0.1766672469869464,11.71303847523455,11.91620580926954,11.68653838818651,16.575,16.8625,16.5375,16.7,66.85,66.8,73707296698.0,1102500000.0,3123,2062,-6885000.0,-3219000.0,0.0,-3666000.0,66.8,0.0,True,0.0232035928143712,2014-12-02,YUANTA_ETF_NAV_HISTORY,0.0,0.0127531882970743,0.0336906584992342,-0.0013083421844448,0.0226497992576319,0.0367984181601841,62.85714285714278,1.8813219036151247,-0.0013083421844447,0.1164834532520038,-1.148510782819302,-0.0017746228926354,0.0229629629629629,-0.2530706243602866,0.021759697256386,0.4207128785434564,1.0,0.0018165304268846,1,0.032258064516129,0.0,1.0,2014-12,24,11.297870444815237,2014-12-18,0.0367474589523053,False,False,11.297870444815237,11.925039171618886,-0.0540260698536315,0.5355721580826555,-0.0117842489562004,11.844262986104022,67.04277781030443,2014-11,all,0c8176dbe460617de3ee512bbcfae6ce17e4220c9cc72d6079e6a13f5aa65f8c,False,all
2015-01-06,65.75,65.75,64.75,64.9,19501826,1272547315,-1.65,4903,0.0,1.0,0.975206611570248,257.2443373274917,11.465704329452835,0.1766672469869466,11.61587148939174,11.61587148939174,11.439204242404792,16.4375,16.4375,16.1875,16.225,64.85,64.9,73642161229.0,1135500000.0,4771,1747,-12640000.0,-6065000.0,-384000.0,-6191000.0,64.9,0.0,True,0.0238828967642526,2015-01-07,YUANTA_ETF_NAV_HISTORY,-0.0044876589379206,0.00150489089541,-0.0044876589379202,0.0331218609569128,0.0118595104150827,0.0186220366748328,61.60000000000007,0.79070751499604,-0.0140740740740735,0.1367096929013161,-0.6255419458070193,-0.0041897351488852,0.0232907588279489,0.0591534931157573,-0.0383631713554987,0.0495583272920885,1.0,0.0,2,0.1935483870967742,0.9510565162951536,0.3090169943749474,2015-01,20,11.43037088005544,2015-01-07,0.0162287480680067,False,False,11.43037088005544,11.757205286981293,-0.0281923433342658,0.578440619016437,-0.0123993499039548,11.67038527824642,66.05856760256592,2014-12,all,0c8176dbe460617de3ee512bbcfae6ce17e4220c9cc72d6079e6a13f5aa65f8c,False,all
2015-02-26,70.55,70.65,70.05,70.3,8688633,610954509,-0.5,1552,0.0,1.0,0.9929378531073446,278.6483345781611,12.41970746318234,0.1766672469869465,12.463874274929076,12.481540999627772,12.375540651435603,17.6375,17.6625,17.5125,17.575,70.12,70.3,74148365462.0,1057500000.0,2012,1581,3182000.0,4197000.0,0.0,-1015000.0,70.3,0.0,True,0.0220483641536273,2015-03-02,YUANTA_ETF_NAV_HISTORY,0.0078291814946618,0.0373626373626372,0.0606741573033704,0.0598802395209583,0.0289575990989352,0.0572950370849718,63.199999999999775,2.4817824377393523,0.0,0.1117185179021372,0.7273999851509628,-0.0028169014084507,0.0218926553672316,-0.280297661233168,-0.0721769499417928,0.6801003581288506,1.0,-0.0139860139860139,13,0.9285714285714286,-0.587785252292473,-0.8090169943749475,2015-02,13,12.048706244509756,2015-02-02,0.0344574780058646,False,False,12.463874274929076,12.508041086675814,-0.0035373224008511,0.1598428635028003,-0.0031983021065342,12.530441000089247,70.92679154622866,2015-01,all,0c8176dbe460617de3ee512bbcfae6ce17e4220c9cc72d6079e6a13f5aa65f8c,True,all
2015-03-30,68.75,68.9,68.55,68.8,10353567,711624155,0.05,2088,0.0,1.0,1.000727272727273,272.7027797863085,12.154706592701926,0.1766672469869466,12.14587323035258,12.172373317400622,12.11053978095519,17.1875,17.225,17.1375,17.2,68.79,68.8,67962891819.0,988000000.0,2967,1319,-5697000.0,535000.0,-30000.0,-6202000.0,68.8,0.0,True,0.0225290697674418,2015-03-31,YUANTA_ETF_NAV_HISTORY,-0.0093659942363114,-0.0255138199858255,-0.0220483641536269,0.0448328267477202,-0.0138774339297881,0.006576298483425,46.90265486725677,-1.6067776755557392,-0.0289548022598866,0.0991767715912288,0.7939202738595912,0.0042360502483203,0.0225454545454545,0.4205561072492552,-0.0760028149190711,-0.7761788872153063,1.0,-0.0045340050377833,21,0.967741935483871,0.0,1.0,2015-03,22,12.075206331557798,2015-03-11,0.0058522311631312,False,False,12.14587323035258,12.145873230352578,2.2204460492503126e-16,0.5482370815337112,-0.0003946242709499,12.201786525185735,69.06648930849806,2015-02,all,0c8176dbe460617de3ee512bbcfae6ce17e4220c9cc72d6079e6a13f5aa65f8c,False,all
2015-04-20,68.7,69.15,68.55,68.95,9571501,657845763,-0.1,1586,0.0,1.0,0.998551774076756,273.2973352654938,12.181206679749966,0.1766672469869465,12.137039868003228,12.216540129147354,12.110539780955186,17.175,17.2875,17.1375,17.2375,69.02,68.95,68159376156.0,987500000.0,3280,1386,-1955250.0,-6949250.0,0.0,4994000.0,68.95,0.0,True,0.0224800580130529,2015-04-21,YUANTA_ETF_NAV_HISTORY,-0.0093256814921089,-0.0086145010768127,-0.0121602288984263,0.050190114068441,-0.0071533843775837,0.0015108478878347,47.368421052631454,-0.7407090416090021,-0.0247175141242934,0.1241803374308283,0.3598059526175839,0.0007246376811593,0.0224475018102824,0.1079986500168748,0.1176948051948052,-0.6170707090499699,1.0,0.0,12,0.6666666666666666,0.0,1.0,2015-04,20,12.137039868003228,2015-04-01,0.0,False,True,12.137039868003228,12.19887340444866,-0.0050816806269975,0.6109024982501134,-0.009825889757216,12.139993562160564,68.71671896861311,2015-03,all,0c8176dbe460617de3ee512bbcfae6ce17e4220c9cc72d6079e6a13f5aa65f8c,False,all
2015-05-21,70.15,70.2,69.75,70.15,11567932,809811559,-0.65,2097,0.0,1.0,0.990819209039548,278.05377909897595,12.393207376134304,0.1766672469869465,12.393207376134304,12.40204073848365,12.322540477339524,17.5375,17.55,17.4375,17.5375,70.26,70.15,70086896930.0,997500000.0,4871,1320,-8728000.0,-3274000.0,0.0,-5454000.0,70.15,0.0,True,0.022095509622238,2015-05-22,YUANTA_ETF_NAV_HISTORY,-0.0070126227208976,-0.0042194092827003,0.0268310369833211,0.0260869565217392,-0.0042894311229871,0.0104061366474401,41.22807017543861,-0.3722766331870454,-0.0268041237113401,0.1506371623356001,-0.5690531541553174,-0.0035186488388458,0.0218926553672316,0.0913870806209313,0.0300395256916996,-0.4824312943739189,1.0,0.010126582278481,14,0.6774193548387096,-0.587785252292473,-0.8090169943749475,2015-05,20,12.375540651435609,2015-05-18,0.0014275517487509,False,True,12.393207376134304,12.508041086675815,-0.0092231941512038,0.5036256902181557,-0.0086251967821318,12.462623801381593,70.54292187109489,2015-04,all,0c8176dbe460617de3ee512bbcfae6ce17e4220c9cc72d6079e6a13f5aa65f8c,False,all
2015-06-30,68.8,69.4,68.8,69.4,4093490,282871294,0.6,1284,0.0,1.0,1.0087209302325582,275.08100170304965,12.260706940894094,0.1766672469869465,12.154706592701924,12.260706940894094,12.154706592701924,17.2,17.35,17.2,17.35,69.74,69.4,123958826789.0,1777500000.0,5004,1736,-63000.0,142000.0,0.0,-205000.0,69.4,0.0,True,0.0223342939481268,2015-07-01,YUANTA_ETF_NAV_HISTORY,-0.0234208658623136,-0.0079307858687815,-0.0323488045007027,-0.0036205648081097,-0.0053850880046261,-0.017610661589719,49.1379310344828,-0.4796504563287455,-0.0542955326460476,0.1387556948390588,0.3509754506274134,-0.0017411491584445,0.0225290697674418,-0.045290199809705,-0.0855503390714658,-0.5997670557622686,1.0,0.594170403587444,21,1.0,0.9510565162951536,0.3090169943749474,2015-06,21,12.04870624450976,2015-06-17,0.008797653958944,False,False,12.154706592701924,12.154706592701928,-3.33066907387547e-16,0.5586321416844598,-0.000427721359862,12.210256421119364,69.11443195818605,2015-05,all,0c8176dbe460617de3ee512bbcfae6ce17e4220c9cc72d6079e6a13f5aa65f8c,False,all
2015-07-06,69.55,70.05,69.2,69.3,7584634,526949522,-0.8,1559,0.0,1.0,0.9885877318116976,274.6846313835928,12.243040216195398,0.1766672469869465,12.287207027942134,12.375540651435609,12.225373491496704,17.3875,17.5125,17.3,17.325,69.37,69.3,123311094091.0,1777500000.0,4920,1782,-4041000.0,231000.0,-202000.0,-4070000.0,69.3,0.0,True,0.0223665223665223,2015-07-07,YUANTA_ETF_NAV_HISTORY,0.0,-0.0049680624556425,0.021865889212828,0.0159420289855074,0.01326202435587,0.0002615995624151,60.83333333333332,1.272259474186054,-0.0364261168384877,0.1246154961109662,-0.131526678033278,-0.000712758374911,0.0221112696148359,0.0321222862206469,-0.025695931477516,-0.2805810113901977,1.0,0.0,4,0.1935483870967742,0.0,1.0,2015-07,22,11.589371402343698,2015-07-30,0.0602134146341462,False,False,11.589371402343698,12.384374013784957,-0.066347098090501,0.5217185358235265,-0.0124415210770313,12.292404338820615,69.57941864418633,2015-06,all,0c8176dbe460617de3ee512bbcfae6ce17e4220c9cc72d6079e6a13f5aa65f8c,False,all
2015-08-21,60.6,60.75,59.8,59.8,28076492,1689327220,-1.6,6417,0.0,1.0,0.973941368078176,237.0294510351928,10.564701369819412,0.1766672469869467,10.70603516740897,10.732535254457012,10.564701369819412,15.15,15.1875,14.95,14.95,59.68,59.8,77939649473.0,1306000000.0,9941,2184,-19224000.0,-16106000.0,0.0,-3118000.0,59.8,0.0,True,0.0259197324414715,2015-08-24,YUANTA_ETF_NAV_HISTORY,-0.0032467532467536,-0.0338316286388671,-0.0856291883842141,-0.1352112676056333,-0.0482464638635923,-0.0912118408880664,9.401709401709468,-2.0331984820811897,-0.1412587412587407,0.1222533890427997,0.6713792665212064,-0.0029230269568041,0.0252442996742671,0.0224387040280209,0.1995649809679174,-0.6962989581486508,1.0,-0.1778407302486623,15,0.6774193548387096,-0.9510565162951536,0.3090169943749472,2015-08,21,10.158366701749436,2015-08-25,0.0539130434782608,False,False,10.158366701749436,10.847368964998529,-0.065624887349792,0.8140725890250785,-0.0122601489191753,10.768766478064794,60.95508172412094,2015-07,all,0c8176dbe460617de3ee512bbcfae6ce17e4220c9cc72d6079e6a13f5aa65f8c,False,all
2015-09-30,61.45,62.6,61.45,62.4,8574123,533541019,0.15,2087,0.0,1.0,1.002409638554217,247.3350793410709,11.024036211985482,0.1766672469869468,10.856202327347884,11.059369661382872,10.856202327347884,15.3625,15.65,15.3625,15.6,62.54,62.4,79707561567.0,1274500000.0,5060,2943,-3107000.0,1074000.0,-34000.0,-4147000.0,62.4,0.0,True,0.0248397435897435,2015-10-01,YUANTA_ETF_NAV_HISTORY,0.0040322580645162,-0.0400925212027755,0.0072815533980588,-0.1119828815977163,-0.0102158444965612,-0.0334976516710003,54.95049504950506,-0.5767335443678203,-0.1119828815977163,0.2237112414309126,-0.8260873208285792,0.003384912959381,0.0248995983935742,0.1193106495802032,0.0207527259936686,-0.2549238329377974,1.0,-0.0324449594438006,20,1.0,0.5877852522924732,-0.8090169943749473,2015-09,20,10.794368790902446,2015-09-02,0.005728314238953,False,False,10.856202327347884,10.997536124937438,-0.0129346993327729,0.3769248515290433,-0.0016677848404662,11.034105936700676,62.45699825455444,2015-08,all,0c8176dbe460617de3ee512bbcfae6ce17e4220c9cc72d6079e6a13f5aa65f8c,True,all
2015-10-30,63.3,63.45,62.8,63.2,5991825,378136344,-0.1,2399,0.0,1.0,0.9984202211690364,258.26765434898675,11.511314858826012,0.1821410578928166,11.529528964615292,11.556850123299215,11.438458435668885,15.825,15.8625,15.7,15.8,62.95,63.2,77368356623.0,1229000000.0,4788,750,-2416000.0,-481000.0,-80000.0,-1855000.0,63.2,0.0,True,0.0316455696202531,2015-11-02,YUANTA_ETF_NAV_HISTORY,-0.007058823529412,-0.003644727739311,0.0458536912351785,0.0001727254111143,0.0010351965951236,0.0271230600133249,55.06677854695468,0.0718668266601307,-0.0193648334624324,0.1298775317361951,-0.2932525586408845,0.002375296912114,0.0315955766192733,0.076993166287016,,-0.3446703329289597,1.0,0.0207641196013288,21,0.967741935483871,-0.9510565162951536,0.3090169943749472,2015-10,21,11.059369661382874,2015-10-01,0.0425123056401777,False,False,11.529528964615292,11.52952896461529,2.2204460492503126e-16,0.5836672769813789,-0.0004180253188388,11.582333888502266,63.58991224986762,2015-09,all,0c8176dbe460617de3ee512bbcfae6ce17e4220c9cc72d6079e6a13f5aa65f8c,False,all
2015-11-25,61.85,62.1,61.5,61.95,5964136,368131013,0.0,1793,0.0,1.0,1.0,253.15951245126155,11.28363853645999,0.1821410578928166,11.265424430670707,11.31095969514391,11.20167506040822,15.4625,15.525,15.375,15.4875,61.99,61.95,78724856843.0,1270000000.0,6078,2304,-1920000.0,-213000.0,0.0,-1707000.0,61.95,0.0,True,0.0322841000807102,2015-11-26,YUANTA_ETF_NAV_HISTORY,-0.0103833865814696,-0.0064153969526865,-0.0350467289719624,0.0618361145934553,-0.0162763001190949,-0.005526621013365,29.06976744186035,-0.8623270213281427,-0.0549199084668193,0.1785827784160708,-0.6883930261466987,-0.0001613944480309,0.0322841000807102,0.0083306109114669,0.084125475285171,-0.4063045862861518,1.0,0.0,18,0.8333333333333334,0.5877852522924732,-0.8090169943749473,2015-11,21,11.092390425672532,2015-11-30,0.0155993431855501,False,False,11.092390425672532,11.28363853645999,-0.0170944333593,0.5945253801280612,-0.0057690547550505,11.274823668419817,61.90160416798852,2015-10,all,0c8176dbe460617de3ee512bbcfae6ce17e4220c9cc72d6079e6a13f5aa65f8c,False,all
2015-12-31,60.55,60.95,60.5,60.75,3894479,236577519,0.2,988,0.0,1.0,1.0033030553261768,248.2556962294453,11.06506926698861,0.1821410578928166,11.028641055410048,11.101497478567174,11.019534002515403,15.1375,15.2375,15.125,15.1875,61.22,60.75,80836172413.0,1320500000.0,5637,3140,1642049.0,720049.0,-297000.0,1219000.0,60.75,0.0,True,0.0329218106995884,2016-01-04,YUANTA_ETF_NAV_HISTORY,-0.0073770491803279,-0.0057471264367817,-0.0280898876404497,-0.0230662743999933,-0.0061143255775781,-0.0290454291931109,50.0,-0.4635046987208153,-0.0762776506483602,0.1331406291157527,-0.3401611761682079,-0.0026354801515401,0.0330305532617671,-0.039447731755424,-0.0054627249357326,0.1127716122870661,1.0,0.0196911196911195,23,1.0,-0.587785252292473,-0.8090169943749475,2015-12,23,10.791857680149384,2015-12-14,0.0219409282700424,False,False,11.028641055410048,11.028641055410043,4.440892098500625e-16,0.348360454549578,-0.0007789582923964,11.075153816840391,60.80536670297435,2015-11,all,0c8176dbe460617de3ee512bbcfae6ce17e4220c9cc72d6079e6a13f5aa65f8c,True,all
2016-01-14,56.5,56.7,55.85,56.7,15487360,871255829,-0.45,5765,0.0,1.0,0.9921259842519686,231.70531648081564,10.3273979825227,0.1821410578928166,10.290969770944136,10.3273979825227,10.172578083313809,14.125,14.175,13.9625,14.175,56.63,56.7,78710104126.0,1390000000.0,9428,4464,-11576900.0,-7200900.0,-240000.0,-4136000.0,56.7,0.0,True,0.0352733686067019,2016-01-15,YUANTA_ETF_NAV_HISTORY,0.011504424778761,-0.0222412318220701,-0.0386879730866277,-0.1065849829900712,-0.0419914508423435,-0.0715073747434897,23.40425531914886,-1.4640050999071406,-0.1281464530892451,0.1513010384259775,-0.0956229271342134,-0.0013978682509173,0.0349956255468066,0.3721687638786084,0.3052412150089338,-0.1298906049340537,1.0,0.0369265199552406,9,0.4516129032258064,-0.587785252292473,-0.8090169943749475,2016-01,21,10.181685136208449,2016-01-18,0.0107334525939173,False,False,10.181685136208449,10.40936145857447,-0.0221150100797662,0.6457646857351733,-0.0160314485319045,10.295033911898798,56.52231315114604,2015-12,all,0c8176dbe460617de3ee512bbcfae6ce17e4220c9cc72d6079e6a13f5aa65f8c,False,all
2016-02-26,61.35,61.7,60.9,61.25,14513092,888888205,0.15,2460,0.0,1.0,1.0024549918166938,250.29895298853532,11.156139795935015,0.1821410578928165,11.174353901724295,11.238103271986782,11.092390425672528,15.3375,15.425,15.225,15.3125,61.5,61.25,82191666084.0,1336500000.0,5126,4226,10595100.0,6465100.0,-300000.0,4430000.0,61.25,0.0,True,0.0326530612244898,2016-03-01,YUANTA_ETF_NAV_HISTORY,0.0132669983416255,0.0032840722495899,0.0930232558139538,-0.0137207425343018,0.0337534895524915,0.0241367750586658,76.69172932330844,1.2582369152309325,-0.0270700636942675,0.1584283798447571,1.3404428831018131,-0.0032626427406198,0.0327332242225859,-0.0793140407288317,-0.036995006808897,0.8621723080884164,1.0,-0.0242841609278724,13,0.896551724137931,-0.9510565162951536,0.3090169943749472,2016-02,13,10.618823675151209,2016-02-15,0.0523156089193821,False,False,11.174353901724295,11.128818637251094,0.0040833049793705,0.1544297079966426,-0.0039523754721361,11.140344777062476,61.16328139270044,2016-01,all,0c8176dbe460617de3ee512bbcfae6ce17e4220c9cc72d6079e6a13f5aa65f8c,True,all
2016-03-31,65.1,65.4,64.45,64.65,16046959,1040188630,-0.05,4899,0.0,1.0,0.9992272024729522,264.1930989503479,11.775419392770592,0.1821410578928165,11.857382868822356,11.912025186190204,11.738991181192027,16.275,16.35,16.1125,16.1625,64.91,64.65,75520638774.0,1163500000.0,3208,2896,2077000.0,4622000.0,250000.0,-2795000.0,64.65,0.0,True,0.0309358081979891,2016-04-01,YUANTA_ETF_NAV_HISTORY,0.0164964650432051,0.0054390054390056,0.0376904570970324,0.0503246753246748,0.0141463223480544,0.0685531042265925,63.06306306306291,1.4824618197870516,0.0,0.1076752028145829,1.1492903985436544,-0.0012349490583513,0.0309119010819165,-0.0905397562391178,-0.1435340022296544,0.7756214003233948,1.0,-0.0432829726418946,23,1.0,-0.587785252292473,-0.8090169943749475,2016-03,23,11.15613979593502,2016-03-01,0.062857142857142,False,False,11.857382868822356,11.78452644566523,0.0061633477076685,0.1285345286083458,-0.001267255648426,11.828449906052676,64.94115079211463,2016-02,all,0c8176dbe460617de3ee512bbcfae6ce17e4220c9cc72d6079e6a13f5aa65f8c,True,all
2016-04-29,61.85,62.0,61.35,61.6,7266758,447869046,-0.8,3113,0.0,1.0,0.9871794871794872,251.7292327198984,11.2198891661975,0.1821410578928165,11.265424430670706,11.292745589354627,11.174353901724295,15.4625,15.5,15.3375,15.4,61.68,61.6,68523544630.0,1111000000.0,3506,2595,-5075000.0,-3069000.0,0.0,-2006000.0,61.6,0.0,True,0.0324675324675324,2016-05-03,YUANTA_ETF_NAV_HISTORY,-0.0157728706624608,-0.0087370929308979,-0.0196386488609584,0.1034482758620685,-0.0156564262333874,0.0025975417079504,46.601941747572646,-1.3508481514902786,-0.0355486862442041,0.1573450147715326,0.280903692596857,-0.0011205378581718,0.032051282051282,0.0409191060749134,-0.0595365418894831,-0.6375880898041032,1.0,0.0,19,0.9666666666666668,-0.9510565162951536,0.3090169943749472,2016-04,19,11.256317377776062,2016-04-08,0.0008090614886733,False,True,11.265424430670706,11.365602012511754,-0.008853176536885,0.535841128636515,-0.0007511163517675,11.413853669930004,62.66491367721521,2016-03,all,0c8176dbe460617de3ee512bbcfae6ce17e4220c9cc72d6079e6a13f5aa65f8c,False,all
2016-05-31,63.05,63.35,62.8,63.15,8678987,547637441,0.0,2005,0.0,1.0,1.0,258.06332867307776,11.502207805931372,0.1821410578928166,11.48399370014209,11.538636017509935,11.438458435668885,15.7625,15.8375,15.7,15.7875,63.34,63.15,76102480000.0,1201500000.0,3481,2226,5415000.0,4786000.0,0.0,629000.0,63.15,0.0,True,0.0316706254948535,2016-06-01,YUANTA_ETF_NAV_HISTORY,0.0087859424920127,0.0185483870967742,0.0251623376623379,0.0128307939053728,0.0422942025995465,0.009740303002039,72.66187050359743,2.2436082809856583,-0.0239567233384848,0.1641784748057914,1.4190717937774788,-0.0023696682464454,0.0316706254948535,-0.1336621454993835,-0.0886800163465467,0.9050902613692442,1.0,0.0,21,1.0,0.9510565162951536,0.3090169943749474,2016-05,21,10.7736435743601,2016-05-16,0.0659340659340663,False,False,11.48399370014209,11.502207805931372,-0.0015847863855715,0.1078743185184665,-0.0006486469534202,11.552223099858775,63.42459648311058,2016-04,all,0c8176dbe460617de3ee512bbcfae6ce17e4220c9cc72d6079e6a13f5aa65f8c,True,all
2016-06-27,63.2,63.75,63.0,63.75,4931264,313187141,0.65,1620,0.0,1.0,1.0103011093502376,260.515236783986,11.611492440667067,0.1821410578928167,11.51131485882602,11.611492440667067,11.474886647247454,15.8,15.9375,15.75,15.9375,63.68,63.75,78483700751.0,1232500000.0,2546,2159,1267000.0,1694000.0,0.0,-427000.0,63.75,0.0,True,0.0313725490196078,2016-06-28,YUANTA_ETF_NAV_HISTORY,-0.0262345679012343,-0.0148321623731456,0.0152855993563962,-0.0156006240249597,-0.0140239853119258,0.0071693646000989,45.16129032258084,-1.287251098182678,-0.0329501915708809,0.1612673913916963,1.5627111271379748,-0.0030020540369726,0.0316957210776545,0.1399378054198135,-0.0077874484654145,-0.2741191278148331,1.0,-0.0798805524449421,18,0.9,0.0,1.0,2016-06,21,11.465779594352808,2016-06-01,0.0039714058776814,False,True,11.493100753036735,11.493100753036735,0.0,0.676190442058365,-0.0022096317744646,11.525071935491988,63.2755297944633,2016-05,all,0c8176dbe460617de3ee512bbcfae6ce17e4220c9cc72d6079e6a13f5aa65f8c,False,all
2016-07-29,68.85,69.2,68.55,68.55,19390373,1335212572,-0.5,3355,0.0,1.0,0.99275887038378,283.5788858337499,12.639468346804138,0.1843831998075002,12.694783306746388,12.759317426679017,12.639468346804138,17.2125,17.3,17.1375,17.1375,68.49,68.55,53970201697.0,788000000.0,1150,257,9337000.0,13847000.0,-80000.0,-4430000.0,68.55,0.0,True,0.0415754923413566,2016-08-01,YUANTA_ETF_NAV_HISTORY,0.0028694404591103,0.0050323508267435,0.0803709428129828,0.1506172839506185,0.0297583971714789,0.0878671940859867,88.88888888888908,1.2753048792456474,0.0,0.1276326303580839,-0.4117406581348729,-0.0056163594470046,0.0412744388124547,-0.0327433628318584,-0.6172344689378757,0.3648129923021664,1.0,-0.2916274694261523,20,0.935483870967742,-0.9510565162951536,0.3090169943749472,2016-07,20,11.921132239084852,2016-07-07,0.0648974486773183,False,False,12.694783306746388,12.731659946707886,-0.0029006546806371,0.1434619177167208,-0.0044314229595899,12.7387422281065,69.08841066542942,2016-06,all,0c8176dbe460617de3ee512bbcfae6ce17e4220c9cc72d6079e6a13f5aa65f8c,True,all
2016-08-03,68.5,68.9,68.05,68.75,13801107,946584522,-0.55,1470,0.0,1.0,0.992063492063492,284.4062494685676,12.67634498676564,0.1843831998075002,12.630249186813764,12.704002466736767,12.54727674690039,17.125,17.225,17.0125,17.1875,68.75,68.75,56550092336.0,822500000.0,1208,460,-4827000.0,4106000.0,-80000.0,-8853000.0,68.75,0.0,True,0.0414545454545454,2016-08-04,YUANTA_ETF_NAV_HISTORY,0.0,0.0108512605199841,0.0581157990963334,0.1750934251270848,0.0246560648519229,0.0834591561809585,76.54158892497651,1.126640146300668,0.0,0.1290565120264235,-0.8480157522873495,-0.0020161290322581,0.0411255411255411,0.1438289601554907,,0.6419863273351849,1.0,0.1344827586206896,3,0.0967741935483871,0.5877852522924732,-0.8090169943749473,2016-08,23,12.630249186813764,2016-08-03,0.0,True,True,12.630249186813764,12.777755746659764,-0.0116111609276779,0.6318543959297841,-0.0156040158024793,12.642818577158192,68.56816993282224,2016-07,all,0c8176dbe460617de3ee512bbcfae6ce17e4220c9cc72d6079e6a13f5aa65f8c,False,all
2016-09-10,69.15,69.6,69.0,69.4,8825756,612259307,-1.0,1835,0.0,1.0,0.9857954545454546,287.09518128172493,12.796194066640512,0.1843831998075001,12.75009826668864,12.833070706602012,12.722440786717511,17.2875,17.4,17.25,17.35,69.79,69.4,54195440117.0,776500000.0,1146,501,-731000.0,-3960000.0,0.0,3229000.0,69.4,0.0,True,0.0410662824207492,2016-09-12,YUANTA_ETF_NAV_HISTORY,-0.0167597765363126,0.0180766449746927,0.0028490028490029,0.1249663518937527,0.0060735977134693,0.0358640041173876,61.97183098591565,0.5395873827504909,-0.0201809324982601,0.1316350972410794,-0.2852355692658602,-0.0028328611898015,0.0404829545454545,0.0066730219256434,-0.0158730158730159,-0.4405038721896369,1.0,-0.0571944611679711,8,0.3333333333333333,-2.4492935982947064e-16,1.0,2016-09,19,12.63024918681376,2016-09-14,0.0094890510948908,False,False,12.63024918681376,12.980577266448014,-0.0273595178958174,0.5599706719607314,-0.0148680211236548,12.852954462912166,69.70783930602636,2016-08,all,0c8176dbe460617de3ee512bbcfae6ce17e4220c9cc72d6079e6a13f5aa65f8c,False,all
2016-10-31,72.25,72.7,71.7,72.6,5464146,394236445,0.0,717,0.0,1.0,1.0,300.3329994388073,13.386220306024512,0.1843831998075001,13.321686186091888,13.404658626005263,13.220275426197762,18.0625,18.175,17.925,18.15,72.64,72.6,42963747265.0,591500000.0,458,429,-2302000.0,-282000.0,0.0,-2020000.0,72.6,0.0,True,0.0117079889807162,2016-11-01,YUANTA_ETF_NAV_HISTORY,0.0,0.0,0.0097357440890122,0.0476190476190474,0.0075287097109948,0.026559517356774,60.21505376344067,0.8576941104007648,-0.0108991825613079,0.094743845149381,-0.1940120103106554,-0.0030211480362537,0.0117079889807162,-0.075107296137339,-0.3317901234567901,-0.3569559748839601,1.0,-0.0603653693407466,20,1.0,0.0,1.0,2016-10,20,13.128083826294011,2016-10-03,0.014747191011236,False,False,13.321686186091888,13.386220306024512,-0.0048325948382088,0.2913136834394315,-0.0012106032447118,13.436874833033867,72.87472419972235,2016-09,all,0c8176dbe460617de3ee512bbcfae6ce17e4220c9cc72d6079e6a13f5aa65f8c,True,all
2016-11-30,71.7,71.9,71.5,71.7,1918325,137591850,0.05,595,0.0,1.0,1.0006978367062107,296.6098630821279,13.220275426197762,0.1843831998075001,13.220275426197762,13.257152066159264,13.183398786236262,17.925,17.975,17.875,17.925,71.82,71.7,43775439427.0,609500000.0,543,386,368000.0,456000.0,0.0,-88000.0,71.7,0.0,True,0.0118549511854951,2016-12-01,YUANTA_ETF_NAV_HISTORY,-0.0013937282229963,0.0027991602519248,-0.0130853994490356,0.0324207492795389,0.0085512193405359,0.0055434706336399,61.70212765957458,0.7632194126967657,-0.023841961852861,0.2046346248350713,-0.743333943798807,0.0013976240391335,0.0118632240055826,-0.1829652996845425,-0.0077120822622107,0.1805523915786415,1.0,0.0,22,1.0,0.5877852522924732,-0.8090169943749473,2016-11,22,12.869947346563512,2016-11-15,0.0272206303724928,False,False,13.220275426197762,13.21105626620739,0.0006975933313935,0.2212500162388954,-0.0002551508183655,13.273724313807646,71.98987937982251,2016-10,all,0c8176dbe460617de3ee512bbcfae6ce17e4220c9cc72d6079e6a13f5aa65f8c,True,all
2016-12-27,70.8,70.9,70.65,70.75,2494279,176416611,-0.05,613,0.0,1.0,0.9992937853107344,292.6798858167441,13.04511138638064,0.1843831998075002,13.054330546371014,13.072768866351764,13.02667306639989,17.7,17.725,17.6625,17.6875,70.79,70.75,42082634391.0,594500000.0,816,363,-438000.0,-1028000.0,100000.0,490000.0,70.75,0.0,True,0.0120141342756183,2016-12-28,YUANTA_ETF_NAV_HISTORY,0.0035435861091424,-0.0146137787056367,-0.0132404181184667,-0.0021141649048624,-0.0162226004793831,-0.0129996863346459,36.666666666666686,-1.4561718165780604,-0.0354223433242506,0.1007599072128487,-0.6001251654434238,0.0002825656965244,0.0120056497175141,0.6206896551724137,-0.0497382198952879,-0.1168685499605925,1.0,0.0,19,0.8709677419354839,0.9510565162951536,0.3090169943749474,2016-12,22,13.017453906409512,2016-12-23,0.0028328611898018,False,True,13.054330546371014,13.054330546371013,2.2204460492503126e-16,0.5409841091107097,-0.0026619147428379,13.084725376746862,70.96484598600946,2016-11,all,0c8176dbe460617de3ee512bbcfae6ce17e4220c9cc72d6079e6a13f5aa65f8c,False,all
2017-01-24,73.0,73.3,72.9,73.3,4575104,334830127,0.55,1858,0.0,1.0,1.0075601374570446,303.2287721606692,13.515288545889767,0.1843831998075002,13.45997358594752,13.515288545889767,13.44153526596677,18.25,18.325,18.225,18.325,73.18,73.3,43395816967.0,593000000.0,296,115,1427000.0,344000.0,1683000.0,-600000.0,73.3,0.0,True,0.0115961800818553,2017-02-02,YUANTA_ETF_NAV_HISTORY,0.0083160083160083,0.0104166666666665,0.031183557760454,0.0020661157024799,0.0094352712640488,0.0140903969240424,59.55056179775288,1.1273213267056852,-0.0054682159945318,0.0889304713585083,2.16681759853386,-0.0043793622553714,0.0116838487972508,-0.1580381471389645,-0.2271386430678466,0.3146642070218902,1.0,-0.0025231286795626,16,0.7741935483870968,0.9510565162951536,0.3090169943749474,2017-01,16,13.220275426197768,2017-01-03,0.0181311018131102,False,False,13.45997358594752,13.413877785995645,0.0034305350967892,0.3203451279530911,-0.0055466678814265,13.406379829544264,72.70933492607134,2016-12,all,0c8176dbe460617de3ee512bbcfae6ce17e4220c9cc72d6079e6a13f5aa65f8c,True,all
2017-02-24,73.05,73.3,72.85,73.15,1844790,134857020,0.05,615,0.0,1.0,1.000683994528044,309.7780616162807,13.807198631243548,0.1887518609876083,13.788323445144783,13.835511410391687,13.750573072947263,18.2625,18.325,18.2125,18.2875,73.2,73.15,41395646284.0,565500000.0,552,92,-193000.0,48000.0,0.0,-241000.0,73.15,0.0,True,0.0348598769651401,2017-03-01,YUANTA_ETF_NAV_HISTORY,-0.0027285129604367,-0.0034083162917519,0.0400554004547293,0.0422282181437021,0.0094353348334403,0.0292785139156188,70.09391292032846,0.6825403582823836,-0.0108254397834914,0.0752007811791083,-1.155363983599202,-0.0032724297791111,0.0348837209302325,0.1046277665995976,0.0232558139534884,0.2448078022947623,1.0,0.0,18,0.8571428571428571,-0.9510565162951536,0.3090169943749472,2017-02,18,13.450754425957149,2017-02-03,0.0250966606405509,False,False,13.788323445144783,13.797761038194164,-0.0006842285590243,0.2845935030784207,-0.0030997813606251,13.823832502240004,73.23812559997779,2017-01,all,0c8176dbe460617de3ee512bbcfae6ce17e4220c9cc72d6079e6a13f5aa65f8c,True,all
2017-03-31,73.95,74.1,73.7,73.7,2008887,148377572,-0.2,614,0.0,1.0,0.9972936400541272,312.10721997429783,13.911012154786732,0.1887518609876083,13.958200120033634,13.986512899181774,13.911012154786732,18.4875,18.525,18.425,18.425,73.57,73.7,41601857219.0,565500000.0,443,126,-344000.0,-118000.0,0.0,-226000.0,73.7,0.0,True,0.0345997286295793,2017-04-05,YUANTA_ETF_NAV_HISTORY,-0.0013513513513511,-0.0060524546065902,0.0186078566505858,0.0685161125219007,0.0069834781127575,0.0236719741565949,70.21276595744696,0.5588611766103744,-0.0133511348464619,0.0965808733000781,-1.0525148257599626,-0.0009463295930781,0.0345060893098782,0.181547619047619,0.0,0.7256614612795662,1.0,0.0,23,1.0,-0.9510565162951536,0.3090169943749472,2017-03,23,13.58069639805842,2017-03-10,0.0277970813064627,False,False,13.958200120033634,13.948762526984256,0.0006763612026525,0.2050235315215439,-0.000491727858837,14.011614744046332,74.23298859536122,2017-02,all,0c8176dbe460617de3ee512bbcfae6ce17e4220c9cc72d6079e6a13f5aa65f8c,True,all
2017-04-28,74.5,74.6,74.3,74.55,4423100,329448991,0.05,938,0.0,1.0,1.0006711409395972,315.70682834577883,14.071451236626196,0.1887518609876082,14.062013643576815,14.080888829675576,14.024263271379294,18.625,18.65,18.575,18.6375,74.74,74.55,42415831841.0,567500000.0,472,151,2154000.0,191000.0,0.0,1963000.0,74.55,0.0,True,0.0342052313883299,2017-05-02,YUANTA_ETF_NAV_HISTORY,-0.0006706908115358,0.0233516483516482,0.0033670033670034,0.057036130206862,0.007982681639832,0.0173068726926763,54.54545454545451,1.1578647918363831,-0.0053404539385849,0.0940375286899599,0.0794423937279767,-0.0012065960584529,0.034228187919463,-0.5493230174081238,0.0134228187919462,0.0,1.0,-0.0008802816901408,18,0.9333333333333332,-0.9510565162951536,0.3090169943749472,2017-04,18,13.693947514650985,2017-04-20,0.0268780151619567,False,False,14.062013643576815,14.06201364357682,-3.33066907387547e-16,0.2650968602984369,-0.0011658576487933,14.115857034865869,74.78526018767354,2017-03,all,0c8176dbe460617de3ee512bbcfae6ce17e4220c9cc72d6079e6a13f5aa65f8c,True,all
2017-05-31,76.95,77.5,76.4,76.5,2701301,207172841,-0.45,765,0.0,1.0,0.9941520467836256,323.9647534332943,14.439517365552035,0.1887518609876083,14.52445570299646,14.628269226539643,14.420642179453276,19.2375,19.375,19.1,19.125,76.27,76.5,43204607836.0,566500000.0,214,122,-1278000.0,-1760000.0,90000.0,392000.0,76.5,0.0,True,0.0333333333333333,2017-06-01,YUANTA_ETF_NAV_HISTORY,-0.0006493506493505,0.0145023071852341,0.0328859060402684,0.0519480519480519,0.0121670503123971,0.0344016399870055,69.84126984127002,1.5621412244022137,-0.0006493506493505,0.0652017312253693,0.0612685845669062,-0.0014274591227614,0.0331384015594541,-0.2862745098039215,-0.0161290322580645,-0.3610953707374383,1.0,0.0,20,1.0,0.5877852522924732,-0.8090169943749473,2017-05,20,14.15638957407062,2017-05-02,0.0260000000000004,False,False,14.52445570299646,14.52445570299646,0.0,0.2213848696055136,-0.0003065325522455,14.592604187659196,77.31104801460586,2017-04,all,0c8176dbe460617de3ee512bbcfae6ce17e4220c9cc72d6079e6a13f5aa65f8c,True,all
2017-06-30,80.1,80.4,79.8,80.4,3070653,245991027,-0.25,854,0.0,1.0,0.9969001859888408,340.4806036083249,15.175649623403704,0.1887518609876082,15.11902406510742,15.175649623403704,15.06239850681114,20.025,20.1,19.95,20.1,80.49,80.4,58593995765.0,728000000.0,294,109,-637000.0,230000.0,-970000.0,103000.0,80.4,0.0,True,0.0317164179104477,2017-07-03,YUANTA_ETF_NAV_HISTORY,0.0012414649286158,0.0112852664576801,0.0446891191709841,0.0943012211668925,0.0245823540621228,0.0560890440855519,69.06474820143872,1.3540161948957352,-0.0092137592137592,0.1151539631169404,-0.8377663108367122,-0.0025970813752163,0.0316181029138251,0.653179190751445,0.0,-0.083376831750458,1.0,0.0753323485967503,23,1.0,-0.9510565162951536,0.3090169943749472,2017-06,23,14.439517365552035,2017-06-01,0.0470588235294113,False,False,15.11902406510742,15.222837588650608,-0.0068429504969045,0.1181519215440259,-0.0008218719187524,15.286383163344953,80.9866619770627,2017-05,all,0c8176dbe460617de3ee512bbcfae6ce17e4220c9cc72d6079e6a13f5aa65f8c,True,all
2017-07-31,81.45,81.5,81.05,81.35,2806599,228312297,0.0,879,0.7,1.0,0.9993909866017052,347.4680786823764,15.487090194033264,0.1903760318873173,15.506127797221994,15.51564659881636,15.429977384467067,20.3625,20.375,20.2625,20.3375,81.72,81.35,45802812067.0,560500000.0,324,1,609000.0,915000.0,0.0,-306000.0,81.35,0.0,True,0.0295021511985248,2017-08-01,YUANTA_ETF_NAV_HISTORY,-0.010843373493976,0.0,0.0211442786069653,0.0852610707204228,0.0053266393191697,0.0396462754450577,65.48672566371684,0.4572555325263557,-0.010843373493976,0.0988933051776809,0.9656425457241056,-0.0031568722680913,0.0207064555420219,0.4744897959183674,-1.0,-0.1392675074364986,1.0,-0.2300824175824175,21,1.0,0.0,1.0,2017-07,21,15.100148879008664,2017-07-10,0.0268857559926245,False,False,15.506127797221994,15.496527787082645,0.0006193024607245,0.3285766580333685,-0.0018614356723276,15.545047372243545,81.6544352675897,2017-06,all,0c8176dbe460617de3ee512bbcfae6ce17e4220c9cc72d6079e6a13f5aa65f8c,True,all
2017-08-03,81.85,82.35,81.7,82.2,4029108,330913722,-0.3,827,0.0,1.0,0.9963636363636365,351.0986609427332,15.648909821137488,0.1903760318873173,15.582278209976923,15.677466225920584,15.55372180519383,20.4625,20.5875,20.425,20.55,82.25,82.2,46102929284.0,560500000.0,337,12,-2416928.0,160072.0,0.0,-2577000.0,82.2,0.0,True,0.0291970802919708,2017-08-04,YUANTA_ETF_NAV_HISTORY,0.008557457212714,0.0129019539040109,0.0304631023308303,0.095587827692094,0.0148391244891628,0.0490595464870751,60.07900774128661,1.4491127493643203,0.0,0.0963874017833754,1.3216250547628456,-0.0025389916575987,0.029090909090909,0.3472222222222223,,0.0390450183115189,1.0,-0.0697095435684647,3,0.0967741935483871,-0.587785252292473,-0.8090169943749475,2017-08,23,15.391902178089609,2017-08-11,0.0123685837971549,False,False,15.391902178089609,15.70602263070368,-0.0202027073175193,0.6370779356937857,-0.0122560580749694,15.592277026739406,81.9025214054698,2017-07,all,0c8176dbe460617de3ee512bbcfae6ce17e4220c9cc72d6079e6a13f5aa65f8c,False,all
2017-09-21,82.05,82.8,81.95,82.7,1830228,150729480,0.5,677,0.0,1.0,1.0060827250608273,353.2342975664725,15.74409783708115,0.1903760318873174,15.62035341635439,15.76313544026988,15.60131581316566,20.5125,20.7,20.4875,20.675,82.76,82.7,44316177014.0,535500000.0,420,135,-137000.0,-64000.0,0.0,-73000.0,82.7,0.0,True,0.0290205562273276,2017-09-22,YUANTA_ETF_NAV_HISTORY,-0.0066465256797582,-0.0012150668286754,0.0055045871559631,0.0292652274982581,-0.0052039210940336,0.0058754153048539,41.17647058823499,-1.5904124510738888,-0.0114251352976548,0.0741243157059703,3.8376291488088383,-0.0019426906265176,0.0291970802919708,-0.0125944584382871,0.1304347826086955,-0.1263590117460687,1.0,0.0,15,0.7,-0.587785252292473,-0.8090169943749475,2017-09,22,15.315751765334682,2017-09-29,0.0198881292728403,False,False,15.315751765334682,15.648909821137488,-0.021519428623742,0.6511492436965864,-0.0065515422028382,15.624454044762013,82.07153962537704,2017-08,all,0c8176dbe460617de3ee512bbcfae6ce17e4220c9cc72d6079e6a13f5aa65f8c,False,all
2017-10-31,85.0,85.35,84.8,85.2,2131434,181429580,0.25,552,0.0,1.0,1.0029429075927017,363.9124806851688,16.22003791679944,0.1903760318873174,16.181962710421978,16.248594321582537,16.143887504044514,21.25,21.3375,21.2,21.3,85.34,85.2,41605580798.0,487500000.0,179,224,905000.0,1730000.0,0.0,-825000.0,85.2,0.0,True,0.028169014084507,2017-11-01,YUANTA_ETF_NAV_HISTORY,0.0077105575326217,0.0053254437869822,0.0565920398009953,0.03345498783455,0.0173348103350199,0.0290732889158087,79.38144329896848,1.0412944883368962,0.0,0.0736247061373346,-0.1759145654552661,-0.003635937133474,0.0282519128899352,-0.0904522613065326,-0.0259740259740259,0.6441349473137518,1.0,-0.0534208059981256,19,1.0,0.9510565162951536,0.3090169943749474,2017-10,19,15.468052590844536,2017-10-02,0.0461538461538462,False,False,16.181962710421978,16.17244390882761,0.0005884083723755,0.204915824706053,-0.0021164842374853,16.21894263986253,85.19424677084582,2017-09,all,0c8176dbe460617de3ee512bbcfae6ce17e4220c9cc72d6079e6a13f5aa65f8c,True,all
2017-11-28,83.95,84.0,83.5,83.6,2007123,167971263,-0.55,1014,0.0,1.0,0.9934640522875816,357.07844348920315,15.91543626577973,0.1903760318873173,15.982067876940294,15.991586678534658,15.896398662591,20.9875,21.0,20.875,20.9,83.63,83.6,39221371409.0,469000000.0,377,201,-1339100.0,-596100.0,0.0,-743000.0,83.6,0.0,True,0.0287081339712918,2017-11-29,YUANTA_ETF_NAV_HISTORY,-0.0117439812096299,0.0017857142857145,-0.0094173042966448,0.0144665461121156,-0.005289754425367,0.0086904405154333,40.33613445378148,-0.8189068483550261,-0.0134818288393903,0.0853425869471617,-0.1324443154728474,0.0004755677089527,0.0285204991087344,-0.0806451612903226,-0.0145631067961164,-0.4352006107260645,1.0,0.0,20,0.9333333333333332,0.9510565162951536,0.3090169943749474,2017-11,22,15.80121064664734,2017-11-30,0.0114457831325303,False,False,15.80121064664734,16.02014308331776,-0.0137603128402173,0.5839206800238019,-0.0015120779606069,16.075917371288238,84.44296906452752,2017-10,all,0c8176dbe460617de3ee512bbcfae6ce17e4220c9cc72d6079e6a13f5aa65f8c,False,all
2017-12-27,80.6,80.9,80.55,80.9,3600143,290733340,0.25,675,0.0,1.0,1.003099814011159,345.5460057210111,15.401420979683971,0.1903760318873173,15.344308170117776,15.401420979683971,15.33478936852341,20.15,20.225,20.1375,20.225,80.93,80.9,40100060531.0,495500000.0,1261,254,966000.0,795000.0,0.0,171000.0,80.9,0.0,True,0.0296662546353522,2017-12-28,YUANTA_ETF_NAV_HISTORY,-0.0098219766728055,-0.0018564356435641,-0.035287081339713,-1.1102230246251563e-16,-0.0104901539782834,-0.0312409285192339,47.872340425531874,-1.0666894461644048,-0.0545134818288396,0.1134254575776278,-0.4667288660963578,-0.0001239771881972,0.0297582145071295,-0.004669260700389,0.0680851063829788,-0.7734090038150707,1.0,0.0040526849037487,19,0.8709677419354839,0.5877852522924732,-0.8090169943749473,2017-12,21,15.344308170117776,2017-12-27,0.0,True,True,15.344308170117776,15.353826971712143,-0.0006201550586353,0.5319548027798542,-0.002125956579603,15.397826175318718,80.88111734796857,2017-11,all,0c8176dbe460617de3ee512bbcfae6ce17e4220c9cc72d6079e6a13f5aa65f8c,False,all
2018-01-31,84.4,85.0,84.15,84.65,4251739,359040915,0.1,1176,0.0,1.0,1.0011827321111768,370.8612256577104,16.52975223799169,0.1952717334671198,16.48093430462491,16.59809734470518,16.432116371258132,21.1,21.25,21.0375,21.1625,84.6,84.65,41114891647.0,486000000.0,533,7,-533000.0,-1222000.0,-285000.0,974000.0,84.65,0.0,True,0.054341405788541,2018-02-01,YUANTA_ETF_NAV_HISTORY,-0.0116890707188777,-0.0178450278095303,0.0499307995692313,0.0220893817845426,0.01359342376148,0.0366331382334936,68.76350389723417,0.6693882645066395,-0.0178450278095303,0.1036664029834528,-0.1796088462883762,0.0022522522522521,0.0544056771141336,1.5165876777251186,0.2307692307692308,-0.2565310200168698,1.0,0.0156739811912225,22,1.0,0.5877852522924732,-0.8090169943749473,2018-01,22,15.639391019543115,2018-01-02,0.0538092106035454,False,False,16.48093430462491,16.510225064644978,-0.0017756737426778,0.373991377434861,-0.0005910501736279,16.582971924412,84.92254168063843,2017-12,all,0c8176dbe460617de3ee512bbcfae6ce17e4220c9cc72d6079e6a13f5aa65f8c,True,all
2018-02-05,83.2,83.75,82.9,83.6,7075902,588994369,-1.3,2875,0.0,1.0,0.984687868080094,366.2610568810937,16.32471691785121,0.1952717334671197,16.246608224464364,16.354007677871277,16.188026704424228,20.8,20.9375,20.725,20.9,83.63,83.6,40684220223.0,486500000.0,933,60,-5359000.0,-3784000.0,-815000.0,-760000.0,83.6,0.0,True,0.055023923444976,2018-02-06,YUANTA_ETF_NAV_HISTORY,-0.0041055718475073,-0.0047624613843201,0.0398004134790688,0.031792471906066,0.0114339427135807,0.0395362968833532,66.43507644451111,0.6248953181914578,-0.0137793360263647,0.1046889992777674,-1.1527881354537648,-0.0035211267605633,0.0541813898704357,0.5917525773195875,,-0.5513383991131856,1.0,0.027455121436114,3,0.1785714285714285,0.0,1.0,2018-02,13,15.348358250515613,2018-02-09,0.0585241730279897,False,False,15.348358250515613,16.578570171358468,-0.0771023938821408,0.7833668486520876,-0.0130687535953204,16.445135114421774,84.21666988064528,2018-01,all,0c8176dbe460617de3ee512bbcfae6ce17e4220c9cc72d6079e6a13f5aa65f8c,False,all
2018-03-01,81.55,81.95,81.15,81.75,4344220,354595798,-0.6,2554,0.0,1.0,0.9927140255009108,358.15599760800734,15.96346421093704,0.1952717334671197,15.924409864243614,16.002518557630463,15.846301170856767,20.3875,20.4875,20.2875,20.4375,81.77,81.75,42072392030.0,514500000.0,1388,190,-1463000.0,-930000.0,0.0,-533000.0,81.75,0.0,True,0.0354740061162079,2018-03-02,YUANTA_ETF_NAV_HISTORY,-0.0006067961165049,0.0332496863237139,-0.0395939858767584,-0.0080128133630172,-0.0072714438423111,0.0109379295054863,41.72932330827064,-0.2675674145431221,-0.0434008047322866,0.2274619143897696,-0.0063660914946509,0.0013375486381321,0.0352155434122647,-0.2369848156182212,0.6363636363636365,0.6813900147525767,1.0,0.0068493150684931,1,0.032258064516129,-0.587785252292473,-0.8090169943749475,2018-03,23,15.787719650816634,2018-03-02,0.0086580086580083,False,False,15.787719650816634,16.08062725101731,-0.0183828706005334,0.5748691950407006,-0.0115758545053578,15.975031277162785,81.80923574303546,2018-02,all,0c8176dbe460617de3ee512bbcfae6ce17e4220c9cc72d6079e6a13f5aa65f8c,False,all
2018-04-23,80.25,80.45,79.9,79.95,10624780,850769704,-0.8,5274,0.0,1.0,0.990092879256966,350.26999399095024,15.61197509069622,0.1952717334671197,15.670556610736355,15.70961095742978,15.602211504022865,20.0625,20.1125,19.975,19.9875,79.78,79.95,41247636361.0,517000000.0,1505,279,-9326257.0,-5184257.0,-1050000.0,-3092000.0,79.95,0.0,True,0.0362726704190118,2018-04-24,YUANTA_ETF_NAV_HISTORY,-0.0229885057471265,-0.0212121212121213,-0.0369707811568278,-0.0215408929331528,-0.019071914480078,-0.0256301115214481,41.81818181818162,-2.410824055028165,-0.0619868243124731,0.1523631669954181,2.6321662075777392,0.0038538040775732,0.0359133126934984,0.2312925170068027,-0.1198630136986301,-0.8169475304996887,1.0,0.0,13,0.7666666666666667,0.0,1.0,2018-04,18,15.47528487726924,2018-04-25,0.0126182965299681,False,False,15.47528487726924,15.76819247746992,-0.0187505493453759,0.817982950538517,-0.0075876889189668,15.72724610903786,80.54031082632883,2018-03,all,0c8176dbe460617de3ee512bbcfae6ce17e4220c9cc72d6079e6a13f5aa65f8c,False,all
2018-05-31,80.8,80.95,80.55,80.75,1605922,129628697,0.35,733,0.0,1.0,1.0043532338308456,353.7748844874201,15.76819247746992,0.1952717334671197,15.777956064143275,15.807246824163345,15.729138130776496,20.2,20.2375,20.1375,20.1875,80.71,80.75,48630643646.0,602500000.0,1133,313,-243000.0,247000.0,0.0,-490000.0,80.75,0.0,True,0.0359133126934984,2018-06-01,YUANTA_ETF_NAV_HISTORY,-0.0177153329260841,-0.011677934849416,0.0125944584382873,-0.0092421441774492,-0.0078667283664969,-0.016904594503714,48.44720496894407,-0.5967545512287045,-0.0535609181871691,0.126616876860083,0.1691002367444763,-0.0009940357852882,0.0360696517412935,0.0530649588289111,-0.0123076923076923,-0.2453940460217432,1.0,0.0,22,1.0,-0.587785252292473,-0.8090169943749475,2018-05,22,15.338594663842256,2018-05-04,0.0286441756842774,False,False,15.777956064143275,15.69984737075643,0.0049627893421288,0.457041060797037,-0.0004893777755828,15.77062692451974,80.76246697105924,2018-04,all,0c8176dbe460617de3ee512bbcfae6ce17e4220c9cc72d6079e6a13f5aa65f8c,True,all
2018-06-19,81.1,81.2,80.6,80.6,4994238,403588078,-1.35,2728,0.0,1.0,0.9835265405735204,353.117717519332,15.73890171744985,0.1952717334671197,15.836537584183407,15.856064757530122,15.73890171744985,20.275,20.3,20.15,20.15,80.8,80.6,64722082878.0,801000000.0,1123,288,-4111000.0,-1031000.0,-600000.0,-2480000.0,80.6,0.0,True,0.0359801488833746,2018-06-20,YUANTA_ETF_NAV_HISTORY,0.0024464831804282,-0.0072683222289522,0.0123533045089561,-0.0220763723150357,-0.0014317482560086,0.0043302422484579,48.46625766871163,-0.1538125785653642,-0.022659511031604,0.1320057107078178,0.2018836877726174,-0.0072683222289521,0.0353874313605857,0.1307339449541285,-0.056782334384858,-0.3837268734648983,1.0,-0.0204996796925047,12,0.6333333333333333,0.9510565162951536,0.3090169943749474,2018-06,20,15.631502264042934,2018-06-28,0.0131168019987506,False,False,15.631502264042934,16.002518557630463,-0.023457865747115,0.5678519132949924,-0.0116047216521966,15.89697658984326,81.40951231182689,2018-05,all,0c8176dbe460617de3ee512bbcfae6ce17e4220c9cc72d6079e6a13f5aa65f8c,False,all
2018-07-31,85.35,85.7,85.05,85.55,2739663,234041326,0.0,1056,0.0,1.0,1.0,377.9072784328429,16.843803690586114,0.1968884125141568,16.804426008083283,16.87333695246324,16.745359484329036,21.3375,21.425,21.2625,21.3875,85.87,85.55,71832065524.0,836500000.0,478,47,1518000.0,631000.0,-265000.0,1152000.0,85.55,0.0,True,0.0338983050847457,2018-08-01,YUANTA_ETF_NAV_HISTORY,-0.0017502917152859,0.011827321111768,0.0642600755678994,0.0925684499655254,0.0344738506930113,0.0501534198710824,76.40690865550224,1.6005548617241814,-0.0017502917152859,0.108000708215698,-0.9398521957987812,-0.0027975288495163,0.0420806545879602,-0.1404805914972273,2.0,0.6342662386508214,1.0,0.0449718925671456,22,1.0,0.9510565162951536,0.3090169943749474,2018-07,22,15.836537584183406,2018-07-06,0.0611174266315981,False,False,16.804426008083283,16.843803690586114,-0.0023405510977528,0.1543419298504421,-0.0001568089748926,16.92536845126224,85.96426897415947,2018-06,all,0c8176dbe460617de3ee512bbcfae6ce17e4220c9cc72d6079e6a13f5aa65f8c,True,all
2018-08-13,85.05,85.05,83.65,83.95,7284934,613593198,-1.75,3154,0.0,1.0,0.9795799299883314,370.8394625883947,16.528782230563472,0.1968884125141569,16.745359484329043,16.745359484329043,16.469715706809225,21.2625,21.2625,20.9125,20.9875,83.95,83.95,70224074544.0,836500000.0,518,56,-4235000.0,-2033000.0,0.0,-2202000.0,83.95,0.0,True,0.0345443716497915,2018-08-14,YUANTA_ETF_NAV_HISTORY,-0.0052234474753337,0.0017533606078319,0.0367069105398321,0.0641566624814653,0.0114005923939015,0.0417667781641388,60.74766355140198,0.7177007246662738,-0.0052234474753337,0.1041352209464212,-0.9823307147584774,-0.00093261832595,0.0338389731621937,-0.0976744186046512,0.3958333333333332,-0.3531478994341039,1.0,0.0,9,0.4193548387096774,0.0,1.0,2018-08,23,16.39096034180356,2018-08-16,0.0216216216216216,False,False,16.39096034180356,16.873336952463244,-0.0290046967431809,0.5047173989322914,-0.012595874214587,16.74544612601967,85.05044005479814,2018-07,all,0c8176dbe460617de3ee512bbcfae6ce17e4220c9cc72d6079e6a13f5aa65f8c,False,all
2018-09-28,87.35,87.65,86.6,86.9,13202371,1151404227,-0.45,4328,0.0,1.0,0.994848311390956,383.8707480515961,17.109603047480228,0.1968884125141568,17.198202833111598,17.257269356865844,17.050536523725977,21.8375,21.9125,21.65,21.725,87.38,86.9,50416485239.0,577000000.0,885,217,9003000.0,6660000.0,-70000.0,2413000.0,86.9,0.0,True,0.0333716915995397,2018-10-01,YUANTA_ETF_NAV_HISTORY,0.0051783659378594,0.0139291932675564,0.0011461318051573,0.0819801173142391,0.0109953703703704,0.0288947186506354,56.02836879432627,1.3875638123349832,-0.0022844089091947,0.1076784200154284,2.6995451197695317,-0.0033089913281607,0.0331997710360618,-0.4935064935064935,-0.2321428571428571,0.8344953222362733,1.0,-0.0881889763779527,19,0.9333333333333332,-0.9510565162951536,0.3090169943749472,2018-09,19,16.853648111211818,2018-09-18,0.0204439252336452,False,False,17.198202833111598,17.198202833111594,2.2204460492503126e-16,0.1859844244969329,-0.002028159115169,17.249174276612386,87.60888493309439,2018-08,all,0c8176dbe460617de3ee512bbcfae6ce17e4220c9cc72d6079e6a13f5aa65f8c,True,all
2018-10-11,80.15,80.15,77.35,77.4,68551624,5389808235,-5.85,29625,0.0,1.0,0.9297297297297298,341.9055914751845,15.239163128595736,0.1968884125141567,15.780606263009664,15.780606263009664,15.229318707970023,20.0375,20.0375,19.3375,19.35,77.71,77.4,48957313753.0,630000000.0,3880,508,-50235000.0,-48003000.0,250000.0,-2482000.0,77.4,0.0,True,0.0374677002583979,2018-10-12,YUANTA_ETF_NAV_HISTORY,0.0030120481927713,-0.0325392213829167,-0.0319767441860464,0.0113161100938348,-0.0291545189504371,-0.0249779704937878,37.125748502994085,-1.9666149235190655,-0.0491147915476868,0.1345625366397522,0.6383486541875532,0.0020462205103515,0.0348348348348348,3.1613351877607787,-0.3259911894273127,-0.7882266420215347,1.0,0.0130095403295751,8,0.3548387096774194,-0.587785252292473,-0.8090169943749475,2018-10,22,14.865075144818835,2018-10-25,0.0615894039735098,False,False,14.865075144818835,16.390960341803556,-0.0977154726055745,0.8960491590123011,-0.0145837156775487,16.234422116895914,82.45493937195833,2018-09,all,0c8176dbe460617de3ee512bbcfae6ce17e4220c9cc72d6079e6a13f5aa65f8c,False,all
2018-11-21,75.3,76.05,74.85,76.0,15125043,1143349727,0.0,3739,0.0,1.0,1.0,335.7212526112924,14.963519351075922,0.1968884125141568,14.825697462316011,14.97336377170163,14.73709767668464,18.825,19.0125,18.7125,19.0,75.77,76.0,63725652692.0,841000000.0,2995,1269,-7956970.0,-1502970.0,-1100000.0,-5354000.0,76.0,0.0,True,0.0381578947368421,2018-11-22,YUANTA_ETF_NAV_HISTORY,-0.0091264667535851,-0.0142671854734107,-0.0225080385852087,-0.1037735849056601,-0.0165631469979292,-0.0739706554297605,38.68613138686155,-1.2143206931209494,-0.1319246145059962,0.1506289744056255,-0.275811174109389,0.0027708140915687,0.0381578947368421,0.0593250444049733,-0.0604515659140567,-0.7750614107184327,1.0,0.0151515151515151,15,0.7,0.5877852522924732,-0.8090169943749473,2018-11,22,14.825697462316011,2018-11-21,0.0,True,True,14.825697462316011,14.963519351075922,-0.0092532054804832,0.6332397868927414,-0.0105955766791745,14.879838270850872,75.57498219851293,2018-10,all,0c8176dbe460617de3ee512bbcfae6ce17e4220c9cc72d6079e6a13f5aa65f8c,False,all
2018-12-25,74.15,74.15,73.3,73.75,12071254,888095346,-0.95,5738,0.0,1.0,0.9872824631860776,325.782136580037,14.520520422919066,0.1968884125141568,14.59927578792473,14.59927578792473,14.431920637287696,18.5375,18.5375,18.325,18.4375,73.8,73.75,68672597028.0,930500000.0,3422,1370,-10147000.0,-8463000.0,-68000.0,-1616000.0,73.75,0.0,True,0.039322033898305,2018-12-26,YUANTA_ETF_NAV_HISTORY,-0.0020040080160319,-0.0079681274900398,-0.0177514792899405,-0.1448196908986833,-0.0166200427842684,-0.0384759779892088,39.22651933701661,-1.1115827332541173,-0.1319000581057523,0.1854150874903506,-0.5509766572871514,0.0004017677782242,0.038821954484605,0.042353701907533,-0.0325925925925926,-0.7921269136837026,1.0,0.0060340098738342,18,0.8064516129032258,0.9510565162951536,0.3090169943749474,2018-12,21,14.569742526047609,2018-12-26,0.0020270270270268,False,True,14.569742526047609,14.707564414807516,-0.0094149989346016,0.5489691451440141,-0.005268523263335,14.703432438118446,74.67901361163766,2018-11,all,0c8176dbe460617de3ee512bbcfae6ce17e4220c9cc72d6079e6a13f5aa65f8c,False,all
2019-01-30,74.5,74.65,74.2,74.35,5255229,390864071,-0.15,1833,0.0,1.0,0.997986577181208,338.633714115897,15.093331431021523,0.2030037852188503,15.123781998804352,15.15423256658718,15.062880863238698,18.625,18.6625,18.55,18.5875,74.35,74.35,71817941147.0,966000000.0,2379,253,-2286000.0,-80000.0,-20000.0,-2186000.0,74.35,0.0,True,0.0403496973772696,2019-02-11,YUANTA_ETF_NAV_HISTORY,-0.0086493679308052,0.0060769750168803,0.0174036694376,-0.0183517310857659,0.0194176747408254,0.011593864972184,65.70244552510948,1.0919273279566653,-0.0258214706082582,0.1670634926759348,-1.1232502266687303,0.0005372011818427,0.0402684563758389,-0.092065868263473,2.816901408450704,-0.328296140766869,1.0,0.0052110474205315,21,0.967741935483871,0.5877852522924732,-0.8090169943749473,2019-01,21,14.333476431030617,2019-01-04,0.0551370472876209,False,False,15.123781998804352,15.123781998804354,-1.1102230246251563e-16,0.2313262236253249,-0.0004963852955865,15.191858021929466,74.83534361466083,2018-12,all,0c8176dbe460617de3ee512bbcfae6ce17e4220c9cc72d6079e6a13f5aa65f8c,True,all
2019-02-27,77.7,77.7,77.35,77.65,12907489,1000792293,-0.05,3460,0.0,1.0,0.9993564993564994,353.6638587908462,15.763243922243737,0.2030037852188504,15.77339411150468,15.77339411150468,15.70234278667808,19.425,19.425,19.3375,19.4125,77.91,77.65,73739561199.0,946500000.0,1680,591,8949000.0,9697000.0,0.0,-748000.0,77.65,0.0,True,0.0386349001931745,2019-03-04,YUANTA_ETF_NAV_HISTORY,0.0025806451612904,0.0291390728476823,0.0548172395659922,0.0597006527121315,0.0302679453937904,0.051806346480451,71.42857142857127,1.988274395151378,0.0,0.0964627222211064,0.9059774895815964,-0.0034628703347441,0.0386100386100386,-0.185533114138093,0.4948717948717949,0.7840319445620844,1.0,-0.025231719876416,13,0.9642857142857144,0.5877852522924732,-0.8090169943749473,2019-02,13,15.286185026979435,2019-02-15,0.0318725099601595,False,False,15.77339411150468,15.77339411150468,0.0,0.1574570100625753,-0.0011009359067555,15.834818362053882,78.00257687305184,2019-01,all,0c8176dbe460617de3ee512bbcfae6ce17e4220c9cc72d6079e6a13f5aa65f8c,True,all
2019-03-29,78.7,79.15,78.25,79.15,5680484,448318722,0.65,1629,0.0,1.0,1.0082802547770702,360.4957427340049,16.06774960007202,0.2030037852188505,15.976397896723537,16.06774960007202,15.885046193375052,19.675,19.7875,19.5625,19.7875,79.59,79.15,68844354732.0,865000000.0,1442,547,2554350.0,919350.0,0.0,1635000.0,79.15,0.0,True,0.0379027163613392,2019-04-01,YUANTA_ETF_NAV_HISTORY,0.0,-0.0082122552116233,0.0102960102960105,0.0784572607683107,0.0106862366422044,0.0444441506167592,72.32142857142881,0.8772882523350437,-0.0107120352867043,0.1035174829887603,-1.3376497951504074,-0.0025412960609911,0.0382165605095541,0.1088625261688764,0.1308793456032719,0.3700849555780938,1.0,-0.006318207926479,20,0.935483870967742,-0.9510565162951536,0.3090169943749472,2019-03,20,15.397837108849805,2019-03-11,0.0375741595253795,False,False,15.976397896723537,15.935797139679762,0.002544530634995,0.2131165267916086,-0.0013022906581185,15.994632895352408,78.78982590452298,2019-02,all,0c8176dbe460617de3ee512bbcfae6ce17e4220c9cc72d6079e6a13f5aa65f8c,True,all
2019-04-30,82.8,82.9,82.4,82.8,3247891,268471136,0.0,1525,0.0,1.0,1.0,377.1199936623576,16.808713416120817,0.2030037852188504,16.808713416120817,16.829013794642705,16.727511902033278,20.7,20.725,20.6,20.7,82.87,82.8,66918011787.0,807500000.0,829,587,33000.0,498000.0,0.0,-465000.0,82.8,0.0,True,0.036231884057971,2019-05-02,YUANTA_ETF_NAV_HISTORY,0.0042449969678592,0.0012091898428052,0.0547770700636942,0.1240523479544939,0.0127511237501145,0.0577199385724753,65.9090909090908,0.8609181616546054,-0.0071942446043165,0.0792623624419669,-1.0061338164599312,-0.0006035003017501,0.036231884057971,-0.0672748004561003,0.0017064846416381,0.3355516852379713,1.0,-0.0006038647342995,20,1.0,0.9510565162951536,0.3090169943749474,2019-04,20,16.240302817508038,2019-04-01,0.0349999999999999,False,False,16.808713416120817,16.808713416120817,0.0,0.2467670053231136,-0.0022430025528264,16.85490894865086,83.02755995648182,2019-03,all,0c8176dbe460617de3ee512bbcfae6ce17e4220c9cc72d6079e6a13f5aa65f8c,True,all
2019-05-23,77.85,77.85,76.85,76.95,25682577,1979998024,-1.45,13162,0.0,1.0,0.9815051020408164,350.4756462840388,15.621141272590544,0.2030037852188504,15.803844679287508,15.803844679287508,15.600840894068655,19.4625,19.4625,19.2125,19.2375,76.81,76.95,59337307507.0,772500000.0,2313,404,-19692000.0,-15651000.0,0.0,-4041000.0,76.95,0.0,True,0.0389863547758284,2019-05-24,YUANTA_ETF_NAV_HISTORY,0.0,-0.0169278996865205,-0.0559903672486452,0.0268500327439429,-0.0346610847749802,-0.0180053233129794,22.61904761904775,-1.444820407376651,-0.0638805970149254,0.1224034553802291,-0.2462368575034317,0.0024293568597366,0.0382653061224489,0.3096264367816093,0.0761421319796953,-0.7319572445174466,1.0,0.0238726790450929,16,0.7419354838709677,-0.587785252292473,-0.8090169943749475,2019-05,22,15.529789569242062,2019-05-29,0.0176470588235291,False,False,15.529789569242062,15.915496761157875,-0.0245331865238718,0.6557427309307979,-0.0078383809143221,15.870188849344334,78.1768124778329,2019-04,all,0c8176dbe460617de3ee512bbcfae6ce17e4220c9cc72d6079e6a13f5aa65f8c,False,all
2019-06-06,77.7,77.85,77.45,77.7,7456203,579216003,-0.6,3663,0.0,1.0,0.992337164750958,353.8915882556183,15.773394111504684,0.2030037852188504,15.773394111504684,15.80384467928751,15.72264316519997,19.425,19.4625,19.3625,19.425,77.83,77.7,74207307909.0,953500000.0,2087,435,-2623999.0,-2065999.0,0.0,-558000.0,77.7,0.0,True,0.0386100386100386,2019-06-10,YUANTA_ETF_NAV_HISTORY,0.0032030749519538,0.0201954397394137,-0.0514839491217441,0.0302631578947372,-0.0031509596104268,-0.0204541189716643,43.80165289256204,-0.1835414776187538,-0.0650746268656715,0.1238437980807862,-0.9705913174955269,0.0011507479861909,0.0383141762452107,-0.1762216237014235,-0.0275229357798164,-0.2078858530772016,1.0,0.1706221937139191,4,0.2,-0.587785252292473,-0.8090169943749475,2019-06,19,15.773394111504684,2019-06-06,0.0,True,True,15.773394111504684,15.895196382635993,-0.0076923456231555,0.5224296639572217,-0.0121428488545134,15.781867302953492,77.74173908107024,2019-05,all,0c8176dbe460617de3ee512bbcfae6ce17e4220c9cc72d6079e6a13f5aa65f8c,False,all
2019-07-31,83.15,83.15,82.45,82.8,3119262,258060696,-0.4,1492,0.0,1.0,0.9951923076923076,380.30052372938974,16.950473649750762,0.2047158653351541,17.02212420261807,17.02212420261807,16.878823096883462,20.7875,20.7875,20.6125,20.7,83.25,82.8,125832107633.0,1511500000.0,627,30,104000.0,247000.0,-20000.0,-123000.0,82.8,0.0,True,0.036231884057971,2019-08-01,YUANTA_ETF_NAV_HISTORY,-0.0029958058717796,-0.0047846889952154,0.0176068738264152,0.0194615643619442,0.0101168119450072,0.0397754218632215,67.30755091537394,0.8420445300377137,-0.0071599045346062,0.0890183304321759,-1.3044622960835233,-0.001320369703517,0.0360576923076923,0.0542763157894736,0.3636363636363635,0.1339173859326266,1.0,-0.0082020997375328,23,1.0,0.5877852522924732,-0.8090169943749473,2019-07,23,16.59555944164104,2019-07-09,0.025703548137504,False,False,17.02212420261807,17.03235999588483,-0.0006011421882262,0.2488040266371212,-0.0005884728363906,17.10745156258104,83.56680873059487,2019-06,all,0c8176dbe460617de3ee512bbcfae6ce17e4220c9cc72d6079e6a13f5aa65f8c,True,all
2019-08-02,81.05,81.2,80.6,80.95,16846402,1362560110,-1.35,6921,0.0,1.0,0.9835965978128798,371.8034709649046,16.57174929888073,0.2047158653351541,16.592220885414243,16.62292826521452,16.500098746013425,20.2625,20.3,20.15,20.2375,81.01,80.95,121233024330.0,1496500000.0,741,24,-10761000.0,-6452000.0,92000.0,-4401000.0,80.95,0.0,True,0.0370599135268684,2019-08-05,YUANTA_ETF_NAV_HISTORY,-0.006038647342995,-0.0178997613365156,0.0121231266529531,0.0053797260513899,-0.0026065616549078,0.0283595402576948,52.40554724418791,-0.2417313389620017,-0.0178997613365156,0.0814337027847267,-0.1467360796760577,-0.0018192844147969,0.0364520048602673,0.0306451612903226,0.0909090909090908,-0.2246902255290214,1.0,-0.0137885751805646,2,0.064516129032258,-0.9510565162951536,0.3090169943749472,2019-08,21,16.100902808609877,2019-08-06,0.0305149396058483,False,False,16.100902808609877,16.84811571708319,-0.0453634781787372,0.752533125860798,-0.0129645588428706,16.71425262992206,81.64610301482026,2019-07,all,0c8176dbe460617de3ee512bbcfae6ce17e4220c9cc72d6079e6a13f5aa65f8c,False,all
2019-09-27,84.9,85.2,84.5,84.6,8884695,752473986,0.3,1964,0.0,1.0,1.0035587188612098,388.567926419159,17.318962207354037,0.2047158653351541,17.380376966954586,17.44179172655513,17.298490620820523,21.225,21.3,21.125,21.15,84.81,84.6,66237875267.0,781000000.0,539,186,862000.0,1224000.0,0.0,-362000.0,84.6,0.0,True,0.0354609929078014,2019-10-01,YUANTA_ETF_NAV_HISTORY,0.0023781212841855,-0.0017761989342806,0.0485074626865671,0.0310608108601777,0.0101857399640503,0.0263727410483889,63.265306122448976,0.6860641654287708,-0.007651559741024,0.0988912801956816,-0.692960129747027,-0.0047225501770956,0.0355871886120996,-0.0337477797513321,0.0055555555555555,-0.0379233628513132,1.0,-0.337855023314964,19,0.9,-0.9510565162951536,0.3090169943749472,2019-09,19,16.674107231548305,2019-09-04,0.0423572744014733,False,False,17.380376966954586,17.257547447753492,0.0070922283094918,0.2835071869584504,-0.0023839073261452,17.30253833272318,84.51977234102512,2019-08,all,0c8176dbe460617de3ee512bbcfae6ce17e4220c9cc72d6079e6a13f5aa65f8c,True,all
2019-10-31,89.9,90.6,89.9,90.1,9458164,854001219,0.25,2116,0.0,1.0,1.0027824151363385,413.82943463789854,18.44489946669738,0.204715865335154,18.40395629363035,18.547257399364955,18.40395629363035,22.475,22.65,22.475,22.525,90.04,90.1,63118612944.0,701000000.0,546,159,1118000.0,4811000.0,0.0,-3693000.0,90.1,0.0,True,0.0332963374028856,2019-11-01,YUANTA_ETF_NAV_HISTORY,0.0044717719396312,0.0158281514980211,0.0620567375886524,0.0851449275362314,0.0269451667285767,0.0712688902798888,78.6324786324784,1.5576014286914872,0.0,0.1143730937643291,0.0374877517996573,-0.0027746947835738,0.0333889816360601,0.3818770226537216,0.0810810810810811,0.300412126434967,1.0,-0.0028449502133712,21,1.0,-0.587785252292473,-0.8090169943749475,2019-10,21,17.278019034287006,2019-10-03,0.0651658767772511,False,False,18.40395629363035,18.393720500363592,0.0005563282480066,0.1243443808583744,-0.0010566752945378,18.46616604846909,90.2038834080441,2019-09,all,0c8176dbe460617de3ee512bbcfae6ce17e4220c9cc72d6079e6a13f5aa65f8c,True,all
2019-11-29,92.85,92.85,91.45,91.5,5344208,490829372,-1.45,2592,0.0,1.0,0.984400215169446,420.2596367299413,18.73150167816659,0.204715865335154,19.007868096369048,19.007868096369048,18.72126588489984,23.2125,23.2125,22.8625,22.875,91.63,91.5,67351664579.0,735000000.0,319,170,-3173000.0,-3756000.0,44000.0,539000.0,91.5,0.0,True,0.0327868852459016,2019-12-02,YUANTA_ETF_NAV_HISTORY,-0.0026824034334763,0.004864864864865,0.0316315205327413,0.1356139279169206,0.0055986801179237,0.0562900109852642,52.81690140845059,0.6196077565145858,-0.0069444444444446,0.1264333153137485,-1.145773313614261,0.0011848341232227,0.0322754168908015,-0.086092715231788,-0.0282485875706214,0.2322727541545922,1.0,0.0636758321273516,21,0.9666666666666668,-0.9510565162951536,0.3090169943749472,2019-11,21,18.424427880163865,2019-11-01,0.0316666666666662,False,False,19.007868096369048,19.028339682902565,-0.0010764263687382,0.2444441253532223,-0.0013071068104409,19.09850127795243,93.29272671018926,2019-10,all,0c8176dbe460617de3ee512bbcfae6ce17e4220c9cc72d6079e6a13f5aa65f8c,True,all
2019-12-31,97.1,97.2,96.95,96.95,4303947,417657710,-0.85,1852,0.0,1.0,0.9913087934560328,445.2914948739653,19.84720314424319,0.204715865335154,19.877910524043457,19.89838211057697,19.84720314424319,24.275,24.3,24.2375,24.2375,96.81,96.95,66509509165.0,687000000.0,360,171,-2420000.0,-603000.0,87000.0,-1904000.0,96.95,0.0,True,0.0309437854564208,2020-01-02,YUANTA_ETF_NAV_HISTORY,-0.0020408163265307,0.0066906845084919,0.0624660510592069,0.1533018867924527,0.0211433046202034,0.0608813559322032,80.76923076923045,0.908942652015052,-0.0040733197556009,0.1175419804334996,-0.2064612653254785,0.0027683789603198,0.0306748466257668,0.1092715231788079,0.0429447852760735,-0.3160481744076168,1.0,-0.0446927374301675,22,1.0,0.9510565162951536,0.3090169943749474,2019-12,22,18.772444851233622,2019-12-03,0.058887677208288,False,False,19.877910524043457,20.021211629778065,-0.0071832017434924,0.2041133155306849,-0.0014586326996358,20.091989470735808,98.1457369600635,2019-11,all,0c8176dbe460617de3ee512bbcfae6ce17e4220c9cc72d6079e6a13f5aa65f8c,True,all
2020-01-08,95.2,96.2,95.05,95.65,8516995,813733739,-0.45,5033,0.0,1.0,0.9953173777315296,439.32059293135416,19.581072519307494,0.2047158653351541,19.488950379906672,19.69366624524183,19.4582430001064,23.8,24.05,23.7625,23.9125,95.43,95.65,63033642047.0,660500000.0,441,169,-6030475.0,-2216000.0,18000.0,-3832475.0,95.65,0.0,True,0.0313643491897543,2020-01-09,YUANTA_ETF_NAV_HISTORY,-0.0031120331950208,-0.0173824130879343,0.0261612386545653,0.0976584808680753,-0.007692704837627,0.0323065767919008,31.858407079646117,-0.5664989750801875,-0.0213849287169042,0.1289740032687515,0.9267131916050376,0.001667708984782,0.0312174817898022,0.2238805970149253,-0.0352941176470588,-0.5423788697725027,1.0,-0.0211988304093567,5,0.2580645161290322,0.5877852522924732,-0.8090169943749473,2020-01,15,19.155789248869983,2020-01-31,0.0173921902516411,False,False,19.155789248869983,19.673194658708308,-0.026652051373214,0.7810279744014401,-0.0122820022142253,19.53021144009972,95.40155282115283,2019-12,all,0c8176dbe460617de3ee512bbcfae6ce17e4220c9cc72d6079e6a13f5aa65f8c,False,all
2020-02-03,88.5,89.15,87.6,89.05,15823593,1401640343,-0.9,7843,0.0,1.0,0.989994441356309,422.1932163195581,18.81768375743929,0.2113159321441807,18.70145999476,18.838815350653714,18.511275655830232,22.125,22.2875,21.9,22.2625,88.83,89.05,61160104302.0,688500000.0,949,37,-7815000.0,-6458000.0,0.0,-1357000.0,89.05,0.0,True,0.0404267265581134,2020-02-04,YUANTA_ETF_NAV_HISTORY,0.0075963103635374,-0.0486680327868854,-0.0447530864197533,0.0380100614868641,-0.0411277205483699,-0.0181183686418273,31.39534883720907,-2.5039897154139408,-0.0583164300202841,0.223930349832206,1.9965112644558167,0.0012243989314335,0.0400222345747637,1.0465631929046562,-0.7894736842105263,-0.8243929275292077,1.0,0.026946107784431,1,0.1034482758620689,0.0,1.0,2020-02,19,18.70145999476,2020-02-03,0.0,True,True,18.70145999476,19.00786809636905,-0.0162514083826578,0.9004970895860517,-0.0142870600014427,18.831923443806552,89.11738576794836,2020-01,all,0c8176dbe460617de3ee512bbcfae6ce17e4220c9cc72d6079e6a13f5aa65f8c,False,all
2020-03-02,87.5,88.25,86.85,87.35,27894641,2437814508,-1.3,12628,0.0,1.0,0.985335589396503,414.13337951166096,18.45844667279419,0.2113159321441807,18.490144062615816,18.64863101172396,18.35278870672209,21.875,22.0625,21.7125,21.8375,87.24,87.35,67522634876.0,774000000.0,1828,228,-16804101.0,-15948100.0,200000.0,-1056001.0,87.35,0.0,True,0.0412135088723526,2020-03-03,YUANTA_ETF_NAV_HISTORY,-0.0089435438792619,-0.0332606324972734,-0.0069659487078639,-0.0117917081363889,-0.0269202272165962,-0.0388046763253785,35.91160220994492,-2.01773701844013,-0.0719260869516192,0.1502419597644512,2.622146594729777,0.0022611644997174,0.0406091370558375,0.5957446808510638,0.0451977401129943,-0.7843061263556861,1.0,0.0443383356070941,1,0.064516129032258,0.0,1.0,2020-03,22,15.003431182236833,2020-03-19,0.2323943661971832,False,False,15.003431182236833,18.733157384581627,-0.2220161554789017,0.9077018269845886,-0.0148851641455147,18.5486582197625,87.77690367003073,2020-02,all,0c8176dbe460617de3ee512bbcfae6ce17e4220c9cc72d6079e6a13f5aa65f8c,False,all
2020-04-30,84.45,85.5,84.4,85.5,18785156,1597420751,1.8,8305,0.0,1.0,1.021505376344086,405.36238063247856,18.06751219832745,0.2113159321441807,17.84563046957606,18.06751219832745,17.83506467296885,21.1125,21.375,21.1,21.375,85.48,85.5,87321314609.0,1021500000.0,1637,982,8149000.0,8119000.0,0.0,30000.0,85.5,0.0,True,0.0421052631578947,2020-05-04,YUANTA_ETF_NAV_HISTORY,0.0139309509388252,0.0384615384615385,0.1034937376400793,-0.0694830461367425,0.0426333655133752,0.0001991635132443,69.26406926406912,1.5680632008994877,-0.099515868746638,0.2108333823262336,-0.2279284311191446,-0.0002388915432393,0.043010752688172,-0.2265987025023169,-0.0085146641438031,0.4450240730249479,1.0,0.0,20,1.0,-0.587785252292473,-0.8090169943749475,2020-04,20,16.165668809029825,2020-04-01,0.103921568627451,False,False,17.84563046957606,17.687143520467927,0.0089206657583793,0.0664869080580082,-0.0011579092897991,17.75500864147973,84.02115477675153,2020-03,all,0c8176dbe460617de3ee512bbcfae6ce17e4220c9cc72d6079e6a13f5aa65f8c,True,all
2020-05-29,83.4,84.45,83.0,84.45,5320690,444529073,0.6,2851,0.0,1.0,1.007155635062612,400.3842461334833,17.845630469576065,0.2113159321441807,17.623748740824677,17.845630469576065,17.539222367967003,20.85,21.1125,20.75,21.1125,83.82,84.45,86380791148.0,1030500000.0,1436,966,-750000.0,-709000.0,46000.0,-87000.0,84.45,0.0,True,0.0426287744227353,2020-06-01,YUANTA_ETF_NAV_HISTORY,-0.0059276822762299,-0.0076923076923078,0.0017921146953405,-0.040068689181454,-0.0009531752651017,0.0309109351146992,47.34042553191499,-0.1239082102691167,-0.0703991130820397,0.1797292991446011,-0.3339054081014366,0.0,0.0429338103756708,-0.1985294117647058,0.0052029136316336,-0.0771709271839472,1.0,0.0038967364831952,20,0.935483870967742,-0.9510565162951536,0.3090169943749472,2020-05,20,17.41243280868049,2020-05-04,0.0121359223300976,False,False,17.623748740824677,17.718840910289554,-0.0053811789045164,0.3293157017463592,-0.000905202340174,17.7913230763302,84.19300379202451,2020-04,all,0c8176dbe460617de3ee512bbcfae6ce17e4220c9cc72d6079e6a13f5aa65f8c,True,all
2020-06-30,89.55,89.95,89.4,89.9,8035137,720381822,0.8,2697,0.0,1.0,1.0089786756453425,426.2231347235066,18.99730229976184,0.2113159321441806,18.923341723511378,19.00786809636905,18.89164433368975,22.3875,22.4875,22.35,22.475,89.88,89.9,119629032327.0,1331000000.0,1087,818,1364003.0,2713003.0,0.0,-1349000.0,89.9,0.0,True,0.0400444938820912,2020-07-01,YUANTA_ETF_NAV_HISTORY,-0.01,0.0022497187851515,0.0626118067978527,0.1746868820039546,0.0099178237461032,0.0588969328434327,53.846153846153626,0.5278968639393603,-0.0149253731343289,0.1507330154487569,-0.2903875853476568,-0.002351360429963,0.0404040404040404,-0.0841194968553459,0.0198135198135198,-0.31788122379473,1.0,-0.1042944785276073,20,1.0,0.9510565162951536,0.3090169943749474,2020-06,20,17.845630469576065,2020-06-01,0.0603907637655412,False,False,18.923341723511378,18.82824955404649,0.0050377940299575,0.3381591750132772,-0.0015077842098346,18.89388141815381,89.41058644486182,2020-05,all,0c8176dbe460617de3ee512bbcfae6ce17e4220c9cc72d6079e6a13f5aa65f8c,True,all
2020-07-31,103.9,104.3,103.45,103.8,5314021,551884860,-0.25,3221,0.0,1.0,0.9975973089860644,495.6143955514482,22.090158251293385,0.2128146266983948,22.111439713963225,22.196565564642583,22.015673131948947,25.975,26.075,25.8625,25.95,103.68,103.8,118509124965.0,1143000000.0,602,137,20000.0,255000.0,-68000.0,-167000.0,103.8,0.0,True,0.0346820809248554,2020-08-03,YUANTA_ETF_NAV_HISTORY,0.0146270112140418,0.0526049570055642,0.1452234236329117,0.2564501590217194,0.0688371690945024,0.1591834461094168,83.00279361854416,1.896543504275641,0.0,0.2079945211856829,-1.2288333686900952,-0.0052581261950286,0.0345987506006727,-0.1390134529147981,1.1323529411764706,0.417028321328782,1.0,-0.0056546324488908,23,1.0,-0.9510565162951536,0.3090169943749472,2020-07,23,19.00786809636905,2020-07-01,0.1632782593954884,False,False,22.111439713963225,22.14336190796799,-0.0014426547344619,0.036431876010244,-0.0027797151878669,22.19230461388823,104.27997811137114,2020-06,all,0c8176dbe460617de3ee512bbcfae6ce17e4220c9cc72d6079e6a13f5aa65f8c,True,all
2020-08-31,104.1,104.25,101.8,101.8,5759933,593120338,-1.7,3452,0.0,1.0,0.9835748792270532,486.06498523253794,21.6645289978966,0.2128146266983949,22.15400263930291,22.18592483330767,21.6645289978966,26.025,26.0625,25.45,25.45,101.95,101.8,105165629772.0,1031500000.0,764,176,-2726000.0,-371000.0,25000.0,-2380000.0,101.8,0.0,True,0.0353634577603143,2020-09-01,YUANTA_ETF_NAV_HISTORY,-0.0100430416068867,0.0068093385214009,-0.0028901734104043,0.2008530248063542,-0.0046402038804604,0.0682144482115512,42.857142857143074,-0.399892872386325,-0.0198863636363635,0.2028303857000602,-0.5955826485842209,-0.0006758713913295,0.0347826086956521,-0.0708556149732619,0.3129251700680271,-0.3648839508557869,1.0,0.0,21,1.0,0.0,1.0,2020-08,21,21.73901411724104,2020-08-21,0.0190895741556533,False,False,22.15400263930291,22.02631386328387,0.0057803629154995,0.3596124489389001,-0.0007634410049044,22.11955201183979,103.93811908045238,2020-07,all,0c8176dbe460617de3ee512bbcfae6ce17e4220c9cc72d6079e6a13f5aa65f8c,True,all
2020-09-04,102.0,102.7,101.9,102.55,5916012,604970586,-0.75,3361,0.0,1.0,0.9927395934172314,489.6460141021293,21.824139967920395,0.2128146266983948,21.70709192323628,21.85606216192516,21.68581046056644,25.5,25.675,25.475,25.6375,102.37,102.55,105592101358.0,1031500000.0,796,186,-2802024.0,-215024.0,121000.0,-2708000.0,102.55,0.0,True,0.0351048269137006,2020-09-07,YUANTA_ETF_NAV_HISTORY,0.0029126213592232,-0.0119560019129604,-0.0199240986717265,0.161078394123608,-0.0048648909012088,0.0554566361933741,46.000000000000114,-0.4224906051367813,-0.0217803030303029,0.1976817258945233,-0.1702595180641672,-0.0028957528957528,0.0348499515972894,0.0471976401179941,0.1071428571428572,0.5482338564430541,1.0,-0.0009685230024213,4,0.1333333333333333,-0.9510565162951536,0.3090169943749472,2020-09,22,21.44107363986328,2020-09-25,0.012406947890819,False,False,21.44107363986328,21.98375093794419,-0.0249951752988006,0.6126506740400611,-0.0120628758233642,21.828757512355427,102.57169749564058,2020-08,all,0c8176dbe460617de3ee512bbcfae6ce17e4220c9cc72d6079e6a13f5aa65f8c,False,all
2020-10-30,103.55,103.6,102.7,103.0,6564423,677255468,-0.85,7141,0.0,1.0,0.9918151179585942,491.7946314238844,21.919906549934684,0.212814626698395,22.0369545946188,22.04759532595372,21.856062161925166,25.8875,25.9,25.675,25.75,102.84,103.0,96725513064.0,940500000.0,609,165,-5216484.0,-2008480.0,0.0,-3208004.0,103.0,0.0,True,0.0349514563106796,2020-11-02,YUANTA_ETF_NAV_HISTORY,-0.010952380952381,-0.0212064090480679,0.0151515151515153,0.0181372549019609,-0.0141680708166218,-0.0035661170901761,33.56643356643353,-1.124672780694738,-0.0303454715219422,0.1072180479756517,0.7578760044672772,0.0006745037579494,0.0346653827636013,0.1292372881355932,-0.0674157303370787,-0.7549881509124485,1.0,0.0,19,0.967741935483871,-0.9510565162951536,0.3090169943749472,2020-10,19,22.015673131948954,2020-10-05,0.0009666505558243,False,True,22.0369545946188,22.10079898262832,-0.0028929624805282,0.5890791996763168,-0.0006113549238353,22.197728138046628,104.30546284539774,2020-09,all,0c8176dbe460617de3ee512bbcfae6ce17e4220c9cc72d6079e6a13f5aa65f8c,False,all
2020-11-30,114.8,115.15,113.3,113.3,9569902,1092174851,-1.35,7844,0.0,1.0,0.9882250327082424,540.9740945662722,24.111897204928127,0.2128146266983947,24.43111914497572,24.50560426432016,24.111897204928127,28.7,28.7875,28.325,28.325,112.7,113.3,111629025704.0,990500000.0,787,215,-5703598.0,-5664998.0,101000.0,-139600.0,113.3,0.0,True,0.0317740511915269,2020-12-01,YUANTA_ETF_NAV_HISTORY,-0.0017414018284719,0.0057017543859649,0.1131067961165035,0.1093372036768256,0.0368059323566647,0.0773519600319487,75.88932806324097,1.0332861748694613,-0.0069294066695539,0.1508568005415634,-0.3535005811716861,0.0018350227193288,0.03139991277802,-0.065190651906519,-0.1762452107279694,-0.3263463813348568,1.0,0.0393494228751312,21,1.0,0.0,1.0,2020-11,21,21.95182874393944,2020-11-02,0.1129423170140562,False,False,24.43111914497572,24.39919695097096,0.0013074745815525,0.1721449571528741,-0.0008742913044696,24.49976363905577,115.12255533909963,2020-10,all,0c8176dbe460617de3ee512bbcfae6ce17e4220c9cc72d6079e6a13f5aa65f8c,True,all
2020-12-31,122.15,122.4,121.7,122.25,5845572,713540097,0.65,3679,0.0,1.0,1.0053453947368425,583.707705743396,26.01658811387876,0.2128146266983947,25.99530665120892,26.048510307883515,25.89954006919464,30.5375,30.6,30.425,30.5625,122.58,122.25,115894731412.0,945500000.0,487,205,852930.0,2605234.0,82000.0,-1834304.0,122.25,0.0,True,0.0294478527607361,2021-01-04,YUANTA_ETF_NAV_HISTORY,0.0141784820683901,0.0292001692763435,0.0537261698440203,0.166426858513188,0.0241509275051059,0.0847054450845559,63.15789473684204,2.236028886675314,0.0,0.1424274513180032,-0.0687834925449675,-0.004013432713572,0.0296052631578947,-0.02868068833652,-0.0047619047619047,0.5807223804452675,1.0,0.0106894708711919,23,1.0,-0.587785252292473,-0.8090169943749475,2020-12,23,24.21830451827732,2020-12-01,0.0733743409490332,False,False,25.99530665120892,25.878258606524792,0.0045128281716831,0.0664514408473584,-0.0005384349705914,25.993650240639788,122.14221665073109,2020-11,all,0c8176dbe460617de3ee512bbcfae6ce17e4220c9cc72d6079e6a13f5aa65f8c,True,all
2021-01-29,131.6,131.85,128.2,128.2,14709917,1910423184,-2.15,18761,0.0,1.0,0.983505945531262,625.7000131147521,27.8882381779131,0.2175369592660928,28.627863839417817,28.68224807923434,27.8882381779131,32.9,32.9625,32.05,32.05,127.78,128.2,115640581017.0,905000000.0,1263,106,-4787027.0,-5099966.0,146000.0,166939.0,128.2,0.0,True,0.0518720748829953,2021-02-01,YUANTA_ETF_NAV_HISTORY,-0.0202931228861331,-0.0682346027926238,0.0957438470448586,0.2552279962379147,0.000618557916266,0.0984083165100433,54.07407891146985,0.015060212959392,-0.0682346027926238,0.2470967122026198,0.3311575669409722,0.001844593036661,0.0510164940544687,0.0699831365935919,,-0.251007802824846,1.0,0.021965317919075,20,0.935483870967742,-0.9510565162951536,0.3090169943749472,2021-01,20,26.00594738254384,2021-01-04,0.1008198785572376,False,False,28.627863839417817,28.3559426403352,0.0095438785117061,0.5086620004181113,-0.001676440705669,28.44998763515672,130.7823173181183,2020-12,all,0c8176dbe460617de3ee512bbcfae6ce17e4220c9cc72d6079e6a13f5aa65f8c,True,all
2021-02-26,134.65,135.2,133.3,133.4,27725975,3715513046,-4.15,37326,0.0,1.0,0.9698291530352598,651.0794208229947,29.019430366096778,0.2175369592660928,29.2913515651794,29.410996892775746,28.99767667017017,33.6625,33.8,33.325,33.35,132.51,133.4,123171995326.0,929500000.0,1015,78,-21332404.0,-18388306.0,211000.0,-3155098.0,133.4,0.0,True,0.0281109445277361,2021-03-02,YUANTA_ETF_NAV_HISTORY,0.0080615610113594,-0.0199501246882792,0.0192259441009292,0.2178624425181732,0.0145504987221307,0.1034022515054893,59.29752066115692,0.5811347099776741,-0.0213447171824975,0.2820559387055581,-0.4602338609955581,-0.0030441400304412,0.0272628135223555,-0.0882917466410748,0.0098039215686274,0.1915746082816861,1.0,-0.0054945054945054,13,0.9285714285714286,-0.9510565162951536,0.3090169943749472,2021-02,13,27.88823817791309,2021-02-01,0.0503120124804994,False,False,29.2913515651794,29.922208747051062,-0.0213086681129754,0.2028906376585516,-0.0019533940910543,30.013135011610707,137.9679807645855,2021-01,all,0c8176dbe460617de3ee512bbcfae6ce17e4220c9cc72d6079e6a13f5aa65f8c,True,all
2021-03-05,130.05,132.6,129.5,131.95,14721332,1927803083,-0.8,17078,0.0,1.0,0.9939736346516008,644.0024705966578,28.70400177516094,0.2175369592660928,28.29068155255537,28.8454007986839,28.171036224959018,32.5125,33.15,32.375,32.9875,131.82,131.95,124370410990.0,943500000.0,1176,103,-4693237.0,-4760273.0,38000.0,29036.0,131.95,0.0,True,0.0284198560060629,2021-03-08,YUANTA_ETF_NAV_HISTORY,-0.0195716395864107,-0.0271161597654817,-0.0210176991150444,0.1835648279983501,-0.0160836050993181,0.0527090471950835,46.1187214611872,-0.6590647228561387,-0.0554962646744932,0.2779753821247427,1.1063192450074766,0.0043123014071719,0.0282485875706214,0.2070815450643777,-0.146551724137931,-0.6076843900927607,1.0,0.0381215469613258,4,0.1612903225806451,-0.9510565162951536,0.3090169943749472,2021-03,22,28.29068155255537,2021-03-05,0.0,True,True,28.29068155255537,28.878031342573816,-0.0205486682273875,0.725954371316603,-0.0158388942637315,28.566359725323096,131.31727050749348,2021-02,all,0c8176dbe460617de3ee512bbcfae6ce17e4220c9cc72d6079e6a13f5aa65f8c,False,all
2021-04-29,141.0,142.0,140.6,140.6,9026319,1276309167,0.2,5454,0.0,1.0,1.0014245014245011,686.2201391882537,30.58569647281264,0.2175369592660927,30.67271125651908,30.89024821578517,30.58569647281264,35.25,35.5,35.15,35.15,140.66,140.6,138128947944.0,982000000.0,396,157,4830053.0,3347108.0,-14000.0,1496945.0,140.6,0.0,True,0.0266714082503556,2021-05-03,YUANTA_ETF_NAV_HISTORY,-0.0060176991150442,0.0173913043478259,0.0365448504983387,0.0384620851471315,0.0154780847678288,0.0341340686145748,61.62162162162168,1.2935532413798398,-0.0060176991150442,0.1030230571232965,-1.5842413719945252,-0.0019193857965449,0.0267094017094017,-0.3670295489891135,-0.0555555555555555,-0.1667208457864845,1.0,0.0241596638655461,19,0.9666666666666668,-0.587785252292473,-0.8090169943749475,2021-04,19,29.51976537240879,2021-04-01,0.039056742815033,False,False,30.67271125651908,30.542189080959425,0.0042643987864575,0.1851073984717819,-0.0006479283353274,30.675018372526075,141.01060562772776,2021-03,all,0c8176dbe460617de3ee512bbcfae6ce17e4220c9cc72d6079e6a13f5aa65f8c,True,all
2021-05-11,135.75,135.8,132.6,133.25,26853369,3602198584,-5.2,37645,0.0,1.0,0.9624413145539908,650.3473225237187,28.98679982220687,0.2175369592660928,29.5306422203721,29.541519068335408,28.845400798683904,33.9375,33.95,33.15,33.3125,132.94,133.25,161383730142.0,1214000000.0,644,144,-18651482.0,-13731852.0,123000.0,-5042630.0,133.25,0.0,True,0.0281425891181988,2021-05-12,YUANTA_ETF_NAV_HISTORY,-0.0068149210903873,0.0014466546112117,0.0036245016310259,0.0799531981279251,-0.0016584943755407,0.0161467889908257,46.6019417475728,-0.1575342465738947,-0.0198230088495573,0.1351025310002117,-1.156251103206032,0.0032608695652172,0.0270855904658721,0.2684729064039408,0.0127388535031847,-0.2386095150514518,1.0,0.2103377686796315,7,0.3548387096774194,0.9510565162951536,0.3090169943749474,2021-05,21,27.23562730011482,2021-05-17,0.0842651757188499,False,False,27.23562730011482,30.11799201039055,-0.1005967909509727,0.655520763618905,-0.0127183131577809,29.886054375288083,137.38380124515413,2021-04,all,0c8176dbe460617de3ee512bbcfae6ce17e4220c9cc72d6079e6a13f5aa65f8c,False,all
2021-06-30,138.1,139.35,138.05,138.95,9756709,1355932363,1.35,8757,0.0,1.0,1.009811046511628,678.1670578962156,30.22676049002361,0.2175369592660929,30.041854074647432,30.313775273730048,30.030977226684133,34.525,34.8375,34.5125,34.7375,139.04,138.95,192435897462.0,1384000000.0,505,145,6966780.0,6254585.0,0.0,712195.0,138.95,0.0,True,0.026988125224901,2021-07-01,YUANTA_ETF_NAV_HISTORY,0.0029154518950438,0.0203930292918057,0.0036469730123998,0.0211502782931358,0.002970278987554,0.0087360254138921,54.54545454545457,0.3706738363184669,-0.0258407079646011,0.127651164338198,0.9413152283785222,-0.0036927087104483,0.0272529069767441,-0.0770519262981574,0.0458015267175573,0.4015895465047105,1.0,0.0390003786444528,21,1.0,0.5877852522924732,-0.8090169943749473,2021-06,21,29.36748950092253,2021-06-23,0.0229629629629632,False,False,30.041854074647432,29.933085595014383,0.0036271349160032,0.2099427997211091,-0.0005303650522935,30.06680041336685,138.2146763235249,2021-05,all,0c8176dbe460617de3ee512bbcfae6ce17e4220c9cc72d6079e6a13f5aa65f8c,True,all
2021-07-27,136.5,137.05,136.05,136.4,10677894,1457154226,-0.05,12162,0.0,1.0,0.9996335654085748,667.4258673160763,29.74801208833811,0.2180939302664084,29.76982148136475,29.88977314301128,29.67167921274487,34.125,34.2625,34.0125,34.1,135.85,136.4,181694593780.0,1337500000.0,573,26,-6571504.0,-5878686.0,144000.0,-836818.0,136.4,0.0,True,0.0249266862170087,2021-07-28,YUANTA_ETF_NAV_HISTORY,-0.0087177624409737,-0.0108506152406616,-0.002920117257897,-0.0270315795717169,-0.013989104525356,0.0026149426933916,38.61240783899643,-1.566826408784583,-0.0352654449067947,0.1150394027158677,1.0690224525127237,0.0017619851699579,0.0249175522169292,0.1155462184873949,,-0.6757587961354561,1.0,0.0151860288534548,19,0.8709677419354839,0.9510565162951536,0.3090169943749474,2021-07,22,29.628060426691583,2021-07-29,0.0047846889952154,False,True,29.628060426691583,29.758916784851426,-0.0044069112819906,0.7213403069855839,-0.0027116374265372,29.82672235533189,136.76090076829576,2021-06,all,0c8176dbe460617de3ee512bbcfae6ce17e4220c9cc72d6079e6a13f5aa65f8c,False,all
2021-08-31,139.4,140.35,138.1,140.35,16604451,2314461154,0.85,12191,0.0,1.0,1.0060931899641576,686.7538158197311,30.60948311289043,0.2180939302664085,30.402293879137343,30.60948311289043,30.11877176979101,34.85,35.0875,34.525,35.0875,141.54,140.35,191650648274.0,1354000000.0,448,146,13198881.0,9894283.0,189000.0,3115598.0,140.35,0.0,True,0.0242251514071962,2021-09-01,YUANTA_ETF_NAV_HISTORY,0.009771986970684,0.0383327130628956,0.0116026105873825,0.021227958986308,0.0226148150863174,0.01723755952613,55.5223880597015,1.3000252877788558,-0.0137012060424902,0.1559861621458934,1.6608695639829916,-0.0058437856328391,0.0243727598566308,-0.4716024340770791,0.2952380952380953,0.8542707290490998,1.0,-0.010204081632653,22,1.0,0.9510565162951536,0.3090169943749474,2021-08,22,28.8320175812192,2021-08-20,0.05446293494705,False,False,30.402293879137343,30.424103272163983,-0.0007171029349967,0.1216607959746869,-0.0006477693321833,30.556423862045538,140.10671376649464,2021-07,all,0c8176dbe460617de3ee512bbcfae6ce17e4220c9cc72d6079e6a13f5aa65f8c,True,all
2021-09-29,136.9,136.9,135.45,136.0,31469085,4284361418,-3.0,43917,0.0,1.0,0.9784172661870504,665.4686067081112,29.660774516231545,0.2180939302664084,29.85705905347132,29.85705905347132,29.540822854585016,34.225,34.225,33.8625,34.0,135.93,136.0,167879150130.0,1235000000.0,653,86,-26584447.0,-23721095.0,121000.0,-2984352.0,136.0,0.0,True,0.0249999999999999,2021-09-30,YUANTA_ETF_NAV_HISTORY,-0.007142857142857,-0.0106761565836299,0.0061527325370969,0.0076347708431514,-0.010059645686816,0.0055303522772667,36.90036900368983,-1.0760148146287118,-0.024903542616626,0.139558471690148,1.129682922687853,0.0009361273133146,0.0244604316546762,0.2573363431151241,-0.1829268292682927,-0.7694709515728329,1.0,0.0094455852156056,19,0.9666666666666668,0.5877852522924732,-0.8090169943749473,2021-09,20,29.726202695311464,2021-09-30,0.0044020542920031,False,True,29.726202695311464,30.31505630703077,-0.0196155944282049,0.5531891753691976,-0.0005848904394518,30.44881715728059,139.61331762001095,2021-08,all,0c8176dbe460617de3ee512bbcfae6ce17e4220c9cc72d6079e6a13f5aa65f8c,False,all
2021-10-12,132.7,133.15,131.6,132.85,11588565,1533572691,-1.35,16091,0.0,1.0,0.9899403874813713,650.0551794203866,28.973778635892355,0.2180939302664084,28.9410645463524,29.03920681497228,28.701161223059348,33.175,33.2875,32.9,33.2125,133.05,132.85,175687717096.0,1320500000.0,1820,121,-5972387.0,-6349902.0,175000.0,202515.0,132.85,0.0,True,0.0255927738050432,2021-10-13,YUANTA_ETF_NAV_HISTORY,-0.0084964905799778,0.001866368047779,-0.0458585140419485,-0.0423943122977559,-0.0261778205104946,-0.0249486972246903,34.63541666666654,-1.1754139201385652,-0.058575938267275,0.1726080716770865,-0.6152881194740819,-0.0002234969827907,0.0253353204172876,0.9154175588865096,0.5952380952380953,-0.5055485736325672,1.0,0.0608870967741934,7,0.3870967741935484,0.9510565162951536,0.3090169943749474,2021-10,20,28.788398795165907,2021-10-05,0.0053030303030303,False,False,28.9410645463524,29.26820544175201,-0.0112402831994195,0.8009484173885594,-0.0145333072293858,28.9901472601607,132.92505309408818,2021-09,all,0c8176dbe460617de3ee512bbcfae6ce17e4220c9cc72d6079e6a13f5aa65f8c,False,all
2021-11-29,137.6,138.8,137.5,138.15,11534852,1593014716,0.0,10364,0.0,1.0,1.0,675.9888824759233,30.129676466304325,0.2180939302664084,30.0097248046578,30.27143752097749,29.98791541163116,34.4,34.7,34.375,34.5375,138.06,138.15,171748548228.0,1244000000.0,627,129,-5621511.0,-2855101.0,87000.0,-2853410.0,138.15,0.0,True,0.0246109301483894,2021-11-30,YUANTA_ETF_NAV_HISTORY,-0.0163759344962618,-0.0325630252100841,0.0173048600883651,-0.0156750979693625,-0.011325210670388,-0.0012531026339251,45.29147982062783,-0.7591811083247424,-0.0325630252100841,0.1134537286417467,0.9861114676744316,-0.0018784769886568,0.0246109301483894,0.1533101045296168,0.03125,-0.8182102658346901,1.0,-0.0012043356081894,21,0.9666666666666668,0.0,1.0,2021-11,22,29.704393302284824,2021-11-01,0.0102790014684288,False,False,30.0097248046578,30.129676466304325,-0.0039891258701822,0.620651529221087,-0.0005433006129549,30.263877997781734,138.7653382229092,2021-10,all,0c8176dbe460617de3ee512bbcfae6ce17e4220c9cc72d6079e6a13f5aa65f8c,False,all
2021-12-06,140.7,141.9,140.0,141.35,4060985,573477544,-0.4,7070,0.0,1.0,0.9971781305114638,691.6469673396435,30.82757704315684,0.2180939302664084,30.685815988483665,30.94752870480336,30.533150237297185,35.175,35.475,35.0,35.3375,141.26,141.35,176430117037.0,1249000000.0,742,113,-1562868.0,-771404.0,0.0,-791464.0,141.35,0.0,True,0.0240537672444287,2021-12-07,YUANTA_ETF_NAV_HISTORY,-0.0003526093088858,0.0260586319218241,0.0264301230992032,-0.0010570824524315,0.008519948062112,0.0256688554838009,53.80952380952382,0.8495538894407995,-0.0073529411764707,0.1199806699048828,-0.5369554821479903,0.0009179494421691,0.0239858906525573,0.1314199395770392,-0.1363636363636363,0.3225220322426613,1.0,0.0040192926045015,4,0.1935483870967742,0.0,1.0,2021-12,22,30.118771769791003,2021-12-01,0.0188269370021723,False,False,30.554959630323825,30.9148146152634,-0.0117084892649001,0.5468913454150509,-0.0119904508828171,30.69907724654729,140.7608052596761,2021-11,all,0c8176dbe460617de3ee512bbcfae6ce17e4220c9cc72d6079e6a13f5aa65f8c,False,all
2022-01-24,142.1,144.0,141.7,144.0,13767241,1965019247,1.35,17460,0.0,1.0,1.0094637223974765,720.4200874995587,32.1100312725357,0.2229863282814979,31.686357248800853,32.1100312725357,31.597162717488253,35.525,36.0,35.425,36.0,143.88,144.0,169055620488.0,1175000000.0,1157,48,-5457715.0,-1286838.0,90000.0,-4260877.0,144.0,0.0,True,0.0246527777777777,2022-01-25,YUANTA_ETF_NAV_HISTORY,-0.0217974513749161,-0.0296074517631402,0.0224325271643883,0.0634341961356181,-0.013026560649636,0.0213287427421005,48.54881266490779,-0.8382151856508888,-0.0404605263157893,0.1535223440868376,2.8933233263500755,0.0011228858165484,0.0462670872765509,0.6466275659824048,-0.9090909090909092,-0.8404481216754316,1.0,0.0068610634648369,16,0.7741935483870968,0.0,1.0,2022-01,18,31.47452023693344,2022-01-26,0.0067304286220331,False,False,31.47452023693344,31.80899972935568,-0.0105709229600106,0.7095236352501957,-0.0051906775035297,31.802538832868045,142.62102559364325,2021-12,all,0c8176dbe460617de3ee512bbcfae6ce17e4220c9cc72d6079e6a13f5aa65f8c,False,all
2022-02-21,143.45,143.85,142.8,143.8,4807904,689347421,-0.3,8772,0.0,1.0,0.9979181124219292,719.4195040446983,32.0654340068794,0.2229863282814979,31.98738879198087,32.07658332329347,31.842447678597903,35.8625,35.9625,35.7,35.95,143.37,143.8,185160455113.0,1291500000.0,1496,106,-2143785.0,-2354517.0,0.0,210732.0,143.8,0.0,True,0.0246870653685674,2022-02-22,YUANTA_ETF_NAV_HISTORY,-0.0027681660899654,-0.0058640910658847,-0.0148276351428393,0.0434314954985013,-0.0017120932439664,0.0192843536737203,44.70657641694027,-0.1259465550869986,-0.0307070581290238,0.1585155511481372,-1.1500892763765451,0.0032024505708716,0.0246356696738376,0.00265780730897,-0.180327868852459,-0.3324390911714089,1.0,0.0137362637362636,11,0.75,0.0,1.0,2022-02,15,31.006248947542293,2022-02-25,0.0316432937792157,False,False,31.006248947542293,32.13232990536385,-0.0356739223255022,0.5080387990956636,-0.008779618717387,32.01071236682754,143.55459643434833,2022-01,all,0c8176dbe460617de3ee512bbcfae6ce17e4220c9cc72d6079e6a13f5aa65f8c,False,all
2022-03-04,138.5,138.85,137.95,138.45,14283278,1977417838,-1.5,33012,0.0,1.0,0.9892818863879956,692.65389662718,30.872457150573386,0.2229863282814979,30.883606466987462,30.961651681885986,30.760963986432635,34.625,34.7125,34.4875,34.6125,138.09,138.45,189046333126.0,1369000000.0,1870,202,-11861520.0,-9638208.0,0.0,-2223312.0,138.45,0.0,True,0.0256410256410256,2022-03-07,YUANTA_ETF_NAV_HISTORY,0.0021482277121376,-0.0161687170474517,-0.0281249999999998,0.0357541236095273,-0.0160995500562427,-0.012455119795518,33.33333333333333,-1.1833953716976586,-0.0586221567325251,0.158261015919784,-0.8649295624742696,0.0012161968808126,0.0253662022150768,0.1567023285084958,0.5508474576271187,-0.6814543189734765,1.0,0.0390954388654656,4,0.1290322580645161,-0.9510565162951536,0.3090169943749472,2022-03,23,29.47879259881402,2022-03-09,0.0476550680786689,False,False,29.47879259881402,31.20693664299564,-0.0569692885438769,0.7523599308318818,-0.0143765798306231,30.915304732981337,138.6421534057185,2022-02,all,0c8176dbe460617de3ee512bbcfae6ce17e4220c9cc72d6079e6a13f5aa65f8c,False,all
2022-04-06,135.25,136.35,135.0,136.25,12266186,1663822127,-0.7,18875,0.0,1.0,0.9948886454910552,681.6474786237143,30.38188722835408,0.2229863282814978,30.15890090007258,30.404185861182228,30.103154318002208,33.8125,34.0875,33.75,34.0625,136.07,136.25,214993243643.0,1580000000.0,2191,533,-9364966.0,-7762973.0,30000.0,-1631993.0,136.25,0.0,True,0.0260550458715596,2022-04-07,YUANTA_ETF_NAV_HISTORY,-0.008327299058653,-0.0090448625180897,-0.0108342361863491,-0.0286359029125011,0.0090627763041553,-0.027735805059451,58.25242718446591,0.5370794993188098,-0.0788017460844542,0.2401936899372841,-0.5342579794399425,-0.0029848573092605,0.0259218692953632,-0.072258064516129,-0.1185840707964601,-0.8005340504935727,1.0,0.0041599999999999,2,0.2,0.5877852522924732,-0.8090169943749473,2022-04,19,28.31926369175024,2022-04-27,0.0649606299212592,False,False,28.31926369175024,30.53797765815113,-0.0754288092504954,0.5836079101957661,-0.0142342484385982,30.256903436749145,135.6895002035858,2022-03,all,0c8176dbe460617de3ee512bbcfae6ce17e4220c9cc72d6079e6a13f5aa65f8c,False,all
2022-05-06,126.45,126.85,125.95,126.65,18804033,2373840312,-2.6,37094,0.0,1.0,0.9798839458413928,633.6194727904106,28.24121847685172,0.2229863282814979,28.196621211195414,28.28581574250801,28.085128047054663,31.6125,31.7125,31.4875,31.6625,126.59,126.65,215768330898.0,1704500000.0,3155,504,-15090154.0,-13477252.0,100000.0,-1712902.0,126.65,0.0,True,0.0280300039478878,2022-05-09,YUANTA_ETF_NAV_HISTORY,0.0113458528951486,0.0213354405373369,-0.0513761467889906,-0.0868950900741789,-0.0139233263398819,-0.0510511245441864,32.33333333333309,-0.7087913143944781,-0.1089279558772838,0.173661802174132,-0.8785458482575395,0.0014721834805515,0.0274661508704061,0.0057896429720167,0.2433035714285714,-0.0046394785887356,1.0,0.0038507109004739,4,0.1935483870967742,-0.9510565162951536,0.3090169943749472,2022-05,21,27.22663068317089,2022-05-13,0.0356265356265359,False,False,27.22663068317089,28.820982930383607,-0.0569081322718798,0.5643500894787209,-0.0194640059533811,28.406762453721328,127.39239518694006,2022-04,all,0c8176dbe460617de3ee512bbcfae6ce17e4220c9cc72d6079e6a13f5aa65f8c,False,all
2022-06-13,124.1,124.25,123.45,123.55,18437079,2280313744,-3.55,32400,0.0,1.0,0.9720692368214005,618.1104292400729,27.54996085917908,0.2229863282814979,27.672603339733897,27.706051288976123,27.527662226350927,31.025,31.0625,30.8625,30.8875,123.68,123.55,241909435860.0,1956000000.0,2602,715,-11440049.0,-13800856.0,100000.0,2260807.0,123.55,0.0,True,0.0287333063537029,2022-06-14,YUANTA_ETF_NAV_HISTORY,-0.0101246105919005,-0.0054773082942098,0.0482474226804126,-0.054315476190476,0.0086100861008611,-0.0235970449278515,56.67574931880113,0.4582293014259245,-0.0826416456153009,0.1848236080800716,-0.453024856424854,0.0020498265531376,0.0279307631785995,0.0011732499022292,-0.0612745098039215,-0.5879066809428428,1.0,0.097430104490257,8,0.4333333333333333,0.0,1.0,2022-06,21,26.245490838732312,2022-06-30,0.0543755310110449,False,False,26.245490838732312,28.3415623245784,-0.0768351639291774,0.5319388499448953,-0.0145567601571628,28.07164920640106,125.88955306247932,2022-05,all,0c8176dbe460617de3ee512bbcfae6ce17e4220c9cc72d6079e6a13f5aa65f8c,False,all
2022-07-29,118.15,118.5,117.65,118.0,8291615,979364354,1.1,8204,0.0,1.0,1.009409751924722,599.6491387973074,26.72711787668252,0.2265009989549365,26.76109302652576,26.840368376159983,26.64784252704829,29.5375,29.625,29.4125,29.5,118.19,118.0,247024358747.0,2090000000.0,3255,372,-380036.0,-919760.0,134000.0,405724.0,118.0,0.0,True,0.0423728813559322,2022-08-01,YUANTA_ETF_NAV_HISTORY,0.0017137960582693,0.0047271164589601,0.0254106814998984,-0.0708720115986834,0.0365848228354124,-0.0169075792304895,68.03344200836052,1.2962478285920571,-0.0851883134230491,0.2583005416251076,-1.0427796134958014,-0.0017079419299742,0.0427715996578272,-0.1173361522198731,1.295774647887324,-0.1401305531935379,1.0,0.0091743119266054,21,0.935483870967742,-0.9510565162951536,0.3090169943749472,2022-07,21,24.405853630409943,2022-07-07,0.0965030533978603,False,False,26.76109302652576,26.477966777832087,0.0106361351548941,0.1056363404258226,-0.0015214681451289,26.569900585887467,117.30588698716372,2022-06,all,0c8176dbe460617de3ee512bbcfae6ce17e4220c9cc72d6079e6a13f5aa65f8c,True,all
2022-08-30,116.55,117.2,116.2,116.75,12722112,1482741825,0.2,14210,0.0,1.0,1.0017160017160018,593.2969233439461,26.44399162798885,0.2265009989549366,26.39869142819786,26.54591707751857,26.31941607856364,29.1375,29.3,29.05,29.1875,116.52,116.75,246798361165.0,2118000000.0,3038,441,-4521214.0,-8693831.0,100000.0,4072617.0,116.75,0.0,True,0.0428265524625267,2022-08-31,YUANTA_ETF_NAV_HISTORY,-0.0255016722408026,-0.0271285475792987,-0.0093497662558437,-0.0801317771545445,-0.0226824871074589,-0.0066314941416475,41.27516778523488,-1.3621155712779067,-0.080845960557375,0.1869022140148108,2.170879054346308,-0.0011997600479903,0.0429000429000429,0.0433151432469305,-0.0480167014613778,-0.6685558290800221,1.0,0.0112198615421341,22,0.967741935483871,0.9510565162951536,0.3090169943749474,2022-08,23,26.19484052913842,2022-08-03,0.0077821011673151,False,False,26.262790828824905,26.39869142819786,-0.0051613017802252,0.6615155787361221,-0.0006223167828426,26.51417953118652,117.0598790006292,2022-07,all,0c8176dbe460617de3ee512bbcfae6ce17e4220c9cc72d6079e6a13f5aa65f8c,False,all
2022-09-01,115.5,115.6,114.75,115.15,23181870,2670144230,-2.45,41161,0.0,1.0,0.9791666666666669,585.1660875636438,26.08159002966096,0.2265009989549366,26.160865379295185,26.18351547919068,25.99098963007898,28.875,28.9,28.6875,28.7875,115.19,115.15,244321956260.0,2121000000.0,3270,463,-17045571.0,-9609403.0,0.0,-7436168.0,115.15,0.0,True,0.0434216239687364,2022-09-02,YUANTA_ETF_NAV_HISTORY,0.0072805139186296,-0.0025445292620863,0.0116129032258063,-0.0725652935353692,-0.0149309990995329,0.004869238311288,40.239043824701305,-0.9902290697861804,-0.0696760888423329,0.1763461444697194,-0.6549049872576501,-0.0022906592008145,0.042517006802721,-0.0069721115537848,0.0615384615384615,-0.0404416613263601,1.0,0.0155428024868484,1,0.0333333333333333,-0.587785252292473,-0.8090169943749475,2022-09,21,23.397553192044963,2022-09-30,0.1181026137463694,False,False,23.397553192044963,26.636517477100547,-0.1296516593389333,0.6995379879767514,-0.0162551413921238,26.33807239335077,116.28236747243156,2022-08,all,0c8176dbe460617de3ee512bbcfae6ce17e4220c9cc72d6079e6a13f5aa65f8c,False,all
2022-10-11,102.0,102.15,100.5,100.7,34441616,3486069852,-5.5,60659,0.0,1.0,0.948210922787194,511.7344769227873,22.80865059476213,0.2265009989549367,23.103101893403547,23.13707704324679,22.763350394971145,25.5,25.5375,25.125,25.175,100.29,100.7,211815063861.0,2112000000.0,4972,608,-26546783.0,-17802736.0,100000.0,-8844047.0,100.7,0.0,True,0.0496524329692154,2022-10-12,YUANTA_ETF_NAV_HISTORY,-0.0166666666666666,0.0265828902851621,-0.0601769911504421,-0.053737671674808,-0.0284956318894932,-0.0739795793725072,34.961439588689004,-0.771407752406711,-0.1305771592304538,0.2218054436761036,-0.4558746184075757,0.0020758633704471,0.0470809792843691,-0.0979955456570156,-0.1512385919165579,-0.6347747346496327,1.0,-0.0002373605506764,6,0.3548387096774194,0.9510565162951536,0.3090169943749474,2022-10,20,21.936621748785623,2022-10-26,0.0531750129065564,False,False,21.936621748785623,24.05440608901428,-0.0921607189548334,0.6915701216836371,-0.0189721360850528,23.720356192455576,104.72517252418317,2022-09,all,0c8176dbe460617de3ee512bbcfae6ce17e4220c9cc72d6079e6a13f5aa65f8c,False,all
2022-11-30,115.1,116.4,114.85,116.35,9535815,1105729102,0.95,7145,0.0,1.0,1.0082322357019062,591.2642143988708,26.353391228406885,0.2265009989549367,26.07026497971321,26.364716278354635,26.01363972997448,28.775,29.1,28.7125,29.0875,116.88,116.35,268706081641.0,2299000000.0,3088,672,1168736.0,6179576.0,0.0,-5010840.0,116.35,0.0,True,0.0429737859905457,2022-12-01,YUANTA_ETF_NAV_HISTORY,0.0091823349365982,0.005226480836237,0.1586345381526099,0.0131694468832312,0.0528716755622462,0.0782359536564096,78.09278350515456,0.878411262423622,-0.0111396743787488,0.2707640084154945,-0.5404060052315821,-0.0020754064337599,0.0433275563258232,-0.0358910891089109,-0.0415430267062314,0.4886237718033391,1.0,0.0059068037628526,22,1.0,0.5877852522924732,-0.8090169943749473,2022-11,22,22.2197479974793,2022-11-04,0.1732925586136589,False,False,26.07026497971321,26.1382152793997,-0.0026030383461624,0.099070111802153,-0.0005500133551973,26.254462079111253,115.91322864026168,2022-10,all,0c8176dbe460617de3ee512bbcfae6ce17e4220c9cc72d6079e6a13f5aa65f8c,True,all
2022-12-30,110.6,110.75,110.2,110.2,8890361,982130895,0.7,7376,0.0,1.0,1.006392694063927,560.011314368333,24.960410084834024,0.2265009989549367,25.051010484416,25.08498563425924,24.960410084834024,27.65,27.6875,27.55,27.55,109.7,110.2,253076160575.0,2307000000.0,3109,808,-4559523.0,-3948110.0,150000.0,-761413.0,110.2,0.0,True,0.0453720508166969,2023-01-03,YUANTA_ETF_NAV_HISTORY,-0.0045454545454545,-0.0275310834813498,-0.0747782002534857,0.0209790209790208,-0.0317446281722522,0.0120537605422266,31.543624161073765,-1.5826499832230498,-0.0747782002534857,0.1695348332034834,1.7386801015830282,0.0025636330342428,0.045662100456621,0.045348449483161,-0.1485042735042735,-0.4798760647180398,1.0,0.0,22,0.967741935483871,-0.9510565162951536,0.3090169943749472,2022-12,22,24.733909085879088,2022-12-29,0.0128205128205127,False,False,25.051010484416,24.801859385565567,0.009995539831679,0.4977411191081476,-0.0014983563005394,24.888548816317016,109.88273310559966,2022-11,all,0c8176dbe460617de3ee512bbcfae6ce17e4220c9cc72d6079e6a13f5aa65f8c,True,all
2023-01-31,120.6,120.6,118.3,118.3,22474562,2681531250,-2.4,23552,0.0,1.0,0.980115990057995,614.1235590174308,27.3722610285526,0.2313800594129552,27.9044351652024,27.9044351652024,27.3722610285526,30.15,30.15,29.575,29.575,118.35,118.3,267540485034.0,2260500000.0,1908,170,5745819.0,5440416.0,323000.0,-17597.0,118.3,0.0,True,0.0371935756551141,2023-02-01,YUANTA_ETF_NAV_HISTORY,0.0440304826418289,0.0597335625268586,0.1178603807796918,0.2750775594622539,0.0855067679102015,0.1079660331581073,92.08860759493686,2.6561813018557223,0.0,0.2184142123443828,3.2011417515814427,-0.0062572040177835,0.0364540182270091,-0.2773865414710484,-0.1388888888888888,0.6616123309903732,1.0,-0.0294117647058823,13,1.0,0.9510565162951536,0.3090169943749474,2023-01,13,24.824509485461057,2023-01-03,0.1240679370339687,False,False,27.9044351652024,27.92757317114369,-0.0008288438104005,0.0197075042653353,-0.0035354019583232,27.96815736458144,120.87540056624027,2022-12,all,0c8176dbe460617de3ee512bbcfae6ce17e4220c9cc72d6079e6a13f5aa65f8c,True,all
2023-02-24,119.9,120.1,118.8,118.8,5828709,695430436,-0.6,9038,0.0,1.0,0.9949748743718592,616.7191784553744,27.48795105825908,0.2313800594129552,27.742469123613336,27.78874513549593,27.48795105825908,29.975,30.025,29.7,29.7,118.09,118.8,269765342733.0,2284500000.0,1654,372,-2044361.0,-1966103.0,0.0,-78258.0,118.8,0.0,True,0.037037037037037,2023-03-01,YUANTA_ETF_NAV_HISTORY,0.0148746281342966,-0.0074812967581046,0.0327857467061674,0.067588592437622,-0.0016345313273188,0.045260157743048,44.40559440559454,-0.1369953857579795,-0.0184956843403204,0.2327167742547323,-0.6031855339012777,0.0005027652086475,0.0368509212730318,0.1046195652173913,0.2271186440677965,0.168466834494867,1.0,0.004627589246364,18,0.8571428571428571,-0.9510565162951536,0.3090169943749472,2023-02,18,27.18715698102224,2023-02-22,0.0204255319148936,False,False,27.742469123613336,27.62677909390686,0.0041788610749668,0.2398886299926762,-0.0044477938377383,27.64169460858865,119.46446326757648,2023-01,all,0c8176dbe460617de3ee512bbcfae6ce17e4220c9cc72d6079e6a13f5aa65f8c,True,all
2023-03-01,117.3,119.45,116.85,119.35,7996077,945839757,0.55,14283,0.0,1.0,1.0046296296296295,619.5743598371122,27.61521009093621,0.2313800594129552,27.14088096913965,27.638348096877504,27.03675994240382,29.325,29.8625,29.2125,29.8375,119.64,119.35,273318478119.0,2284500000.0,1682,370,-4050036.0,-2605541.0,0.0,-1444495.0,119.35,0.0,True,0.0368663594470046,2023-03-02,YUANTA_ETF_NAV_HISTORY,-0.0050251256281407,0.000421052631579,0.0275958685820156,0.0659558373257447,-0.0079746148386286,0.0388933758972536,48.28897338403052,-0.8548706933242284,-0.0234278668310726,0.2338317074415365,-0.6194872618173102,0.0060123634516047,0.037037037037037,0.0343964978111319,0.3144876325088339,-0.3507399322903236,1.0,0.0112881806108897,1,0.032258064516129,0.5877852522924732,-0.8090169943749473,2023-03,23,27.11774296319836,2023-03-16,0.0008532423208189,False,True,27.11774296319836,27.48795105825908,-0.0135595297856319,0.7123706013279525,-0.0157506431402783,27.19368191257963,117.52820005999632,2023-02,all,0c8176dbe460617de3ee512bbcfae6ce17e4220c9cc72d6079e6a13f5aa65f8c,False,all
2023-04-24,117.8,118.5,117.7,118.15,7308582,863114882,-0.45,16153,0.0,1.0,0.9962057335581788,613.3448731860481,27.33755401964067,0.2313800594129553,27.256570998846133,27.418537040435204,27.23343299290484,29.45,29.625,29.425,29.5375,118.18,118.15,270695433667.0,2290500000.0,1635,540,-5153940.0,-4242079.0,-150000.0,-761861.0,118.15,0.0,True,0.037240795598815,2023-04-25,YUANTA_ETF_NAV_HISTORY,-0.0025231286795627,-0.0169912971404891,-0.0004214075010536,0.042191517224791,-0.0164206336042461,-0.0068598104240197,34.12698412698393,-2.095150117285999,-0.0294599018003275,0.1042425618456339,-0.7208462642702526,0.0016045942065703,0.0370994940978077,0.0513654096228868,0.0407407407407407,-0.5009770404413456,1.0,0.0026229508196722,13,0.8,0.0,1.0,2023-04,17,26.851655894873456,2023-04-27,0.0150797070228352,False,False,26.851655894873456,27.441675046376496,-0.0217353538431791,0.7051901087646884,-0.0086244411112505,27.34205369560452,118.1694471207902,2023-03,all,0c8176dbe460617de3ee512bbcfae6ce17e4220c9cc72d6079e6a13f5aa65f8c,False,all
2023-05-31,126.7,126.7,125.15,126.15,9229280,1162014425,-0.6,8924,0.0,1.0,0.9952662721893492,654.874784193144,29.188594494944315,0.2313800594129553,29.31585352762144,29.31585352762144,28.95721443553136,31.675,31.675,31.2875,31.5375,125.99,126.15,303763481154.0,2411000000.0,1073,483,3119659.0,68605.0,0.0,3051054.0,126.15,0.0,True,0.0348791121680539,2023-06-01,YUANTA_ETF_NAV_HISTORY,0.0,0.0372340425531916,0.076890399320306,0.0620025136154172,0.0509514530906678,0.0574984356532017,87.44769874476998,1.9283348845722388,0.0,0.1261036316381011,0.0719620207333923,-0.0014181044670291,0.0347140039447731,-0.2083639031548055,-0.1334488734835355,0.7955753597235681,1.0,0.0259574468085106,22,1.0,0.5877852522924732,-0.8090169943749473,2023-05,22,27.059897948345125,2023-05-15,0.0833689610944847,False,False,29.31585352762144,29.327422530592084,-0.000394555144199,0.0725489439429358,-0.0004880829879953,29.45967736630388,127.3215913292068,2023-04,all,0c8176dbe460617de3ee512bbcfae6ce17e4220c9cc72d6079e6a13f5aa65f8c,True,all
2023-06-30,128.8,129.1,128.3,129.1,7504016,964915657,0.05,11593,0.0,1.0,1.000387446726075,670.1889388770102,29.87116567021252,0.2313800594129551,29.801751652388628,29.87116567021252,29.68606162268215,32.2,32.275,32.075,32.275,129.46,129.1,342035289045.0,2642000000.0,948,376,-1558297.0,-2842032.0,-131000.0,1414735.0,129.1,0.0,True,0.0340821068938807,2023-07-03,YUANTA_ETF_NAV_HISTORY,-0.0003872966692486,-0.0114898506319418,0.0181459566074946,0.0700663349917076,0.0009695559433777,0.0496492357745617,54.922279792745954,0.0605635864455013,-0.0216072782410919,0.1195625356242344,-0.6027124003103943,-0.0017790841584157,0.0340953118946144,-0.0065645514223194,-0.0306122448979592,0.011568266037157,1.0,-0.0005674295441648,20,1.0,-0.9510565162951536,0.3090169943749472,2023-06,20,29.00349044741394,2023-06-01,0.0275229357798161,False,False,29.801751652388628,29.859596667241867,-0.0019391124943695,0.2783091420434884,-0.0005566409552989,29.9921951190451,129.6230764013963,2023-05,all,0c8176dbe460617de3ee512bbcfae6ce17e4220c9cc72d6079e6a13f5aa65f8c,True,all
2023-07-31,130.3,130.65,128.25,128.8,7751452,1003262971,-0.7,11911,0.0,1.0,0.9945945945945946,678.4151635000128,30.23781886948172,0.2347656744524978,30.58996738116047,30.672135367218843,30.108697748532848,32.575,32.6625,32.0625,32.2,128.81,128.8,314682055521.0,2443000000.0,847,71,103338.0,1313484.0,-150000.0,-1060146.0,128.8,0.0,True,0.0349378881987577,2023-08-01,YUANTA_ETF_NAV_HISTORY,0.0,0.0180817610062891,0.0177759775848136,0.1211167125102337,0.0087685029086983,0.0362978087866125,66.10124206909877,0.8165824976491458,-0.0064659455107793,0.1450243956115353,-1.2842984876538637,0.0003862495171882,0.0347490347490347,-0.0772532188841201,0.90625,-0.138456094743905,1.0,-0.0044265593561367,21,1.0,0.0,1.0,2023-07,21,29.51252657812244,2023-07-07,0.0365079147048268,False,False,30.58996738116047,30.40215484159847,0.006158602991207,0.1727011840775908,-0.000898131108651,30.52673628857786,130.03066295688217,2023-06,all,0c8176dbe460617de3ee512bbcfae6ce17e4220c9cc72d6079e6a13f5aa65f8c,True,all
2023-08-28,124.85,125.7,124.75,125.35,4490279,563092008,0.8,5969,0.0,1.0,1.006423123243677,660.2433287634052,29.4278772926206,0.2347656744524978,29.310494455394352,29.510045278678977,29.287017887949105,31.2125,31.425,31.1875,31.3375,125.23,125.35,306313536071.0,2446000000.0,1105,181,-1399813.0,-1612795.0,0.0,212982.0,125.35,0.0,True,0.0358994814519345,2023-08-29,YUANTA_ETF_NAV_HISTORY,-0.0192913385826772,0.0056519983851432,-0.0382239382239381,-0.0029787062754101,-0.0128202587829671,-0.0205625507051872,35.74007220216613,-0.8237855013778886,-0.0444427298329541,0.1397380710250201,-0.2370907435122551,0.0,0.0361300682456844,-0.1316808675445391,0.2253521126760562,-0.6968979886696418,1.0,0.0041093075816724,19,0.9032258064516128,0.0,1.0,2023-08,22,29.017037362328736,2023-08-17,0.0101132686084139,False,False,29.310494455394352,29.240064753058604,0.0024057750175927,0.5603891381839018,-0.0022004647354075,29.32167272947152,124.8976146016799,2023-07,all,0c8176dbe460617de3ee512bbcfae6ce17e4220c9cc72d6079e6a13f5aa65f8c,False,all
2023-09-21,123.8,123.85,122.65,122.75,23194776,2852690919,-2.0,42629,0.0,1.0,0.9839679358717436,646.5486127300202,28.81748653904412,0.2347656744524979,29.063990497219244,29.07572878094187,28.79400997159887,30.95,30.9625,30.6625,30.6875,122.84,122.75,284140205997.0,2313000000.0,1200,120,-18948639.0,-19074349.0,-210000.0,335710.0,122.75,0.0,True,0.0366598778004073,2023-09-22,YUANTA_ETF_NAV_HISTORY,-0.0055799123156636,-0.0035942492012779,-0.0008009611533839,-0.0180343255764767,-0.0075774149281037,-0.0158441017238755,45.320197044335096,-0.9993874509305568,-0.0429083143047851,0.1359680545763994,0.3966055028714752,0.0014449706992052,0.0360721442885771,-0.0398481973434534,-0.0320855614973262,-0.5845372349923248,1.0,-0.0335790335790335,15,0.7,-0.587785252292473,-0.8090169943749475,2023-09,20,28.606197432036872,2023-09-27,0.0160032827246614,False,False,28.606197432036872,29.28701788794912,-0.0235209545604129,0.5278218588972827,-0.0097093874170339,29.149055078332825,124.1623382392335,2023-08,all,0c8176dbe460617de3ee512bbcfae6ce17e4220c9cc72d6079e6a13f5aa65f8c,False,all
2023-10-04,122.1,122.2,121.35,121.9,12322148,1500309693,-1.6,23810,0.0,1.0,0.9870445344129556,642.0714940267981,28.617935715759497,0.2347656744524979,28.664888850649994,28.688365418095245,28.48881459481062,30.525,30.55,30.3375,30.475,122.02,121.9,287116176308.0,2353000000.0,1287,93,-7886792.0,-8261712.0,0.0,374920.0,121.9,0.0,True,0.0369155045118949,2023-10-05,YUANTA_ETF_NAV_HISTORY,-0.0060362173038228,-0.000404694455686,-0.0256410256410254,-0.0187385661848845,-0.0079325233457173,-0.0209657860250895,43.67346938775516,-0.6374990695018806,-0.0524984113558393,0.1254552554106445,-0.4389599661998937,-0.0009707167125061,0.0364372469635627,0.0378331900257953,-0.02803738317757,-0.4314029495441503,1.0,0.0083565459610028,3,0.1290322580645161,0.5877852522924732,-0.8090169943749473,2023-10,20,28.606197432036872,2023-10-26,0.0020517029134181,False,True,28.606197432036872,28.993560794883496,-0.0134503759968167,0.7472847285346986,-0.0161910795170142,28.67054318337039,122.12408500618152,2023-09,all,0c8176dbe460617de3ee512bbcfae6ce17e4220c9cc72d6079e6a13f5aa65f8c,False,all
2023-11-30,131.3,131.5,130.65,131.35,11141866,1461693142,0.2,7269,0.0,1.0,1.001524971406786,691.8465196096794,30.8364713393356,0.2347656744524978,30.82473305561297,30.87168619050347,30.67213536721885,32.825,32.875,32.6625,32.8375,131.97,131.35,302148908070.0,2289500000.0,692,128,5924760.0,6954572.0,0.0,-1029812.0,131.35,0.0,True,0.0342596117244004,2023-12-01,YUANTA_ETF_NAV_HISTORY,-0.0007619047619047,-0.0015226494099733,0.077207392197125,0.0416997617156476,0.0150339570071396,0.0409280914334091,70.31249999999966,0.8350442102746708,-0.0105620520558282,0.1192307108359219,-0.8808955406559631,-0.0025098874353512,0.0343118566526877,0.0382775119617224,-0.044776119402985,0.4676398221987324,1.0,-0.0058619192357793,22,1.0,-0.587785252292473,-0.8090169943749475,2023-11,22,28.64141228320476,2023-11-01,0.0762295081967205,False,False,30.82473305561297,30.789518204445105,0.0011430749958674,0.1742605543314115,-0.0005522983139976,30.92638049000625,131.73297400537936,2023-10,all,0c8176dbe460617de3ee512bbcfae6ce17e4220c9cc72d6079e6a13f5aa65f8c,True,all
2023-12-29,135.7,136.0,135.35,135.45,13407035,1819068025,-0.3,7710,0.0,1.0,0.9977900552486187,713.4420333546333,31.799010604590848,0.2347656744524979,31.85770202320397,31.92813172553972,31.7755340371456,33.925,34.0,33.8375,33.8625,136.2,135.45,310267261856.0,2278000000.0,468,108,4833159.0,8550384.0,0.0,-3717225.0,135.45,0.0,True,0.0332225913621262,2024-01-02,YUANTA_ETF_NAV_HISTORY,0.0,0.0237556561085969,0.0334982870194138,0.0991902834008098,0.0236591573192572,0.0541369536800961,79.37500000000018,1.9322905079315504,0.0,0.0859901941227707,0.5891648512579091,-0.002571638501102,0.0331491712707182,-0.1606837606837606,-0.0442477876106194,0.3616058884609057,1.0,-0.002831627096493,21,0.935483870967742,-0.9510565162951536,0.3090169943749472,2023-12,21,30.61344394860572,2023-12-06,0.0406441717791414,False,False,31.85770202320397,31.869440306926595,-0.0003683919732214,0.1019440824347364,-0.0018669960616211,31.969045674562107,136.17427568624674,2023-11,all,0c8176dbe460617de3ee512bbcfae6ce17e4220c9cc72d6079e6a13f5aa65f8c,True,all
2024-01-03,133.7,133.9,132.3,132.55,14783894,1963126583,-2.35,25258,0.0,1.0,0.9825796886582654,698.1671577789344,31.118190148678607,0.2347656744524979,31.388170674298976,31.43512380918948,31.05949873006548,33.425,33.475,33.075,33.1375,132.66,132.55,300676003971.0,2266500000.0,510,101,-6886430.0,-8033755.0,0.0,1147325.0,132.55,0.0,True,0.0339494530365899,2024-01-04,YUANTA_ETF_NAV_HISTORY,-0.0040605389442596,0.0104868913857678,0.0274181264280277,0.0909826122118888,0.0144764053393497,0.0441849964522997,70.23809523809555,1.1022292071160218,-0.0062615101289132,0.0869475053933768,-0.543454555018844,-0.0040605389442597,0.0333580429948109,-0.048,-0.0530973451327433,0.0916423839162519,1.0,-0.0076236114136353,2,0.0967741935483871,0.5877852522924732,-0.8090169943749473,2024-01,22,30.733313515220065,2024-01-18,0.0213077304129476,False,False,30.733313515220065,31.669889483641978,-0.0300191738683002,0.520849760995365,-0.0125570884777735,31.4310677940956,133.8827231340215,2023-12,all,0c8176dbe460617de3ee512bbcfae6ce17e4220c9cc72d6079e6a13f5aa65f8c,False,all
2024-02-29,143.0,143.95,142.7,143.3,7372502,1055974598,-0.05,10899,0.0,1.0,0.999651203348448,772.5562626349662,34.43380630751396,0.2402917397593437,34.36171878558616,34.58999593835753,34.28963126365835,35.75,35.9875,35.675,35.825,143.8,143.3,301625567096.0,2097500000.0,378,65,2024506.0,574494.0,0.0,1450012.0,143.3,0.0,True,0.0341939986043265,2024-03-01,YUANTA_ETF_NAV_HISTORY,-0.0041681139284472,0.0120014119308151,0.0786305492851768,0.1174734532933634,0.0361402240693891,0.0824059040240474,71.74603174603165,1.3224921883910332,-0.0041681139284472,0.1839222525841675,-1.0104577843318308,-0.0029213326841484,0.0341820718521102,-0.0646766169154229,0.0892857142857141,0.2888440478959989,1.0,-0.010370021211407,13,1.0,-0.587785252292473,-0.8090169943749475,2024-02,13,32.283195236667844,2024-02-01,0.0643840714551542,False,False,34.36171878558616,34.44582089450193,-0.0024445620694714,0.1561385545467366,-0.0017260414870539,34.55834934619882,143.8182992923918,2024-01,all,0c8176dbe460617de3ee512bbcfae6ce17e4220c9cc72d6079e6a13f5aa65f8c,True,all
2024-03-29,156.9,158.4,156.9,157.9,8255237,1302182597,1.0,7944,0.0,1.0,1.0063734862970044,851.267507816198,37.94206570800039,0.2402917397593438,37.70177396824104,38.062211577880056,37.70177396824104,39.225,39.6,39.225,39.475,158.83,157.9,301459598080.0,1898000000.0,298,72,4321208.0,1859286.0,0.0,2461922.0,157.9,0.0,True,0.0310322989233692,2024-04-01,YUANTA_ETF_NAV_HISTORY,-0.0047573739295909,-0.0031766200762392,0.0949057920446616,0.2079218730704446,0.0220998973991499,0.113423913560124,58.53658536585365,0.8632198502131806,-0.0047573739295909,0.1801254958279445,-1.3584988821066704,-0.001463756125501,0.0312300828553218,-0.1934673366834171,-0.0519480519480519,-0.1167403206456538,1.0,-0.0340447154471544,21,0.935483870967742,-0.9510565162951536,0.3090169943749472,2024-03,21,34.4938792424538,2024-03-01,0.0929989550679206,False,False,37.70177396824104,37.70177396824104,0.0,0.1799321303287104,-0.0021018803625244,37.810725635804616,157.353414119323,2024-02,all,0c8176dbe460617de3ee512bbcfae6ce17e4220c9cc72d6079e6a13f5aa65f8c,True,all
2024-04-30,158.6,159.35,158.25,158.25,4792141,761950562,-0.55,6586,0.0,1.0,0.996536523929471,853.1544212280766,38.02616781691614,0.2402917397593437,38.11026992583191,38.29048873065142,38.02616781691614,39.65,39.8375,39.5625,39.5625,157.93,158.25,301330804896.0,1908000000.0,500,66,2633289.0,1051601.0,0.0,1581688.0,158.25,0.0,True,0.0309636650868878,2024-05-02,YUANTA_ETF_NAV_HISTORY,0.0179487179487181,0.0555001661681624,0.0121096239643081,0.1868460388639758,0.0070710593905571,0.0586254978973037,43.348281016442456,0.3000633935720691,-0.0272588055130168,0.2858225220249993,-0.1198082483553291,-0.0009436929852153,0.0308564231738035,-0.2211267605633803,0.0476190476190476,0.4062392375972257,1.0,0.0015756302521008,20,1.0,0.9510565162951536,0.3090169943749474,2024-04,20,36.13987765980529,2024-04-22,0.0545212765957445,False,False,38.11026992583191,38.15832827378379,-0.0012602396122879,0.0913186038013879,-0.0011736058711312,38.30413956263328,159.40680941007597,2024-03,all,0c8176dbe460617de3ee512bbcfae6ce17e4220c9cc72d6079e6a13f5aa65f8c,True,all
2024-05-31,168.25,168.9,166.0,166.0,9114336,1525397907,-1.9,18205,0.0,1.0,0.98868374032162,894.936075348251,39.88842880005106,0.2402917397593437,40.429085214509584,40.58527484535316,39.88842880005106,42.0625,42.225,41.5,41.5,165.04,166.0,318041404114.0,1927000000.0,645,76,-2602458.0,-2480035.0,0.0,-122423.0,166.0,0.0,True,0.0295180722891566,2024-06-03,YUANTA_ETF_NAV_HISTORY,-0.0172666081357918,-0.0198482194979567,0.0752481588216458,0.1425654984688671,0.0117048039407678,0.0529231315944875,66.31853785900788,0.4099335876832683,-0.0306004618937643,0.1372875063175321,0.9852982235735432,0.0022683858643743,0.0291840381179273,0.0213523131672597,0.0410958904109588,-0.3737416616306309,1.0,0.009958071278826,22,1.0,-0.9510565162951536,0.3090169943749472,2024-05,22,37.80990525113274,2024-05-02,0.0692723228471559,False,False,40.429085214509584,40.34498310559382,0.002082404441342,0.2834434733223784,-0.0007887758787709,40.51473836597511,168.60645483091227,2024-04,all,0c8176dbe460617de3ee512bbcfae6ce17e4220c9cc72d6079e6a13f5aa65f8c,True,all
2024-06-28,185.3,187.4,184.65,186.45,4455951,830033644,1.15,7487,0.0,1.0,1.006206152185645,1005.1857304137432,44.80239487812963,0.2402917397593437,44.52605937740639,45.03067203090101,44.36986974656281,46.325,46.85,46.1625,46.6125,186.24,186.45,414292347072.0,2224500000.0,631,107,198550.0,17826.0,0.0,180724.0,186.45,0.0,True,0.0262805041566103,2024-07-01,YUANTA_ETF_NAV_HISTORY,-0.0002697599136765,-0.0234519104084319,0.0845771144278604,0.1735275490816972,0.0403391067568705,0.1091657313879537,71.67968750000009,0.9435442984137108,-0.0234519104084319,0.2373357968150216,-0.9268128665013932,0.0001619258379661,0.0264436049649217,-0.0820895522388059,0.1847826086956521,-0.0227800379887533,1.0,-0.0002247191011236,19,0.9333333333333332,-0.9510565162951536,0.3090169943749472,2024-06,19,40.22483723571416,2024-06-05,0.106929510155316,False,False,44.52605937740639,44.5260593774064,-1.1102230246251563e-16,0.1336929736279494,-0.0026962129865517,44.6282001817219,185.7250699770945,2024-05,all,0c8176dbe460617de3ee512bbcfae6ce17e4220c9cc72d6079e6a13f5aa65f8c,True,all
2024-07-19,188.75,189.0,186.2,186.25,18436231,3456363627,-4.35,43183,0.0,1.0,0.977177334732424,1009.2083704505624,44.98168901445602,0.24151242423869,45.585470075052754,45.64584818111242,44.96961339324409,47.1875,47.25,46.55,46.5625,185.88,186.25,394805612702.0,2124000000.0,681,51,-7237330.0,-4945350.0,-1332000.0,-959980.0,186.25,0.0,True,0.021476510067114,2024-07-22,YUANTA_ETF_NAV_HISTORY,-0.0180319422977844,-0.055150431879162,0.0095823448563889,0.2611471358558253,-6.244934525656554e-05,0.0887596758941307,57.357665912663386,-0.0020865230104845,-0.055150431879162,0.2425388548798153,1.9246131128566428,-0.0002098195551825,0.0209863588667366,0.2410015649452268,,-0.2969410033471035,1.0,-0.0255172413793103,15,0.6129032258064516,-0.9510565162951536,0.3090169943749472,2024-07,21,43.00128713569877,2024-07-26,0.0600954787980905,False,False,43.00128713569877,46.032268059894335,-0.0681125814963151,0.5362815276369068,-0.013175215265597,45.65690961999862,189.04580070330164,2024-06,all,0c8176dbe460617de3ee512bbcfae6ce17e4220c9cc72d6079e6a13f5aa65f8c,False,all
2024-08-02,178.15,178.9,174.7,174.7,32816025,5798178503,-9.3,68966,0.0,1.0,0.9494565217391304,946.6239050615476,42.19222051449916,0.2415124242386901,43.02543837812264,43.20657269630166,42.19222051449916,44.5375,44.725,43.675,43.675,174.52,174.7,373988608840.0,2143000000.0,1452,101,-19502044.0,-13367444.0,-1967000.0,-4167600.0,174.7,0.0,True,0.0228963938179736,2024-08-05,YUANTA_ETF_NAV_HISTORY,0.0174177495161738,-0.0123456790123458,-0.0022405078530146,0.1616502629990182,-0.0296629243192309,0.0305102342987109,35.58209323548495,-0.815672408031869,-0.0878682028634093,0.3211829224672116,-0.0111303341151617,0.0001630700657715,0.0217391304347826,1.1140861466821883,0.8870967741935485,-0.3495036727562005,1.0,0.0106182161396886,2,0.064516129032258,-0.9510565162951536,0.3090169943749472,2024-08,22,40.2480454993777,2024-08-05,0.0690069006900688,False,False,40.2480454993777,44.43828605991897,-0.0990399528552369,0.604813395497933,-0.0215390468781472,43.70881907127106,180.97958814770132,2024-07,all,0c8176dbe460617de3ee512bbcfae6ce17e4220c9cc72d6079e6a13f5aa65f8c,False,all
2024-09-04,171.0,173.8,170.0,171.25,34040370,5856531211,-8.8,76198,0.0,1.0,0.9511246875867814,927.9298439713224,41.35900265087567,0.24151242423869,41.29862454481599,41.974859332684325,41.0571121205773,42.75,43.45,42.5,42.8125,171.11,171.25,372598069395.0,2177500000.0,1551,231,-24525667.0,-16871657.0,25000.0,-7679010.0,171.25,0.0,True,0.0233576642335766,2024-09-05,YUANTA_ETF_NAV_HISTORY,-0.004423555432679,-0.0022166805209198,0.0749253731343282,0.0388326970683785,0.0005418096442115,-0.0165267684104495,47.95321637426902,0.0304455400345219,-0.1074492930736787,0.2296076204787647,-0.4733095488811917,0.0012790568346126,0.0222160510969175,0.0015094339622641,0.125,-0.302783131873951,1.0,-0.0084244080145718,3,0.1333333333333333,0.5877852522924732,-0.8090169943749473,2024-09,20,41.15371709027279,2024-09-09,0.003521126760563,False,True,41.15371709027279,43.48431198417615,-0.0550859756996688,0.5995706486034932,-0.019072399230009,42.87613473618798,177.53179726196163,2024-08,all,0c8176dbe460617de3ee512bbcfae6ce17e4220c9cc72d6079e6a13f5aa65f8c,False,all
2024-10-30,192.95,194.05,191.5,191.8,14531256,2800185309,0.3,15214,0.0,1.0,1.0015665796344648,1039.2814252478806,46.32208296898074,0.2415124242386899,46.59982225685523,46.86548592351779,46.24962924170913,48.2375,48.5125,47.875,47.95,191.63,191.8,405579504870.0,2116500000.0,1300,209,6678941.0,6489767.0,277000.0,-87826.0,191.8,0.0,True,0.0208550573514077,2024-11-01,YUANTA_ETF_NAV_HISTORY,-0.0232083652129558,-0.0293968575772936,0.0116217643951397,0.0588885816975388,-0.0025522162612637,0.0464909764061365,57.74134790528227,-0.1037827017111191,-0.03331650681474,0.2178444615182305,2.040642998621488,-0.0069487658162207,0.02088772845953,0.2043996333638864,0.0049261083743843,-0.1664072622422054,1.0,-0.0226275686908334,19,0.967741935483871,0.5877852522924732,-0.8090169943749473,2024-10,19,44.4141348174951,2024-10-01,0.0492115280043496,False,False,46.59982225685523,46.24962924170912,0.0075432793629272,0.4535589922730194,-0.0010344946438782,46.43281803207621,192.2585066935772,2024-09,all,0c8176dbe460617de3ee512bbcfae6ce17e4220c9cc72d6079e6a13f5aa65f8c,True,all
2024-11-01,186.15,190.55,185.95,190.5,21072030,3965634116,-1.3,31562,0.0,1.0,0.9932221063607924,1032.2372862863465,46.00811681747044,0.2415124242386899,44.95753777203214,46.02019243868237,44.9092352871844,46.5375,47.6375,46.4875,47.625,190.5,190.5,404154217635.0,2121500000.0,1365,202,-9288703.0,-8184489.0,44000.0,-1148214.0,190.5,0.0,True,0.0209973753280839,2024-11-04,YUANTA_ETF_NAV_HISTORY,0.0015665796344648,-0.0214285714285714,0.0153520381154046,0.0423913043478254,-0.0017435657220186,0.0473863124411251,55.38461538461531,-0.0717573052977903,-0.0318021201413427,0.2176236032832576,0.105238538815186,0.0008871262328447,0.0208550573514077,0.1711711711711712,0.0195121951219512,0.4596258575308287,1.0,-0.0116740602381508,1,0.0333333333333333,-0.9510565162951536,0.3090169943749472,2024-11,21,44.6677228629457,2024-11-29,0.0064882400648826,False,False,44.6677228629457,46.32208296898074,-0.036367644170875,0.6234430322525146,-0.01270980469195,45.965749275266994,190.32457406762,2024-10,all,0c8176dbe460617de3ee512bbcfae6ce17e4220c9cc72d6079e6a13f5aa65f8c,False,all
2024-12-31,196.7,196.9,195.6,195.75,8290222,1625749078,-2.05,11738,0.0,1.0,0.9896359959555106,1060.6847705540806,47.27605704472357,0.24151242423869,47.50549384775032,47.55379633259807,47.23983018108777,49.175,49.225,48.9,48.9375,196.17,195.75,436088735742.0,2223000000.0,959,212,-2599392.0,-2314194.0,200000.0,-485198.0,195.75,0.0,True,0.020434227330779,2025-01-02,YUANTA_ETF_NAV_HISTORY,-0.0055304172951232,0.0027883396704688,0.0318205529473138,0.0773420479302831,0.0087590682493337,0.0208549272937625,58.83977900552485,0.9917943660709518,-0.0065293822199899,0.1344454041302949,0.3957926066105921,-0.0013631544403492,0.0202224469160768,-0.09284332688588,-0.0464135021097046,-0.4249124821986392,1.0,-0.0042639138240574,22,1.0,0.9510565162951536,0.3090169943749474,2024-12,22,45.52509196899306,2024-12-02,0.043501326259947,False,False,47.50549384775032,47.77115751441288,-0.0055766937935982,0.244137498350774,-0.0005259473463627,47.98476920200553,198.6844749427116,2024-11,all,0c8176dbe460617de3ee512bbcfae6ce17e4220c9cc72d6079e6a13f5aa65f8c,True,all
2025-01-22,200.3,201.7,200.3,201.3,13730665,2759777870,2.6,18273,0.0,1.0,1.0130850528434827,1105.7606074627022,49.28514390652272,0.2448342966046831,49.04030960991803,49.38307762516459,49.04030960991803,50.075,50.425,50.075,50.325,200.15,201.3,446925629918.0,2233000000.0,1342,59,6597016.0,4452720.0,-560000.0,2704296.0,201.3,0.0,True,0.0183805265772478,2025-02-03,YUANTA_ETF_NAV_HISTORY,0.0020171457387794,0.0298211180874814,0.0212066448563312,0.0256263273824413,0.0156686069627405,0.0325387890719754,58.85672911345776,1.130744049582882,-0.0145156032391812,0.1929702891501595,-0.2118248676838503,0.0027756749936915,0.0186210367388022,-0.0538745387453875,,-0.4167386639143082,1.0,0.0083239595050619,15,0.7096774193548387,0.5877852522924732,-0.8090169943749473,2025-01,15,47.02246899927294,2025-01-14,0.0429122641492154,False,False,49.04030960991803,48.64857473535054,0.0080200931140013,0.2660568920826843,-0.0103991922717909,48.38601671579935,197.62760931294235,2024-12,all,0c8176dbe460617de3ee512bbcfae6ce17e4220c9cc72d6079e6a13f5aa65f8c,True,all
2025-02-26,192.9,194.7,191.9,194.7,19951637,3853695188,1.05,37866,0.0,1.0,1.005422153369481,1069.5061613163844,47.66923754893182,0.2448342966046832,47.228535815043394,47.66923754893182,46.98370151843871,48.225,48.675,47.975,48.675,194.32,194.7,467814813289.0,2407500000.0,1900,92,-9973005.0,-12368881.0,1100000.0,1295876.0,194.7,0.0,True,0.0190035952747817,2025-02-27,YUANTA_ETF_NAV_HISTORY,-0.0129969418960242,-0.0202377940804451,-0.0134997452878246,0.0367760796816631,-0.0158685791967879,-0.0028290118307293,41.77545691906026,-1.591400481636842,-0.039561885089418,0.2036939313592027,1.1628774824497652,0.0031599668462496,0.0191066356829331,0.2583333333333333,-0.4025974025974026,-0.8446366421211206,1.0,0.0255754475703324,18,0.9285714285714286,0.5877852522924732,-0.8090169943749473,2025-02,19,47.081635237080576,2025-02-03,0.0031201248049923,False,True,47.228535815043394,47.41216153749691,-0.0038804860490778,0.5864337805876044,-0.0027075687015194,47.52038330110161,194.09202044037747,2025-01,all,0c8176dbe460617de3ee512bbcfae6ce17e4220c9cc72d6079e6a13f5aa65f8c,False,all
2025-03-03,188.8,189.0,186.8,188.05,65048097,12215218709,-4.45,167213,0.0,1.0,0.9768831168831168,1032.9770602750186,46.04108947651069,0.2448342966046832,46.224715198964205,46.27368205828514,45.73504660575484,47.2,47.25,46.7,47.0125,187.92,188.05,464631988289.0,2472500000.0,2386,58,-50602984.0,-35470879.0,1000000.0,-16132105.0,188.05,0.0,True,0.0196756181866524,2025-03-04,YUANTA_ETF_NAV_HISTORY,-0.0112994350282484,-0.0206054439074028,-0.0312028183190737,0.014545012017886,-0.0192706940251932,-0.0093483709778184,35.35108958837759,-1.796143368517685,-0.045265493827591,0.204043274427029,0.3580769386717485,0.0088041085840058,0.0192207792207792,0.3526244952893673,0.1052631578947369,-0.7372869314850105,1.0,0.0265822784810125,1,0.0967741935483871,0.0,1.0,2025-03,21,42.503233890573,2025-03-31,0.0875576036866363,False,False,42.503233890573,47.130602096401525,-0.1033423515015893,0.8727751441117594,-0.0160123428770841,46.61385034681626,190.38938168895663,2025-02,all,0c8176dbe460617de3ee512bbcfae6ce17e4220c9cc72d6079e6a13f5aa65f8c,False,all
2025-04-07,158.4,158.4,158.4,158.4,29578872,4685331802,-17.6,110835,0.0,1.0,0.9,870.1067075116347,38.78175258218182,0.2448342966046831,38.78175258218182,38.78175258218182,38.78175258218182,39.6,39.6,39.6,39.6,158.99,158.4,440556517729.0,2771000000.0,2779,439,-8251862.0,-4941377.0,0.0,-3310485.0,158.4,0.0,True,0.0233585858585858,2025-04-08,YUANTA_ETF_NAV_HISTORY,-0.001701644923426,-0.0460704607046068,-0.0700132100396302,-0.1000212634880218,-0.0319165027983663,-0.0778990969287489,41.02112676056336,-1.621872208967197,-0.1270998800709404,0.206887158494879,-0.5102732768289135,-0.001418439716312,0.0210227272727272,0.1207096027767065,3.261904761904762,-0.3554771926525233,1.0,0.0192663949610967,3,0.2333333333333333,0.0,1.0,2025-04,20,37.01894564662809,2025-04-08,0.0476190476190478,False,False,37.01894564662809,43.09083620242424,-0.1518805312927193,0.808660013916628,-0.0187194416218954,42.50316132490816,173.5997036131546,2025-03,all,0c8176dbe460617de3ee512bbcfae6ce17e4220c9cc72d6079e6a13f5aa65f8c,False,all
2025-05-29,181.5,181.7,179.3,179.75,9749184,1754874194,0.4,16687,0.0,1.0,1.0022302759966546,987.384347697072,44.00896481469177,0.244834296604683,44.437424833749965,44.4863916930709,43.89878938121967,45.375,45.425,44.825,44.9375,178.48,179.75,539529995199.0,3023000000.0,2694,318,-2596478.0,-4715510.0,300000.0,1819032.0,179.75,0.0,True,0.0205841446453407,2025-06-02,YUANTA_ETF_NAV_HISTORY,0.00167550963418,-0.0231481481481483,0.0688319427890342,-0.0683116883116891,0.0095551709095,0.0259074767023377,65.51724137931024,0.3627553422828232,-0.0523117569352716,0.1790581678371738,-0.8330747319734896,0.0033005146565228,0.0206300529690549,0.1697866782760122,-0.2094594594594594,-0.2965543651578772,1.0,0.0253358272402652,20,0.935483870967742,-0.587785252292473,-0.8090169943749475,2025-05,20,41.60958870796589,2025-05-06,0.0679611650485432,False,False,44.437424833749965,43.9110310960499,0.0119164497266136,0.2444201021807871,-0.0022785975372671,44.03014488256492,179.83650776532076,2025-04,all,0c8176dbe460617de3ee512bbcfae6ce17e4220c9cc72d6079e6a13f5aa65f8c,True,all
2025-06-30,48.37,48.42,48.24,48.36,60476067,2923441387,0.07,33764,0.0,1.0,1.001449575481466,1062.584857961177,47.36074633520987,0.9793371864187318,47.37053970707405,47.41950656639499,47.24322587283962,48.37,48.42,48.24,48.36,47.84,48.36,637936377631.0,13334000000.0,9494,1343,212354.0,9211656.0,372000.0,-9371302.0,48.36,0.0,True,0.0191273779983457,2025-07-01,YUANTA_ETF_NAV_HISTORY,0.0010364842454393,0.0267914097384647,0.0636563876651978,0.0569630642954848,0.0463393560863567,0.1021224434679155,84.93927125506072,1.5785823548635498,0.0,0.1802197837673354,0.3244809894111888,-0.0053553038105046,0.0191551045765168,-0.0995973926380368,0.8232758620689655,-0.1045855702283408,1.0,0.0024809232041498,16,1.0,0.0,1.0,2025-06,16,43.45808764733123,2025-06-03,0.090028169014084,False,False,47.37053970707405,47.29219273216056,0.0016552869494412,0.1096638319739508,-0.0020787765162399,47.42995486861443,48.43066874858254,2025-05,all,0c8176dbe460617de3ee512bbcfae6ce17e4220c9cc72d6079e6a13f5aa65f8c,True,all
2025-07-31,51.1,51.6,51.1,51.55,83010418,4262147126,0.55,34626,0.0,1.0,1.0107843137254902,1140.687860721279,50.84189560439562,0.9862637362637368,50.39807692307695,50.89120879120882,50.39807692307695,51.1,51.6,51.1,51.55,51.5,51.55,669240825312.0,12994500000.0,7657,578,33622955.0,21117905.0,0.0,12505050.0,51.55,0.0,True,0.0200775945683802,2025-08-01,YUANTA_ETF_NAV_HISTORY,0.0109018830525271,0.0059171597633138,0.055718546128576,0.2290926059026068,0.0228309030180233,0.0915422203634694,69.40786001618457,1.090804895600806,-0.0017355244090337,0.1303686657810333,0.5983165778692471,-0.0031274433150898,0.0202941176470588,0.0181505034446209,0.6956521739130435,0.297566531834678,1.0,-0.0018796992481202,23,1.0,-0.587785252292473,-0.8090169943749475,2025-07,23,47.35095296334568,2025-07-09,0.064351903584497,False,False,50.39807692307695,50.299450549450576,0.0019588644853329,0.0875318631127916,-0.000355138689407,50.53299839230067,51.23680059832154,2025-06,all,0c8176dbe460617de3ee512bbcfae6ce17e4220c9cc72d6079e6a13f5aa65f8c,True,all
2025-08-29,52.8,52.95,52.5,52.5,37614042,1979279914,0.0,28006,0.0,1.0,1.0,1161.709266495968,51.77884615384616,0.9862637362637364,52.07472527472528,52.22266483516485,51.77884615384616,52.8,52.95,52.5,52.5,52.23,52.5,660099673483.0,12639500000.0,6696,573,1165418.0,2902657.0,0.0,-1737239.0,52.5,0.0,True,0.0197142857142857,2025-09-01,YUANTA_ETF_NAV_HISTORY,-0.0094339622641509,0.0096153846153845,0.0184287099903006,0.1791762766988185,0.0023387905111924,0.0574751469248,50.48543689320362,0.1537728413123921,-0.0159325210871607,0.1809335888591163,-0.314715424981517,0.0030569354222391,0.0197142857142857,-0.0305397727272727,0.2388059701492537,-0.470199824162135,1.0,-0.028150698030216,21,0.935483870967742,-0.9510565162951536,0.3090169943749472,2025-08,21,49.954258241758254,2025-08-04,0.0424481737413622,False,False,52.07472527472528,51.77884615384616,0.0056980211146377,0.245048139893198,-0.0021249729885568,51.92727899721059,52.65050015316059,2025-07,all,0c8176dbe460617de3ee512bbcfae6ce17e4220c9cc72d6079e6a13f5aa65f8c,True,all
2025-09-30,57.55,57.9,57.55,57.8,64586624,3728927072,0.55,47696,0.0,1.0,1.0096069868995632,1278.9865829231794,57.00604395604394,0.986263736263736,56.759478021978005,57.10467032967031,56.759478021978005,57.55,57.9,57.55,57.8,57.31,57.8,727277670798.0,12691000000.0,6461,1421,-10173704.0,-10706507.0,0.0,532803.0,57.8,0.0,True,0.0179065743944636,2025-10-01,YUANTA_ETF_NAV_HISTORY,-0.0163230240549827,0.0043859649122808,0.0904761904761903,0.1800022839000326,0.0338600451467268,0.087423875724637,77.46478873239431,0.8395650970244051,-0.0205303678357571,0.1431445588122699,3.501201054066947,0.0054443273621356,0.0180786026200873,0.2032245969253843,0.0619012527634488,-0.5911493308508484,1.0,-0.0006318366702207,21,1.0,0.9510565162951536,0.3090169943749474,2025-09,21,51.18708791208792,2025-09-03,0.1088631984585737,False,False,56.759478021978005,56.46359890109889,0.0052264927335425,0.2385192593560156,-0.0008566888952076,56.69732411617072,57.48698044090849,2025-08,all,0c8176dbe460617de3ee512bbcfae6ce17e4220c9cc72d6079e6a13f5aa65f8c,True,all
2025-10-31,64.6,64.8,64.4,64.75,55956524,3616991558,0.35,44302,0.0,1.0,1.0054347826086956,1432.7747620116936,63.86057692307692,0.9862637362637362,63.71263736263735,63.9098901098901,63.51538461538462,64.6,64.8,64.4,64.75,64.06,64.75,883515058234.0,13791500000.0,7995,1834,-16027851.0,-6054165.0,-152000.0,-9821686.0,64.75,0.0,True,0.0159845559845559,2025-11-03,YUANTA_ETF_NAV_HISTORY,0.0,0.0271132376395537,0.1248908296943231,0.2602739726027392,0.0425351086648591,0.1391845278457502,67.01570680628289,1.4248846783290123,0.0,0.1994451503251877,-0.456701878010745,0.0024906600249068,0.0160714285714285,-0.0082097782134542,0.0737217598097503,-0.4271163772069861,1.0,0.0221816963787264,20,1.0,-0.9510565162951536,0.3090169943749472,2025-10,20,57.10467032967031,2025-10-01,0.1157167530224525,False,False,63.71263736263735,63.51538461538462,0.0031007776782479,0.0925426830079106,-0.001135607839522,63.76051347100101,64.64854290653028,2025-09,all,0c8176dbe460617de3ee512bbcfae6ce17e4220c9cc72d6079e6a13f5aa65f8c,True,all
2025-11-14,61.65,61.9,61.4,61.7,223192943,13766027280,-1.2,277389,0.0,1.0,0.9809220985691576,1365.284985577166,60.85247252747253,0.9862637362637362,60.80315934065933,61.04972527472527,60.5565934065934,61.65,61.9,61.4,61.7,61.39,61.7,883206148719.0,14387000000.0,10032,1572,-169833658.0,-118081818.0,1000000.0,-52751840.0,61.7,0.0,True,0.0167747163695299,2025-11-17,YUANTA_ETF_NAV_HISTORY,-0.004746835443038,-0.0063191153238545,0.0177993527508091,0.1834430856067728,-0.0067506217677945,0.0775006780774008,53.59477124183009,-0.6111080472212749,-0.0285714285714285,0.1782412507876846,-0.6831253734700621,0.0049528678702668,0.0164546899841017,0.060734301727096,0.0252252252252251,-0.6860367652684767,1.0,0.0134287637742267,10,0.4666666666666667,-0.9510565162951536,0.3090169943749472,2025-11,20,59.27445054945056,2025-11-21,0.0257903494176368,False,False,59.27445054945056,62.035989010989006,-0.0455363221652325,0.5024766902691349,-0.0137885317369398,61.49240641929208,62.34884662011788,2025-10,all,0c8176dbe460617de3ee512bbcfae6ce17e4220c9cc72d6079e6a13f5aa65f8c,False,all
2025-12-31,65.1,65.85,64.9,65.6,71868485,4709518474,0.45,52512,0.0,1.0,1.0069071373752876,1451.5833882311522,64.69890109890109,0.9862637362637362,64.20576923076922,64.94546703296702,64.00851648351649,65.1,65.85,64.9,65.6,65.88,65.6,1018446404233.0,15460000000.0,8464,1738,18361490.0,21916908.0,0.0,-3555418.0,65.6,0.0,True,0.0157774390243902,2026-01-02,YUANTA_ETF_NAV_HISTORY,-0.0015325670498084,0.0276025236593062,0.0593495934959349,0.1213425129087784,0.0306913463059643,0.0421776687639972,62.39999999999981,1.9130252219485475,-0.0015325670498084,0.1236092104817221,-0.6008637903850615,0.00184530216823,0.0158864159631619,-0.142362912990832,0.2494654312188169,-0.0488918957105792,1.0,-0.0049536798764796,22,1.0,0.5877852522924732,-0.8090169943749473,2025-12,22,60.9510989010989,2025-12-02,0.0533980582524269,False,False,64.20576923076922,64.25508241758243,-0.0007677543563309,0.1133944037919291,-0.0001455677432442,64.56695827914642,65.46621953651615,2025-11,all,0c8176dbe460617de3ee512bbcfae6ce17e4220c9cc72d6079e6a13f5aa65f8c,True,all
2026-01-30,73.15,73.2,72.3,72.6,175275799,12738811404,-1.15,241546,0.0,1.0,0.9844067796610168,1628.85230190365,72.6,1.0,73.15,73.2,72.3,73.15,73.2,72.3,72.6,72.27,72.6,1151978068228.0,15939500000.0,7371,354,-77383768.0,-63741015.0,1640000.0,-15282753.0,72.6,0.0,True,0.018732782369146,2026-02-02,YUANTA_ETF_NAV_HISTORY,-0.0060646900269543,0.027158774373259,0.1398957130239828,0.169306626651654,0.0447089306463293,0.1400287948044074,82.67479449524325,1.6166447684607963,-0.0060646900269543,0.1771444533293484,0.2956501076954587,0.0025829255029907,0.0184406779661016,-0.0839278765079777,2.207792207792208,-0.3916836641302856,1.0,0.0102274171007494,21,0.967741935483871,-0.9510565162951536,0.3090169943749472,2026-01,21,65.0934065934066,2026-01-02,0.123769730733519,False,False,73.15,73.75000000000001,-0.0081688677537959,0.0940062508179451,-0.0012485854325549,74.02626415872308,74.02626415872308,2025-12,all,0c8176dbe460617de3ee512bbcfae6ce17e4220c9cc72d6079e6a13f5aa65f8c,True,all
2026-02-02,71.55,71.75,70.9,71.5,234325396,16687566456,-1.1,332048,0.0,1.0,0.984848484848485,1604.1727215717767,71.5,1.0,71.55,71.75,70.9,71.55,71.75,70.9,71.5,71.54,71.5,1142777565230.0,15973000000.0,7914,393,-91789732.0,-79109036.0,-1995000.0,-10685696.0,71.5,0.0,True,0.019020979020979,2026-02-03,YUANTA_ETF_NAV_HISTORY,-0.0155932203389832,0.004844290657439,0.0994942802282496,0.1656554562356507,0.0236553541795463,0.1192769014240004,69.87117470339616,0.9914257227986106,-0.0215633423180595,0.1852745916507427,1.5764567861120544,0.004566210045662,0.018732782369146,-0.0005423728813559,1.744186046511628,-0.4414971629939624,1.0,0.0098837393480533,1,0.0714285714285714,0.0,1.0,2026-02,12,71.40000000000002,2026-02-06,0.0021008403361342,False,True,71.40000000000002,72.6,-0.0166670524852113,0.5986362065845457,-0.0142506231502733,71.93060538788778,71.93060538788778,2026-01,all,0c8176dbe460617de3ee512bbcfae6ce17e4220c9cc72d6079e6a13f5aa65f8c,False,all
2026-03-09,73.15,73.6,71.65,73.6,542230074,39488306757,-3.25,658991,0.0,1.0,0.9577098243331164,1651.2882840235343,73.59999999999997,0.9999999999999996,73.14999999999998,73.59999999999997,71.64999999999998,73.15,73.6,71.65,73.6,73.32,73.6,1287413944029.0,17558500000.0,14387,531,-345683513.0,-200178300.0,4948000.0,-150453213.0,73.6,0.0,True,0.0184782608695652,2026-03-10,YUANTA_ETF_NAV_HISTORY,-0.007105943152455,-0.0529882932840422,0.0520191649555095,0.2497246874392691,0.0135513864618019,0.1103979649809339,60.881542699724406,0.3312127029095779,-0.0529882932840422,0.2922855161951576,-0.1901626660157376,0.0019556714471966,0.0176968119713728,0.3705583756345176,-0.1552878179384204,-0.5253542660449488,1.0,0.0462239781188269,6,0.2903225806451613,0.0,1.0,2026-03,22,73.14999999999998,2026-03-09,0.0,True,True,73.14999999999998,76.84999999999998,-0.0493433425184716,0.5595194927062516,-0.01951363088952,75.74173886891417,75.7417388689142,2026-02,all,0c8176dbe460617de3ee512bbcfae6ce17e4220c9cc72d6079e6a13f5aa65f8c,False,all
2026-04-30,91.25,91.9,90.3,90.5,89209769,8111730781,-0.25,125264,0.0,1.0,0.9972451790633609,2030.4563818495903,90.49999999999996,0.9999999999999996,91.24999999999996,91.89999999999996,90.29999999999995,91.25,91.9,90.3,90.5,89.58,90.5,1656794776113.0,18495000000.0,9569,1498,-33440050.0,-26169005.0,0.0,-7271045.0,90.5,0.0,True,0.0150276243093922,2026-05-04,YUANTA_ETF_NAV_HISTORY,-0.0135869565217391,0.0509554140127386,0.2280108254397823,0.2806392147056593,0.0919920582395761,0.1637226300772603,82.04419889502745,1.3098076324588437,-0.0241935483870968,0.3315377116221336,-0.446468850863318,-0.0003304692663582,0.0149862258953168,0.141885766092475,0.0740740740740741,-0.3788209858362879,1.0,-0.0001627427579472,20,1.0,-0.587785252292473,-0.8090169943749475,2026-04,20,75.00000000000001,2026-04-01,0.2166666666666659,False,False,91.24999999999996,90.74999999999996,0.0054945193176407,0.0645404464246695,-0.0016116727845788,91.05687778504084,91.05687778504088,2026-03,all,0c8176dbe460617de3ee512bbcfae6ce17e4220c9cc72d6079e6a13f5aa65f8c,True,all
2026-05-29,103.2,105.4,102.7,105.4,102355526,10636250508,4.9,80065,0.0,1.0,1.0487562189054729,2364.7525154358773,105.4,1.0,103.2,105.4,102.7,103.2,105.4,102.7,105.4,103.54,105.4,1976911160800.0,19092500000.0,9287,1539,27730717.0,15009792.0,5310000.0,7410925.0,105.4,0.0,True,0.0129032258064516,2026-06-01,YUANTA_ETF_NAV_HISTORY,-0.0199902486591907,0.048513302034429,0.1074380165289257,0.2507778469197259,0.042287847753377,0.1799929552659385,59.16230366492138,1.427050405120262,-0.0199902486591907,0.2905686633618122,1.8399548714678935,-0.0060330333300365,0.0135323383084577,-0.087071519255184,0.1391509433962263,-0.3989021794002244,1.0,0.0123125912166643,20,0.935483870967742,-0.9510565162951536,0.3090169943749472,2026-05,20,92.49999999999996,2026-05-04,0.1156756756756762,False,False,103.2,100.49999999999996,0.0265111255483322,0.1237727282067842,-0.001945885900288,100.80615175695054,100.80615175695054,2026-04,all,0c8176dbe460617de3ee512bbcfae6ce17e4220c9cc72d6079e6a13f5aa65f8c,True,all
2026-06-29,103.35,105.35,103.3,104.45,106661221,11134777810,1.35,101519,0.0,1.0,1.013094083414161,2343.438332421987,104.45,1.0,103.35,105.35,103.3,103.35,105.35,103.3,104.45,104.03,104.45,2153602548428.0,20701000000.0,13117,1285,-17699393.0,-21649761.0,6270000.0,-2319632.0,104.45,0.0,True,0.0130205840114887,2026-06-30,YUANTA_ETF_NAV_HISTORY,-0.0382462686567165,-0.0391425908667287,0.0258706467661695,0.3951285520974283,-0.0200085547264861,0.0862827390621026,48.180242634315455,-0.7223075881364135,-0.0724246513720197,0.3724562398515666,0.9898289523348486,0.0012625036418374,0.0131910766246362,0.14078008009751,0.0131904369332234,-0.6742087480427652,1.0,0.0070443205165835,20,0.9666666666666668,0.0,1.0,2026-06,21,98.04999999999995,2026-06-08,0.0540540540540543,False,False,103.35,103.1,0.002421895104863,0.5218293786222128,-0.0014115276675133,103.46934702871448,103.46934702871448,2026-05,all,0c8176dbe460617de3ee512bbcfae6ce17e4220c9cc72d6079e6a13f5aa65f8c,False,all
